gene	probability
A1BG	0.047164
A1CF	0.054022
A2M	0.039728
A2ML1	0.047480
A4GALT	0.045951
A4GNT	0.040000
AAAS	0.048496
AACS	0.043692
AADAC	0.939577
AADACL2	0.044716
AADACL4	0.050302
AADAT	0.048995
AAGAB	0.034421
AAK1	0.047422
AAMDC	0.053511
AAMP	0.042179
AANAT	0.049723
AAR2	0.049188
AARD	0.051450
AARS1	0.093376
AARS2	0.045356
AARSD1	0.046320
AASDH	0.051664
AASDHPPT	0.040828
AASS	0.045230
AATF	0.087749
AATK	0.073985
ABAT	0.051102
ABCA1	0.050046
ABCA10	0.045082
ABCA12	0.042546
ABCA13	0.045471
ABCA2	0.051392
ABCA3	0.051760
ABCA4	0.044147
ABCA5	0.050911
ABCA6	0.048984
ABCA7	0.051109
ABCA8	0.046122
ABCA9	0.052667
ABCB1	0.048771
ABCB10	0.037329
ABCB11	0.055709
ABCB4	0.047995
ABCB5	0.049363
ABCB6	0.042871
ABCB7	0.046822
ABCB8	0.085573
ABCB9	0.048456
ABCC1	0.164298
ABCC10	0.035709
ABCC11	0.047681
ABCC12	0.051111
ABCC2	0.047550
ABCC3	0.057047
ABCC4	0.047813
ABCC5	0.202284
ABCC6	0.062186
ABCC8	0.048553
ABCC9	0.038146
ABCD1	0.070379
ABCD2	0.047558
ABCD3	0.045648
ABCD4	0.046305
ABCE1	0.213179
ABCF1	0.046944
ABCF2	0.052223
ABCF3	0.050420
ABCG1	0.960042
ABCG2	0.049273
ABCG4	0.047430
ABCG5	0.046703
ABCG8	0.052931
ABHD1	0.046669
ABHD10	0.052313
ABHD12	0.048371
ABHD12B	0.106043
ABHD13	0.068491
ABHD14A	0.046704
ABHD14B	0.048602
ABHD15	0.048813
ABHD16A	0.077319
ABHD16B	0.054710
ABHD17A	0.049308
ABHD17B	0.048015
ABHD17C	0.049508
ABHD18	0.049431
ABHD2	0.045430
ABHD3	0.044726
ABHD4	0.043497
ABHD5	0.047623
ABHD6	0.041769
ABHD8	0.047140
ABI1	0.078032
ABI2	0.038601
ABI3	0.050735
ABI3BP	0.051897
ABITRAM	0.046056
ABL1	0.048406
ABL2	0.050698
ABLIM1	0.047382
ABLIM2	0.056468
ABLIM3	0.036344
ABO	0.386474
ABR	0.048611
ABRA	0.063405
ABRAXAS1	0.049447
ABRAXAS2	0.051332
ABT1	0.051419
ABTB1	0.067635
ABTB2	0.047037
ABTB3	0.049188
ACAA1	0.046877
ACAA2	0.047562
ACACA	0.052120
ACACB	0.078265
ACAD10	0.047038
ACAD11	0.037516
ACAD8	0.046502
ACAD9	0.047907
ACADL	0.044916
ACADM	0.041435
ACADS	0.049943
ACADSB	0.051472
ACADVL	0.070208
ACAN	0.040590
ACAP1	0.118663
ACAP2	0.046758
ACAP3	0.047338
ACAT1	0.047922
ACAT2	0.047481
ACBD3	0.047500
ACBD4	0.050233
ACBD5	0.052313
ACBD6	0.056256
ACBD7	0.043601
ACCS	0.036076
ACCSL	0.057327
ACD	0.051068
ACE	0.057199
ACE2	0.051066
ACER1	0.032176
ACER2	0.058532
ACER3	0.048598
ACHE	0.058557
ACIN1	0.933280
ACKR1	0.050456
ACKR2	0.050626
ACKR3	0.065777
ACKR4	0.049256
ACKR5	0.033195
ACLY	0.048110
ACMSD	0.035732
ACO1	0.047351
ACO2	0.048389
ACOT1	0.049624
ACOT11	0.047949
ACOT12	0.047148
ACOT13	0.145171
ACOT2	0.042141
ACOT4	0.043843
ACOT6	0.039220
ACOT7	0.050168
ACOT8	0.049587
ACOT9	0.049358
ACOX1	0.040532
ACOX2	0.045593
ACOX3	0.041840
ACOXL	0.049354
ACP1	0.047811
ACP2	0.963359
ACP3	0.053720
ACP4	0.045758
ACP5	0.046622
ACP6	0.040623
ACP7	0.052060
ACR	0.037139
ACRBP	0.051948
ACRV1	0.077704
ACSBG1	0.042821
ACSBG2	0.048439
ACSF2	0.049449
ACSF3	0.174526
ACSL1	0.051019
ACSL3	0.056194
ACSL4	0.049570
ACSL5	0.047315
ACSL6	0.047831
ACSM1	0.049211
ACSM2A	0.044878
ACSM2B	0.068450
ACSM3	0.048408
ACSM5	0.047240
ACSM6	0.941304
ACSS1	0.040890
ACSS2	0.069904
ACSS3	0.050028
ACTA1	0.053359
ACTA2	0.042562
ACTB	0.072096
ACTBL2	0.050503
ACTC1	0.051626
ACTG1	0.035755
ACTG2	0.074936
ACTL10	0.109045
ACTL6A	0.053500
ACTL6B	0.047411
ACTL7A	0.051838
ACTL7B	0.039757
ACTL8	0.052192
ACTL9	0.049344
ACTMAP	0.053608
ACTN1	0.049297
ACTN2	0.047274
ACTN3	0.048963
ACTN4	0.045990
ACTR10	0.043141
ACTR1A	0.058146
ACTR1B	0.052663
ACTR2	0.066020
ACTR3	0.280489
ACTR3B	0.032929
ACTR5	0.096055
ACTR6	0.048580
ACTRT1	0.046186
ACTRT2	0.037534
ACTRT3	0.047558
ACVR1	0.051894
ACVR1B	0.048879
ACVR1C	0.046538
ACVR2A	0.041303
ACVR2B	0.050460
ACVRL1	0.049493
ACY1	0.050479
ACY3	0.045345
ACYP1	0.049460
ACYP2	0.037646
ADA	0.051053
ADA2	0.045850
ADAD1	0.036007
ADAD2	0.040285
ADAM10	0.054123
ADAM11	0.043663
ADAM12	0.047146
ADAM15	0.045878
ADAM17	0.047640
ADAM18	0.057468
ADAM19	0.049311
ADAM2	0.056468
ADAM20	0.058637
ADAM21	0.081120
ADAM22	0.070014
ADAM23	0.048042
ADAM28	0.041232
ADAM29	0.045218
ADAM30	0.093235
ADAM32	0.046423
ADAM33	0.052909
ADAM7	0.049076
ADAM8	0.082948
ADAM9	0.054426
ADAMDEC1	0.048678
ADAMTS1	0.049886
ADAMTS10	0.068277
ADAMTS12	0.054203
ADAMTS13	0.037550
ADAMTS14	0.052123
ADAMTS15	0.034762
ADAMTS16	0.051097
ADAMTS17	0.065100
ADAMTS18	0.056348
ADAMTS19	0.033578
ADAMTS2	0.052803
ADAMTS20	0.048239
ADAMTS3	0.049853
ADAMTS4	0.048577
ADAMTS5	0.046657
ADAMTS6	0.053098
ADAMTS7	0.042481
ADAMTS8	0.045077
ADAMTS9	0.046214
ADAMTSL1	0.062321
ADAMTSL2	0.060945
ADAMTSL3	0.051391
ADAMTSL4	0.052678
ADAMTSL5	0.059211
ADAP1	0.037032
ADAP2	0.048432
ADAR	0.051179
ADARB1	0.050734
ADARB2	0.075985
ADAT1	0.047779
ADAT2	0.045991
ADAT3	0.040946
ADCK1	0.038440
ADCK2	0.048775
ADCK5	0.063263
ADCY1	0.061147
ADCY10	0.044899
ADCY2	0.048157
ADCY3	0.042469
ADCY4	0.032867
ADCY5	0.048252
ADCY6	0.193059
ADCY7	0.047789
ADCY8	0.045676
ADCY9	0.194078
ADCYAP1	0.043710
ADCYAP1R1	0.048741
ADD1	0.040594
ADD2	0.050537
ADD3	0.053209
ADGRA1	0.050801
ADGRA2	0.049196
ADGRA3	0.048139
ADGRB1	0.555412
ADGRB2	0.060891
ADGRB3	0.047925
ADGRD1	0.043658
ADGRD2	0.049098
ADGRE1	0.048007
ADGRE2	0.045462
ADGRE3	0.042623
ADGRE5	0.047886
ADGRF1	0.048113
ADGRF3	0.055055
ADGRF4	0.049405
ADGRF5	0.057450
ADGRG1	0.046411
ADGRG2	0.055393
ADGRG3	0.050123
ADGRG4	0.050312
ADGRG5	0.049543
ADGRG6	0.048125
ADGRG7	0.058605
ADGRL1	0.046373
ADGRL2	0.047464
ADGRL3	0.048135
ADGRL4	0.037400
ADGRV1	0.050097
ADH1A	0.037807
ADH1B	0.048213
ADH1C	0.063278
ADH4	0.052021
ADH5	0.434308
ADH6	0.048204
ADH7	0.048499
ADHFE1	0.047846
ADI1	0.048445
ADIG	0.039568
ADIPOQ	0.301338
ADIPOR1	0.061340
ADIPOR2	0.042186
ADISSP	0.044141
ADK	0.049093
ADM	0.106755
ADM2	0.062721
ADNP	0.047163
ADNP2	0.057338
ADO	0.036669
ADORA1	0.049526
ADORA2A	0.048782
ADORA2B	0.044329
ADORA3	0.048045
ADPGK	0.052334
ADPRH	0.077268
ADPRHL1	0.052174
ADPRM	0.048232
ADPRS	0.059858
ADRA1A	0.046438
ADRA1B	0.083339
ADRA1D	0.049163
ADRA2A	0.048043
ADRA2B	0.043229
ADRA2C	0.052674
ADRB1	0.049962
ADRB2	0.050178
ADRB3	0.047567
ADRM1	0.050107
ADSL	0.126247
ADSS1	0.061766
ADSS2	0.055901
ADTRP	0.891119
AEBP1	0.093713
AEBP2	0.044621
AEN	0.050370
AFAP1	0.046341
AFAP1L1	0.071209
AFAP1L2	0.050069
AFDN	0.046322
AFF1	0.056364
AFF2	0.048270
AFF3	0.048970
AFF4	0.049114
AFG1L	0.045974
AFG2A	0.047554
AFG2B	0.045409
AFG3L2	0.050503
AFM	0.040661
AFMID	0.056539
AFP	0.046659
AFTPH	0.049711
AGA	0.036107
AGAP1	0.058676
AGAP2	0.049821
AGAP3	0.033124
AGAP4	0.039391
AGAP6	0.047774
AGBL1	0.048459
AGBL2	0.062769
AGBL3	0.153343
AGBL4	0.046465
AGBL5	0.049494
AGER	0.044259
AGFG1	0.054476
AGFG2	0.046917
AGGF1	0.051014
AGK	0.054181
AGL	0.048228
AGMAT	0.050951
AGMO	0.046064
AGO1	0.046802
AGO2	0.049754
AGO3	0.048197
AGO4	0.273454
AGPAT1	0.044472
AGPAT2	0.048832
AGPAT3	0.918497
AGPAT4	0.053383
AGPAT5	0.046062
AGPS	0.045142
AGR2	0.051398
AGR3	0.049936
AGRN	0.063516
AGRP	0.047772
AGT	0.062773
AGTPBP1	0.043816
AGTR1	0.054965
AGTR2	0.051433
AGTRAP	0.037901
AGXT	0.051648
AGXT2	0.077313
AHCTF1	0.051580
AHCY	0.046013
AHCYL1	0.044556
AHCYL2	0.058729
AHDC1	0.040708
AHI1	0.047189
AHNAK	0.040726
AHR	0.047159
AHRR	0.040407
AHSA1	0.050611
AHSG	0.045882
AHSP	0.050375
AICDA	0.050464
AIDA	0.050826
AIF1	0.039738
AIF1L	0.040530
AIFM1	0.053159
AIFM2	0.083983
AIFM3	0.039109
AIG1	0.040386
AIM2	0.045609
AIMP1	0.060126
AIMP2	0.041527
AIP	0.050350
AIPL1	0.047689
AIRE	0.062376
AIRIM	0.117389
AJAP1	0.079194
AJM1	0.046477
AJUBA	0.038294
AK1	0.048690
AK2	0.047296
AK3	0.048569
AK4	0.041241
AK5	0.036653
AK7	0.053196
AK8	0.038041
AK9	0.049244
AKAP1	0.037383
AKAP10	0.049738
AKAP11	0.035727
AKAP12	0.047150
AKAP13	0.059084
AKAP14	0.046377
AKAP17A	0.043937
AKAP19	0.045371
AKAP3	0.051393
AKAP4	0.043776
AKAP5	0.047269
AKAP6	0.042617
AKAP7	0.045763
AKAP8	0.040303
AKAP8L	0.034678
AKAP9	0.047645
AKIP1	0.051845
AKIRIN1	0.042984
AKIRIN2	0.043292
AKNA	0.046045
AKNAD1	0.052011
AKR1A1	0.048473
AKR1B1	0.067187
AKR1B10	0.065955
AKR1B15	0.046440
AKR1C1	0.080587
AKR1C2	0.049194
AKR1C3	0.043417
AKR1C4	0.043838
AKR1C8	0.049269
AKR1D1	0.046064
AKR1E2	0.044435
AKR7A2	0.048053
AKR7A3	0.056516
AKR7L	0.054176
AKT1	0.049228
AKT1S1	0.040078
AKT2	0.035318
AKT3	0.049634
AKTIP	0.035778
ALAD	0.048414
ALAS1	0.038470
ALAS2	0.923821
ALB	0.050723
ALCAM	0.048926
ALDH16A1	0.043590
ALDH18A1	0.167067
ALDH1A1	0.037752
ALDH1A2	0.045589
ALDH1A3	0.081132
ALDH1B1	0.059585
ALDH1L1	0.038757
ALDH1L2	0.045383
ALDH2	0.052140
ALDH3A1	0.055321
ALDH3A2	0.054845
ALDH3B1	0.042777
ALDH3B2	0.040409
ALDH4A1	0.046818
ALDH5A1	0.043361
ALDH6A1	0.048975
ALDH7A1	0.043692
ALDH8A1	0.046177
ALDH9A1	0.048633
ALDOA	0.139849
ALDOB	0.044987
ALDOC	0.046013
ALG1	0.033657
ALG10	0.049479
ALG10B	0.053388
ALG11	0.046212
ALG12	0.055298
ALG13	0.048427
ALG14	0.039343
ALG2	0.093731
ALG3	0.042484
ALG5	0.054185
ALG6	0.042772
ALG8	0.045097
ALG9	0.052931
ALK	0.040591
ALKAL1	0.054529
ALKAL2	0.032481
ALKBH1	0.046738
ALKBH2	0.048407
ALKBH3	0.047207
ALKBH4	0.078123
ALKBH5	0.046418
ALKBH6	0.054851
ALKBH7	0.076546
ALKBH8	0.050938
ALLC	0.057306
ALMS1	0.039256
ALOX12	0.045585
ALOX12B	0.040568
ALOX15	0.049189
ALOX15B	0.080478
ALOX5	0.050579
ALOX5AP	0.045491
ALOXE3	0.059001
ALPG	0.037986
ALPI	0.049616
ALPK1	0.045680
ALPK2	0.050986
ALPK3	0.044415
ALPL	0.050255
ALPP	0.054622
ALS2	0.048217
ALS2CL	0.046628
ALX1	0.048453
ALX3	0.048850
ALX4	0.050318
ALYREF	0.946339
AMACR	0.056717
AMBN	0.052679
AMBP	0.050313
AMBRA1	0.047290
AMD1	0.093515
AMDHD1	0.049139
AMDHD2	0.069097
AMELX	0.047964
AMELY	0.048321
AMER1	0.044481
AMER2	0.069190
AMER3	0.046692
AMFR	0.045937
AMHR2	0.049137
AMIGO1	0.046606
AMIGO2	0.071272
AMIGO3	0.051279
AMMECR1	0.051255
AMMECR1L	0.051471
AMN	0.050082
AMN1	0.054484
AMOT	0.047546
AMOTL1	0.045592
AMOTL2	0.048381
AMPD1	0.048158
AMPD2	0.062537
AMPD3	0.049874
AMPH	0.048493
AMT	0.045807
AMTN	0.052179
AMY1A	0.808172
AMY1B	0.045063
AMY1C	0.048293
AMY2A	0.046887
AMY2B	0.052720
AMZ1	0.047961
AMZ2	0.045735
ANAPC1	0.046683
ANAPC10	0.043868
ANAPC11	0.043847
ANAPC13	0.048964
ANAPC15	0.049807
ANAPC16	0.034168
ANAPC2	0.097001
ANAPC4	0.052296
ANAPC5	0.048729
ANAPC7	0.037053
ANG	0.097792
ANGEL1	0.056978
ANGEL2	0.048421
ANGPT1	0.045963
ANGPT2	0.046806
ANGPT4	0.048667
ANGPTL1	0.047018
ANGPTL2	0.076372
ANGPTL3	0.050997
ANGPTL4	0.081558
ANGPTL5	0.046437
ANGPTL6	0.042394
ANGPTL7	0.054351
ANGPTL8	0.063128
ANK1	0.065790
ANK2	0.054014
ANK3	0.051168
ANKAR	0.053519
ANKDD1A	0.050488
ANKEF1	0.045868
ANKFN1	0.050851
ANKFY1	0.044971
ANKH	0.048373
ANKHD1	0.048417
ANKIB1	0.047854
ANKK1	0.047169
ANKLE1	0.045883
ANKMY1	0.050343
ANKMY2	0.047582
ANKRA2	0.050081
ANKRD1	0.071290
ANKRD10	0.047703
ANKRD11	0.047176
ANKRD12	0.055435
ANKRD13A	0.036614
ANKRD13B	0.050830
ANKRD13C	0.050204
ANKRD13D	0.042052
ANKRD16	0.052448
ANKRD17	0.049762
ANKRD2	0.050791
ANKRD20A1	0.049497
ANKRD22	0.048782
ANKRD23	0.049712
ANKRD24	0.047083
ANKRD26	0.043015
ANKRD27	0.051339
ANKRD28	0.041191
ANKRD29	0.032221
ANKRD30A	0.044303
ANKRD33	0.070247
ANKRD34A	0.050612
ANKRD34B	0.043929
ANKRD35	0.041990
ANKRD36	0.046281
ANKRD36B	0.039656
ANKRD37	0.050797
ANKRD39	0.032077
ANKRD40	0.053996
ANKRD42	0.048683
ANKRD44	0.050081
ANKRD45	0.038799
ANKRD46	0.054597
ANKRD49	0.060192
ANKRD50	0.046647
ANKRD53	0.034001
ANKRD54	0.062656
ANKRD55	0.051962
ANKRD6	0.050049
ANKRD7	0.050923
ANKRD9	0.048460
ANKS1A	0.052203
ANKS1B	0.061693
ANKS3	0.045609
ANKS4B	0.043907
ANKS6	0.052016
ANKZF1	0.049847
ANLN	0.783546
ANO1	0.048954
ANO10	0.074521
ANO2	0.049946
ANO3	0.035227
ANO4	0.051091
ANO5	0.048371
ANO6	0.053798
ANO7	0.047096
ANO8	0.058055
ANO9	0.043941
ANOS1	0.057257
ANP32A	0.046438
ANP32B	0.047841
ANP32D	0.039223
ANP32E	0.046759
ANPEP	0.054068
ANTKMT	0.047854
ANTXR1	0.049979
ANTXR2	0.045189
ANXA1	0.040842
ANXA10	0.122292
ANXA11	0.052273
ANXA13	0.045811
ANXA2	0.081257
ANXA2R	0.063142
ANXA3	0.046958
ANXA4	0.045089
ANXA5	0.071694
ANXA6	0.047661
ANXA7	0.049911
ANXA8	0.102443
ANXA8L1	0.045940
ANXA9	0.103662
AOAH	0.046690
AOC1	0.039537
AOC2	0.050703
AOC3	0.046971
AOPEP	0.033909
AOX1	0.087150
AP1AR	0.067652
AP1B1	0.050706
AP1G1	0.035820
AP1G2	0.046156
AP1M1	0.046013
AP1M2	0.038712
AP1S1	0.049290
AP1S2	0.048925
AP1S3	0.050885
AP2A1	0.048991
AP2A2	0.070152
AP2B1	0.042592
AP2M1	0.039731
AP2S1	0.038774
AP3B1	0.046768
AP3B2	0.057714
AP3D1	0.050074
AP3M1	0.042612
AP3M2	0.046732
AP3S1	0.037369
AP3S2	0.049873
AP4B1	0.051561
AP4E1	0.048284
AP4M1	0.048647
AP4S1	0.048466
AP5B1	0.046048
AP5M1	0.096480
AP5S1	0.039903
AP5Z1	0.045896
APAF1	0.048759
APBA1	0.047454
APBA2	0.053332
APBA3	0.038615
APBB1	0.047756
APBB1IP	0.040311
APBB2	0.045926
APBB3	0.048875
APC	0.050242
APC2	0.046470
APCDD1	0.051217
APCDD1L	0.049770
APCS	0.047888
APEH	0.060808
APEX1	0.048080
APEX2	0.081055
APH1A	0.052976
APH1B	0.046487
API5	0.050382
APIP	0.045721
APLF	0.048263
APLN	0.052398
APLNR	0.043656
APLP1	0.049509
APLP2	0.049871
APMAP	0.049819
APOA1	0.046773
APOA2	0.050514
APOA4	0.047785
APOA5	0.043733
APOB	0.050253
APOBEC1	0.047841
APOBEC2	0.054093
APOBEC3A	0.097243
APOBEC3B	0.048267
APOBEC3C	0.092193
APOBEC3D	0.080457
APOBEC3G	0.037093
APOBEC3H	0.057024
APOBEC4	0.052249
APOBR	0.054215
APOC1	0.122286
APOC2	0.051452
APOC3	0.050275
APOC4	0.048049
APOD	0.051252
APOE	0.171393
APOF	0.052171
APOH	0.293800
APOL1	0.051179
APOL2	0.061115
APOL3	0.067248
APOL4	0.050492
APOL5	0.053796
APOL6	0.053029
APOLD1	0.053388
APOM	0.079188
APOO	0.053126
APOOL	0.047453
APP	0.043689
APPBP2	0.054282
APPL1	0.049266
APPL2	0.045240
APRT	0.066467
APTX	0.048858
AQP1	0.045903
AQP10	0.054909
AQP11	0.057992
AQP12A	0.048469
AQP2	0.053411
AQP3	0.051910
AQP4	0.048843
AQP5	0.089797
AQP6	0.048953
AQP7	0.047378
AQP8	0.035961
AQP9	0.044708
AQR	0.069383
AR	0.040945
ARAF	0.088115
ARAP1	0.047609
ARAP2	0.054830
ARAP3	0.036845
ARB2A	0.048983
ARC	0.047308
ARCN1	0.915608
AREG	0.049523
AREL1	0.047618
ARF1	0.047118
ARF3	0.044891
ARF4	0.046991
ARF5	0.046737
ARF6	0.077385
ARFGAP1	0.049806
ARFGAP2	0.044798
ARFGAP3	0.071813
ARFGEF1	0.043695
ARFGEF2	0.053461
ARFGEF3	0.048500
ARFIP1	0.050893
ARFIP2	0.039204
ARFRP1	0.048668
ARG1	0.045349
ARG2	0.046702
ARGFX	0.053227
ARGLU1	0.047370
ARHGAP1	0.047248
ARHGAP10	0.045475
ARHGAP11A	0.048910
ARHGAP11B	0.051357
ARHGAP12	0.052324
ARHGAP15	0.047603
ARHGAP17	0.048377
ARHGAP18	0.057628
ARHGAP19	0.048573
ARHGAP20	0.085530
ARHGAP21	0.052510
ARHGAP22	0.037602
ARHGAP24	0.057792
ARHGAP25	0.042618
ARHGAP26	0.046036
ARHGAP27	0.044489
ARHGAP28	0.052377
ARHGAP29	0.045714
ARHGAP30	0.045411
ARHGAP31	0.049669
ARHGAP32	0.050988
ARHGAP33	0.102948
ARHGAP35	0.051754
ARHGAP36	0.941601
ARHGAP4	0.038893
ARHGAP42	0.051452
ARHGAP44	0.048440
ARHGAP45	0.052090
ARHGAP5	0.049118
ARHGAP6	0.051396
ARHGAP8	0.043105
ARHGAP9	0.044924
ARHGDIA	0.050019
ARHGDIB	0.047842
ARHGDIG	0.041202
ARHGEF1	0.049190
ARHGEF10	0.048107
ARHGEF10L	0.054539
ARHGEF11	0.048601
ARHGEF12	0.047818
ARHGEF15	0.048781
ARHGEF16	0.048710
ARHGEF17	0.056799
ARHGEF18	0.052499
ARHGEF19	0.044792
ARHGEF2	0.084315
ARHGEF25	0.049858
ARHGEF26	0.087759
ARHGEF28	0.048367
ARHGEF3	0.032473
ARHGEF35	0.040904
ARHGEF37	0.049226
ARHGEF39	0.051625
ARHGEF4	0.050948
ARHGEF5	0.036179
ARHGEF6	0.045092
ARHGEF7	0.044518
ARHGEF9	0.040753
ARID1A	0.357891
ARID1B	0.050890
ARID2	0.054614
ARID3A	0.055276
ARID3B	0.048155
ARID3C	0.049995
ARID4A	0.073400
ARID4B	0.054853
ARID5A	0.033098
ARID5B	0.048851
ARIH1	0.044800
ARIH2	0.054883
ARK2C	0.058429
ARK2N	0.047064
ARL1	0.048187
ARL10	0.047412
ARL11	0.040607
ARL13A	0.043054
ARL13B	0.051740
ARL14	0.042165
ARL14EP	0.046572
ARL15	0.047967
ARL16	0.046629
ARL17A	0.052757
ARL17B	0.046496
ARL2	0.048263
ARL2BP	0.038557
ARL3	0.050429
ARL4A	0.046112
ARL4C	0.045083
ARL4D	0.967030
ARL5A	0.059623
ARL5B	0.043386
ARL6	0.050005
ARL6IP1	0.046581
ARL6IP4	0.041425
ARL6IP5	0.048578
ARL6IP6	0.050458
ARL8A	0.052423
ARL8B	0.046511
ARL9	0.046669
ARLN	0.047660
ARMC1	0.052816
ARMC10	0.051363
ARMC12	0.052678
ARMC2	0.042904
ARMC3	0.047461
ARMC5	0.046614
ARMC6	0.046484
ARMC7	0.055957
ARMC8	0.055148
ARMC9	0.047160
ARMCX1	0.047614
ARMCX2	0.045980
ARMCX3	0.045130
ARMCX5	0.037718
ARMCX6	0.058017
ARMH3	0.046466
ARMH4	0.046809
ARNT	0.058761
ARNT2	0.041869
ARPC1A	0.151966
ARPC1B	0.040861
ARPC2	0.941207
ARPC3	0.140477
ARPC4	0.051197
ARPC5	0.057592
ARPC5L	0.042293
ARPIN	0.047205
ARPP19	0.046772
ARPP21	0.047774
ARR3	0.046680
ARRB1	0.091795
ARRB2	0.049452
ARRDC1	0.043346
ARRDC2	0.277701
ARRDC3	0.051559
ARRDC4	0.036196
ARRDC5	0.050196
ARSA	0.046132
ARSB	0.099058
ARSD	0.049440
ARSF	0.050785
ARSG	0.051495
ARSH	0.048494
ARSI	0.037428
ARSJ	0.050881
ARSK	0.059620
ARSL	0.046475
ART1	0.036230
ART3	0.048373
ART4	0.068716
ART5	0.042106
ARTN	0.125278
ARV1	0.047028
ARVCF	0.041463
ARX	0.046968
AS3MT	0.059211
ASAH1	0.053978
ASAH2	0.051459
ASAH2B	0.050200
ASAP1	0.044242
ASAP2	0.040918
ASAP3	0.040319
ASB1	0.050755
ASB10	0.037857
ASB11	0.043352
ASB12	0.046581
ASB13	0.051376
ASB14	0.076734
ASB15	0.050000
ASB16	0.048984
ASB17	0.042238
ASB18	0.051805
ASB2	0.043634
ASB3	0.088936
ASB4	0.048212
ASB5	0.046785
ASB6	0.047095
ASB7	0.046879
ASB8	0.048880
ASB9	0.046540
ASCC1	0.046870
ASCC2	0.047305
ASCC3	0.083731
ASCL1	0.051497
ASCL2	0.052900
ASCL3	0.041254
ASCL4	0.047604
ASF1A	0.050396
ASF1B	0.049796
ASGR1	0.935117
ASGR2	0.052820
ASH1L	0.057873
ASH2L	0.048280
ASIC1	0.048145
ASIC2	0.095726
ASIC3	0.047628
ASIC4	0.043493
ASIC5	0.058980
ASIP	0.081506
ASL	0.055004
ASMT	0.042759
ASMTL	0.044812
ASNS	0.051959
ASNSD1	0.041297
ASPA	0.085000
ASPDH	0.043302
ASPG	0.049339
ASPH	0.048357
ASPHD1	0.910311
ASPHD2	0.050412
ASPM	0.045587
ASPN	0.037544
ASPSCR1	0.033728
ASRGL1	0.049429
ASS1	0.045311
ASTE1	0.055315
ASTL	0.050091
ASTN1	0.049061
ASTN2	0.049878
ASXL1	0.050900
ASXL2	0.064065
ASZ1	0.048492
ATAD1	0.045407
ATAD2	0.046610
ATAD3A	0.047355
ATAD3B	0.038756
ATAD3C	0.050252
ATAD5	0.062633
ATAT1	0.049013
ATCAY	0.049789
ATE1	0.052853
ATF1	0.053912
ATF2	0.051195
ATF3	0.036508
ATF4	0.089599
ATF5	0.049943
ATF6	0.046737
ATF6B	0.048470
ATF7	0.052934
ATF7IP	0.056633
ATF7IP2	0.051773
ATG10	0.048222
ATG101	0.051264
ATG12	0.050750
ATG13	0.048609
ATG14	0.045706
ATG16L1	0.072958
ATG16L2	0.044884
ATG2A	0.084526
ATG2B	0.033430
ATG4A	0.091094
ATG4B	0.236911
ATG4C	0.045322
ATG4D	0.112553
ATG5	0.048792
ATG7	0.047700
ATG9A	0.045920
ATG9B	0.044373
ATIC	0.040823
ATL1	0.051234
ATL2	0.047304
ATL3	0.046167
ATM	0.047207
ATMIN	0.046925
ATN1	0.051658
ATOH1	0.048866
ATOH7	0.045859
ATOH8	0.049204
ATOSA	0.049195
ATOSB	0.046599
ATOX1	0.044865
ATP10A	0.046093
ATP10B	0.045620
ATP10D	0.058628
ATP11A	0.044424
ATP11B	0.051731
ATP11C	0.053868
ATP12A	0.034256
ATP13A1	0.066710
ATP13A2	0.050427
ATP13A3	0.046658
ATP13A4	0.048136
ATP13A5	0.048936
ATP1A1	0.579609
ATP1A2	0.045484
ATP1A3	0.048801
ATP1A4	0.047189
ATP1B1	0.050933
ATP1B2	0.047732
ATP1B3	0.384478
ATP1B4	0.048659
ATP23	0.038046
ATP2A1	0.048233
ATP2A2	0.038231
ATP2A3	0.051721
ATP2B1	0.059135
ATP2B2	0.048136
ATP2B3	0.046656
ATP2B4	0.343170
ATP2C1	0.042000
ATP2C2	0.049487
ATP4A	0.049247
ATP4B	0.035851
ATP5F1A	0.043225
ATP5F1B	0.049101
ATP5F1C	0.047826
ATP5F1D	0.047428
ATP5F1E	0.050531
ATP5IF1	0.049556
ATP5MC1	0.033683
ATP5MC2	0.047289
ATP5MC3	0.052464
ATP5ME	0.046961
ATP5MG	0.036175
ATP5MJ	0.079322
ATP5MK	0.049193
ATP5PB	0.043626
ATP5PD	0.052686
ATP5PF	0.051649
ATP5PO	0.071574
ATP6AP1	0.047950
ATP6AP2	0.047718
ATP6V0A1	0.051910
ATP6V0A2	0.046684
ATP6V0A4	0.504535
ATP6V0B	0.054343
ATP6V0C	0.049064
ATP6V0D1	0.075476
ATP6V0D2	0.050972
ATP6V0E1	0.044799
ATP6V0E2	0.048922
ATP6V1A	0.050674
ATP6V1B1	0.094488
ATP6V1B2	0.839689
ATP6V1C1	0.094207
ATP6V1C2	0.045883
ATP6V1D	0.049558
ATP6V1E1	0.049970
ATP6V1E2	0.048176
ATP6V1F	0.047293
ATP6V1G1	0.081457
ATP6V1G2	0.044514
ATP6V1G3	0.039164
ATP6V1H	0.079961
ATP7A	0.054301
ATP7B	0.773117
ATP8A1	0.050977
ATP8A2	0.048409
ATP8B1	0.047479
ATP8B2	0.937947
ATP8B3	0.038411
ATP8B4	0.047433
ATP9A	0.050904
ATP9B	0.045031
ATPAF1	0.060471
ATPAF2	0.052601
ATPSCKMT	0.048825
ATR	0.046338
ATRAID	0.048287
ATRN	0.047357
ATRNL1	0.823010
ATRX	0.059398
ATXN1	0.058336
ATXN10	0.049806
ATXN2	0.044640
ATXN2L	0.051378
ATXN3	0.052569
ATXN7	0.049444
ATXN7L1	0.048003
ATXN7L2	0.049438
ATXN7L3B	0.047550
AUH	0.048208
AUNIP	0.050030
AUP1	0.046556
AURKA	0.070867
AURKAIP1	0.057828
AURKB	0.436488
AURKC	0.046734
AUTS2	0.036503
AVEN	0.051915
AVIL	0.048784
AVL9	0.048618
AVP	0.047918
AVPI1	0.048073
AVPR1A	0.051139
AVPR1B	0.044270
AVPR2	0.049454
AWAT1	0.062987
AWAT2	0.045827
AXDND1	0.044430
AXIN1	0.036803
AXIN2	0.047058
AXL	0.044386
AZGP1	0.132673
AZI2	0.050881
AZIN1	0.047812
AZIN2	0.043210
AZU1	0.059575
B2M	0.046540
B3GALNT1	0.046231
B3GALNT2	0.045318
B3GALT1	0.050068
B3GALT2	0.048234
B3GALT4	0.040655
B3GALT5	0.043480
B3GALT6	0.049787
B3GAT1	0.047772
B3GAT2	0.044823
B3GAT3	0.057762
B3GLCT	0.754978
B3GNT2	0.053303
B3GNT3	0.048204
B3GNT4	0.957493
B3GNT5	0.087395
B3GNT6	0.034574
B3GNT7	0.081862
B3GNT8	0.058694
B3GNT9	0.044893
B4GALNT1	0.059777
B4GALNT2	0.076679
B4GALNT3	0.046693
B4GALNT4	0.048517
B4GALT1	0.058878
B4GALT2	0.046153
B4GALT3	0.060586
B4GALT4	0.036418
B4GALT5	0.048104
B4GALT6	0.034847
B4GALT7	0.097614
B4GAT1	0.048837
B9D1	0.046465
B9D2	0.042876
BAALC	0.050590
BAAT	0.038092
BABAM1	0.049824
BABAM2	0.045315
BACC1	0.046755
BACE1	0.043093
BACE2	0.048230
BACH1	0.052688
BACH2	0.037435
BAD	0.058055
BAG1	0.049672
BAG2	0.045133
BAG3	0.060942
BAG4	0.048233
BAG5	0.049595
BAG6	0.050383
BAGE3	0.050959
BAGE4	0.050708
BAGE5	0.037583
BAHCC1	0.045245
BAHD1	0.048559
BAIAP2	0.047160
BAIAP2L1	0.046084
BAIAP2L2	0.047805
BAIAP3	0.318007
BAK1	0.049617
BAMBI	0.037616
BANF1	0.046538
BANF2	0.039757
BANK1	0.044996
BANP	0.057788
BAP1	0.047548
BARD1	0.055530
BARHL1	0.052096
BARHL2	0.055067
BARX1	0.053807
BARX2	0.053156
BASP1	0.045000
BATF	0.049478
BATF2	0.047473
BATF3	0.052101
BAX	0.047201
BAZ1A	0.111333
BAZ1B	0.050273
BAZ2A	0.048303
BAZ2B	0.046366
BBC3	0.050413
BBLN	0.051448
BBOF1	0.054220
BBOX1	0.051308
BBS1	0.046833
BBS10	0.053098
BBS12	0.048504
BBS2	0.048276
BBS4	0.062556
BBS5	0.044150
BBS7	0.048958
BBS9	0.047552
BBX	0.048099
BCAM	0.040847
BCAN	0.041030
BCAP29	0.049136
BCAP31	0.048391
BCAR1	0.049529
BCAR3	0.048333
BCAS1	0.045716
BCAS2	0.056210
BCAS3	0.044583
BCAS4	0.049323
BCAT1	0.045907
BCAT2	0.035236
BCCIP	0.059880
BCDIN3D	0.043886
BCHE	0.052978
BCKDHA	0.046224
BCKDHB	0.055444
BCKDK	0.042592
BCL10	0.080375
BCL11A	0.041298
BCL11B	0.031473
BCL2	0.888474
BCL2A1	0.050091
BCL2L1	0.047495
BCL2L10	0.042590
BCL2L12	0.046809
BCL2L13	0.045386
BCL2L14	0.072905
BCL2L15	0.049681
BCL2L2	0.054898
BCL3	0.096191
BCL6	0.049294
BCL6B	0.048019
BCL7A	0.048051
BCL7B	0.095973
BCL7C	0.045837
BCL9	0.068643
BCL9L	0.204862
BCLAF1	0.044652
BCLAF3	0.046962
BCO1	0.050972
BCO2	0.049976
BCOR	0.050443
BCORL1	0.043537
BCR	0.050059
BCS1L	0.048607
BDH1	0.061354
BDH2	0.049313
BDKRB1	0.048937
BDKRB2	0.039163
BDNF	0.045098
BDP1	0.084436
BEAN1	0.037138
BECN1	0.044182
BEGAIN	0.043617
BEND2	0.047618
BEND3	0.102391
BEND4	0.037875
BEND5	0.047211
BEND6	0.044523
BEND7	0.037454
BEST1	0.047085
BEST2	0.050482
BEST3	0.048502
BEST4	0.049306
BET1	0.051108
BET1L	0.049012
BEX1	0.052014
BEX2	0.044342
BEX3	0.046332
BEX4	0.055336
BEX5	0.048416
BFAR	0.047915
BFSP1	0.123940
BFSP2	0.050464
BGLAP	0.045038
BGN	0.071858
BHLHA15	0.041003
BHLHE22	0.065181
BHLHE23	0.041400
BHLHE40	0.942631
BHLHE41	0.048587
BHMT	0.043210
BHMT2	0.051331
BICC1	0.042836
BICD1	0.044337
BICD2	0.051649
BICDL1	0.048632
BICRA	0.048402
BICRAL	0.049948
BID	0.045958
BIK	0.048891
BIN1	0.047372
BIN2	0.035306
BIN3	0.176485
BIRC2	0.042696
BIRC3	0.045893
BIRC5	0.052136
BIRC6	0.047403
BIRC7	0.044922
BIVM	0.050019
BKGD	0.056620
BLCAP	0.038395
BLID	0.052955
BLK	0.043885
BLM	0.047051
BLMH	0.033711
BLNK	0.088973
BLOC1S1	0.049871
BLOC1S2	0.049489
BLOC1S3	0.047580
BLOC1S4	0.044732
BLOC1S5	0.047971
BLOC1S6	0.035589
BLTP2	0.048868
BLTP3A	0.053160
BLTP3B	0.046471
BLVRA	0.053687
BLVRB	0.044195
BLZF1	0.037956
BMAL1	0.041258
BMAL2	0.084331
BMERB1	0.047868
BMF	0.037378
BMI1	0.051521
BMP1	0.051042
BMP10	0.059255
BMP15	0.050235
BMP2	0.035255
BMP2K	0.046055
BMP3	0.916518
BMP4	0.046215
BMP5	0.054522
BMP6	0.041564
BMP7	0.047673
BMP8A	0.043557
BMP8B	0.059738
BMPER	0.059483
BMPR1A	0.044635
BMPR1B	0.050210
BMPR2	0.047103
BMS1	0.067833
BMX	0.056314
BNC1	0.039728
BNC2	0.049291
BNIP1	0.123721
BNIP2	0.033183
BNIP3	0.037507
BNIP3L	0.056592
BNIP5	0.048180
BNIPL	0.042448
BOC	0.046964
BOD1	0.041256
BOD1L1	0.042259
BOK	0.045061
BOLA1	0.046919
BOLA2	0.049464
BOLA2B	0.050425
BOLA3	0.043751
BOLL	0.035756
BOP1	0.071028
BORA	0.043673
BORCS5	0.047144
BORCS6	0.148121
BORCS7	0.053777
BORCS8-MEF2B	0.046651
BPGM	0.035021
BPHL	0.046740
BPI	0.046535
BPIFA1	0.037909
BPIFA2	0.048444
BPIFA3	0.043692
BPIFB1	0.052722
BPIFB2	0.052647
BPIFB3	0.041675
BPIFB4	0.049802
BPIFB6	0.041636
BPIFC	0.046482
BPNT1	0.049932
BPNT2	0.761026
BPTF	0.049483
BPY2	0.046704
BPY2B	0.050775
BPY2C	0.045584
BRAF	0.058402
BRAP	0.046077
BRAT1	0.042578
BRCA1	0.060267
BRCA2	0.032725
BRCC3	0.047951
BRD1	0.079698
BRD10	0.047479
BRD2	0.051887
BRD3	0.050746
BRD4	0.048354
BRD7	0.048459
BRD8	0.050367
BRD9	0.048558
BRDT	0.046022
BRF1	0.052576
BRF2	0.039912
BRI3	0.057759
BRI3BP	0.043956
BRINP1	0.062079
BRINP2	0.046496
BRINP3	0.051110
BRIP1	0.048783
BRIX1	0.067444
BRK1	0.058614
BRME1	0.050694
BRMS1	0.048653
BRMS1L	0.044597
BROX	0.046865
BRPF1	0.048797
BRPF3	0.050044
BRS3	0.039670
BRSK1	0.064951
BRSK2	0.036125
BRWD1	0.038267
BRWD3	0.037619
BSCL2	0.043788
BSDC1	0.047308
BSG	0.037885
BSN	0.048949
BSND	0.062459
BSPH1	0.048081
BSPRY	0.055340
BST1	0.053133
BST2	0.063347
BTAF1	0.047687
BTBD1	0.051041
BTBD10	0.045873
BTBD16	0.047111
BTBD17	0.049898
BTBD2	0.048250
BTBD3	0.052377
BTBD6	0.048369
BTBD7	0.051090
BTBD8	0.048715
BTBD9	0.062231
BTC	0.050277
BTD	0.050757
BTF3	0.050270
BTF3L4	0.050270
BTG1	0.048147
BTG2	0.043476
BTG3	0.045310
BTG4	0.050064
BTK	0.052772
BTLA	0.042565
BTN1A1	0.046684
BTN2A1	0.070825
BTN2A2	0.101481
BTN3A1	0.042804
BTN3A2	0.041191
BTN3A3	0.056664
BTNL2	0.054580
BTNL3	0.052059
BTNL8	0.045052
BTNL9	0.047010
BTRC	0.048372
BUB1	0.079764
BUB1B	0.050068
BUB3	0.081391
BUD13	0.064367
BUD23	0.073867
BUD31	0.061741
BYSL	0.055050
BZW1	0.045671
BZW2	0.049787
C10orf120	0.050033
C10orf53	0.048223
C10orf62	0.053760
C10orf67	0.043863
C10orf71	0.056260
C10orf88	0.049294
C10orf90	0.064414
C10orf95	0.049215
C11orf16	0.038423
C11orf24	0.049841
C11orf42	0.047979
C11orf52	0.048323
C11orf58	0.919292
C11orf65	0.050488
C11orf68	0.046175
C11orf71	0.046505
C11orf87	0.048148
C12orf42	0.047073
C12orf43	0.043062
C12orf50	0.038144
C12orf54	0.063679
C12orf57	0.047447
C12orf60	0.049396
C12orf71	0.050385
C12orf76	0.047537
C14orf119	0.045737
C14orf180	0.055308
C14orf39	0.055634
C14orf93	0.050541
C15orf39	0.059371
C15orf40	0.050297
C16orf46	0.041873
C16orf54	0.050918
C16orf74	0.080429
C16orf78	0.050747
C16orf82	0.041172
C16orf86	0.079073
C16orf87	0.047721
C16orf89	0.042099
C16orf90	0.092477
C17orf50	0.056865
C17orf58	0.037077
C17orf67	0.048028
C17orf75	0.051567
C17orf78	0.044326
C18orf32	0.046620
C18orf54	0.048523
C19orf12	0.048399
C19orf18	0.054329
C19orf25	0.045597
C19orf33	0.043549
C19orf44	0.048906
C19orf47	0.140167
C19orf53	0.049560
C19orf73	0.043045
C1D	0.050589
C1GALT1	0.048248
C1GALT1C1	0.037097
C1QA	0.048595
C1QB	0.062803
C1QBP	0.048789
C1QC	0.105279
C1QL1	0.051552
C1QL2	0.037660
C1QL3	0.038659
C1QL4	0.049796
C1QTNF1	0.049258
C1QTNF12	0.058086
C1QTNF2	0.070446
C1QTNF3	0.048332
C1QTNF4	0.047493
C1QTNF5	0.099425
C1QTNF6	0.046518
C1QTNF7	0.868438
C1QTNF8	0.033125
C1QTNF9	0.038350
C1QTNF9B	0.046668
C1R	0.049961
C1RL	0.079329
C1S	0.081482
C1orf105	0.062723
C1orf115	0.045573
C1orf116	0.055508
C1orf122	0.052210
C1orf141	0.044428
C1orf146	0.051332
C1orf159	0.038444
C1orf162	0.038121
C1orf174	0.047488
C1orf198	0.095021
C1orf21	0.051431
C1orf210	0.114951
C1orf216	0.920967
C1orf226	0.045303
C1orf35	0.051224
C1orf50	0.056555
C1orf52	0.051562
C1orf53	0.048546
C1orf54	0.048758
C1orf56	0.047981
C1orf74	0.042479
C1orf87	0.053050
C1orf94	0.051581
C2	0.045402
C20orf141	0.052065
C20orf144	0.084240
C20orf204	0.037241
C20orf96	0.050342
C21orf58	0.094146
C21orf91	0.048187
C22orf15	0.060892
C22orf23	0.049122
C22orf31	0.050586
C22orf39	0.129900
C22orf42	0.049678
C2CD2	0.049752
C2CD2L	0.041402
C2CD3	0.081641
C2CD4A	0.050257
C2CD4B	0.053034
C2CD5	0.048095
C2orf15	0.046822
C2orf42	0.047900
C2orf49	0.052425
C2orf66	0.052574
C2orf68	0.055233
C2orf69	0.047939
C2orf76	0.087631
C2orf78	0.044671
C3	0.050538
C3AR1	0.051427
C3orf18	0.048940
C3orf20	0.053914
C3orf22	0.047963
C3orf33	0.049333
C3orf38	0.050540
C3orf52	0.051752
C3orf62	0.040305
C3orf70	0.050297
C4A	0.049164
C4B	0.039100
C4BPA	0.047534
C4BPB	0.044687
C4orf17	0.046553
C4orf33	0.046599
C4orf36	0.049892
C4orf46	0.050385
C4orf50	0.051453
C4orf51	0.048023
C5	0.047844
C5AR1	0.077224
C5AR2	0.056516
C5orf15	0.052493
C5orf22	0.054022
C5orf24	0.048739
C5orf34	0.055728
C5orf46	0.049188
C6	0.050467
C6orf118	0.036523
C6orf120	0.044520
C6orf136	0.046327
C6orf15	0.046075
C6orf163	0.078401
C6orf47	0.049022
C6orf58	0.040896
C6orf62	0.053580
C6orf89	0.046801
C7	0.050496
C7orf25	0.049690
C7orf33	0.048899
C8A	0.057609
C8B	0.043412
C8G	0.051174
C8orf33	0.050220
C8orf34	0.045477
C8orf58	0.047369
C8orf74	0.054183
C8orf76	0.053361
C8orf82	0.040806
C9	0.058653
C9orf152	0.046576
C9orf40	0.047831
C9orf43	0.043182
C9orf50	0.049893
C9orf72	0.043089
C9orf78	0.049891
C9orf85	0.048200
CA1	0.047098
CA10	0.050724
CA11	0.040685
CA12	0.050716
CA13	0.048399
CA14	0.043098
CA2	0.046852
CA3	0.060406
CA4	0.057580
CA5A	0.051027
CA5B	0.066649
CA6	0.078616
CA7	0.034097
CA8	0.050844
CA9	0.073108
CAAP1	0.048238
CAB39	0.057284
CAB39L	0.046455
CABCOCO1	0.048319
CABIN1	0.041757
CABLES1	0.045401
CABLES2	0.045657
CABP1	0.060289
CABP2	0.045395
CABP4	0.049588
CABP5	0.054836
CABP7	0.059358
CABS1	0.056787
CABYR	0.047515
CACFD1	0.057031
CACHD1	0.042429
CACNA1A	0.046112
CACNA1B	0.038104
CACNA1C	0.036493
CACNA1D	0.045482
CACNA1E	0.071189
CACNA1F	0.048271
CACNA1G	0.047034
CACNA1H	0.051950
CACNA1I	0.041644
CACNA1S	0.051350
CACNA2D1	0.049832
CACNA2D2	0.035601
CACNA2D3	0.045591
CACNA2D4	0.059964
CACNB1	0.052345
CACNB2	0.048514
CACNB3	0.048843
CACNB4	0.052300
CACNG1	0.091040
CACNG2	0.054600
CACNG3	0.043034
CACNG4	0.043771
CACNG5	0.047286
CACNG6	0.052117
CACNG7	0.048754
CACNG8	0.047396
CACTIN	0.946407
CACUL1	0.057622
CACYBP	0.053528
CAD	0.381896
CADM1	0.051398
CADM2	0.047628
CADM3	0.046550
CADM4	0.049887
CADPS	0.050406
CADPS2	0.048587
CAGE1	0.048123
CALB1	0.045786
CALB2	0.050508
CALCB	0.034691
CALCOCO1	0.042053
CALCOCO2	0.048643
CALCR	0.050657
CALCRL	0.047000
CALD1	0.047910
CALHM1	0.050509
CALHM2	0.049382
CALHM3	0.056311
CALHM4	0.042896
CALHM5	0.041313
CALHM6	0.050763
CALM1	0.049925
CALM2	0.034986
CALM3	0.054728
CALML3	0.050485
CALML4	0.044945
CALML5	0.051651
CALML6	0.049639
CALN1	0.042832
CALR	0.050408
CALR3	0.054212
CALU	0.054087
CALY	0.048222
CAMK1	0.058495
CAMK1D	0.046086
CAMK1G	0.049829
CAMK2A	0.178086
CAMK2B	0.051088
CAMK2D	0.048676
CAMK2G	0.049218
CAMK2N1	0.046085
CAMK2N2	0.037892
CAMK4	0.037919
CAMKK1	0.046312
CAMKK2	0.038918
CAMKMT	0.049055
CAMKV	0.040479
CAMLG	0.049673
CAMP	0.049456
CAMSAP1	0.050485
CAMSAP2	0.048200
CAMSAP3	0.038118
CAMTA1	0.041586
CAMTA2	0.047104
CAND1	0.309728
CAND2	0.046197
CANT1	0.035942
CANX	0.049286
CAP1	0.033721
CAP2	0.054222
CAPG	0.202447
CAPN1	0.176056
CAPN11	0.037718
CAPN12	0.481518
CAPN13	0.059610
CAPN15	0.037137
CAPN2	0.046895
CAPN3	0.075063
CAPN5	0.036372
CAPN6	0.048545
CAPN7	0.043935
CAPN9	0.052559
CAPNS1	0.047169
CAPNS2	0.043194
CAPRIN1	0.046639
CAPRIN2	0.051132
CAPS	0.040290
CAPS2	0.045335
CAPSL	0.049849
CAPZA1	0.045647
CAPZA2	0.046411
CAPZA3	0.044996
CAPZB	0.120577
CARD10	0.049725
CARD11	0.046394
CARD14	0.080595
CARD16	0.050239
CARD18	0.044878
CARD6	0.044708
CARD8	0.050074
CARD9	0.048580
CARF	0.043331
CARHSP1	0.048117
CARM1	0.047129
CARMIL1	0.050226
CARMIL2	0.049484
CARMIL3	0.045698
CARNMT1	0.050173
CARS1	0.049913
CARS2	0.051548
CARTPT	0.097271
CASC3	0.039112
CASD1	0.044085
CASK	0.045001
CASKIN1	0.040537
CASKIN2	0.069819
CASP1	0.049819
CASP10	0.049696
CASP14	0.054414
CASP2	0.050997
CASP3	0.048461
CASP4	0.046921
CASP5	0.048534
CASP6	0.039563
CASP7	0.049727
CASP8	0.046420
CASP8AP2	0.049855
CASP9	0.052708
CASQ1	0.048061
CASQ2	0.050259
CASR	0.049586
CASS4	0.051057
CAST	0.045461
CASTOR1	0.046949
CASZ1	0.045447
CAT	0.063469
CATIP	0.050815
CATSPER1	0.082734
CATSPER2	0.037213
CATSPER3	0.054976
CATSPER4	0.046773
CATSPERB	0.033744
CATSPERD	0.050003
CATSPERE	0.035010
CATSPERG	0.044789
CATSPERT	0.064686
CAV1	0.046632
CAV2	0.031349
CAV3	0.047054
CAVIN1	0.038028
CAVIN2	0.047902
CAVIN3	0.064785
CAVIN4	0.041592
CBARP	0.076868
CBFA2T2	0.085612
CBFA2T3	0.049221
CBFB	0.050492
CBL	0.042360
CBLB	0.047624
CBLC	0.045963
CBLIF	0.048141
CBLL1	0.054564
CBLL2	0.054307
CBLN1	0.047799
CBLN2	0.048895
CBLN3	0.047764
CBLN4	0.040099
CBR1	0.047810
CBR3	0.045112
CBR4	0.046604
CBS	0.170470
CBX1	0.048552
CBX3	0.070263
CBX4	0.049679
CBX5	0.045898
CBX6	0.046255
CBX7	0.045621
CBX8	0.054341
CBY1	0.049375
CBY2	0.048701
CC2D1A	0.038541
CC2D1B	0.047653
CC2D2A	0.050179
CC2D2B	0.037271
CCAR1	0.047486
CCAR2	0.038291
CCBE1	0.749317
CCDC102A	0.040624
CCDC102B	0.052430
CCDC106	0.051592
CCDC107	0.039914
CCDC110	0.046689
CCDC112	0.050438
CCDC116	0.051858
CCDC117	0.048810
CCDC12	0.100380
CCDC120	0.047550
CCDC121	0.153651
CCDC122	0.048074
CCDC124	0.037308
CCDC125	0.050758
CCDC126	0.048592
CCDC127	0.048064
CCDC13	0.045606
CCDC134	0.041105
CCDC136	0.051527
CCDC138	0.038974
CCDC14	0.050841
CCDC141	0.043681
CCDC142	0.044337
CCDC146	0.048616
CCDC148	0.047013
CCDC149	0.047602
CCDC15	0.045001
CCDC150	0.049290
CCDC152	0.040975
CCDC157	0.054627
CCDC158	0.051415
CCDC159	0.046315
CCDC167	0.059009
CCDC17	0.053086
CCDC170	0.049046
CCDC171	0.042338
CCDC172	0.047998
CCDC174	0.040332
CCDC178	0.049735
CCDC18	0.037335
CCDC181	0.154056
CCDC183	0.039353
CCDC184	0.049064
CCDC185	0.049041
CCDC186	0.047489
CCDC187	0.049498
CCDC190	0.070874
CCDC191	0.053554
CCDC197	0.043588
CCDC198	0.032909
CCDC22	0.055463
CCDC24	0.154569
CCDC25	0.044723
CCDC27	0.045911
CCDC28A	0.034886
CCDC28B	0.055696
CCDC3	0.042026
CCDC30	0.035227
CCDC32	0.049777
CCDC33	0.087486
CCDC34	0.050882
CCDC38	0.080914
CCDC42	0.060596
CCDC43	0.033171
CCDC47	0.064995
CCDC50	0.048657
CCDC51	0.062402
CCDC54	0.044808
CCDC57	0.046598
CCDC59	0.055021
CCDC6	0.935993
CCDC60	0.052811
CCDC61	0.052225
CCDC62	0.048916
CCDC63	0.050923
CCDC66	0.045274
CCDC68	0.049576
CCDC69	0.078905
CCDC7	0.045467
CCDC70	0.046130
CCDC71	0.060599
CCDC71L	0.054972
CCDC73	0.053358
CCDC74A	0.055996
CCDC74B	0.049502
CCDC77	0.051763
CCDC78	0.053277
CCDC8	0.090652
CCDC80	0.050752
CCDC81	0.045210
CCDC82	0.046867
CCDC83	0.051270
CCDC85A	0.047663
CCDC85B	0.039652
CCDC86	0.169241
CCDC87	0.061397
CCDC88A	0.039141
CCDC88B	0.049098
CCDC88C	0.059316
CCDC89	0.049109
CCDC9	0.048189
CCDC90B	0.051517
CCDC91	0.045436
CCDC92	0.041687
CCDC93	0.036822
CCDC97	0.044584
CCER1	0.046072
CCHCR1	0.050726
CCIN	0.047174
CCK	0.044961
CCKAR	0.047093
CCKBR	0.049168
CCL1	0.055788
CCL11	0.085912
CCL13	0.148440
CCL14	0.046247
CCL15	0.053501
CCL16	0.099748
CCL17	0.155337
CCL18	0.037098
CCL19	0.055006
CCL2	0.036556
CCL20	0.051267
CCL21	0.052845
CCL22	0.044433
CCL23	0.051406
CCL24	0.041949
CCL25	0.047525
CCL26	0.085074
CCL27	0.047172
CCL28	0.048427
CCL3	0.054052
CCL3L1	0.058191
CCL3L3	0.106234
CCL4	0.070953
CCL4L1	0.054782
CCL4L2	0.044138
CCL5	0.060266
CCL7	0.048078
CCL8	0.041008
CCM2	0.053133
CCM2L	0.049187
CCN1	0.049945
CCN2	0.051966
CCN3	0.048314
CCN4	0.047978
CCN5	0.045001
CCN6	0.052724
CCNA1	0.049634
CCNA2	0.057777
CCNB1	0.802301
CCNB1IP1	0.043226
CCNB2	0.054938
CCNB3	0.048433
CCNC	0.954688
CCND1	0.417235
CCND2	0.040473
CCND3	0.053038
CCNDBP1	0.048016
CCNE1	0.054575
CCNE2	0.047876
CCNF	0.047618
CCNG1	0.051411
CCNG2	0.049372
CCNH	0.059230
CCNI	0.056208
CCNI2	0.048496
CCNJ	0.044135
CCNJL	0.050295
CCNK	0.124809
CCNL1	0.048294
CCNL2	0.050648
CCNO	0.045382
CCNP	0.080112
CCNQ	0.134160
CCNT1	0.064578
CCNT2	0.056551
CCNY	0.048657
CCNYL1	0.047533
CCPG1	0.053025
CCR1	0.047408
CCR10	0.059051
CCR2	0.046389
CCR3	0.063355
CCR4	0.047679
CCR5	0.048493
CCR6	0.048772
CCR7	0.049249
CCR8	0.060727
CCR9	0.050880
CCRL2	0.046710
CCS	0.044112
CCSAP	0.047293
CCSER1	0.929693
CCSER2	0.062447
CCT2	0.056487
CCT3	0.050693
CCT4	0.955674
CCT5	0.075148
CCT6A	0.046889
CCT6B	0.044876
CCT7	0.046012
CCT8	0.903324
CCT8L2	0.048191
CCZ1	0.048414
CCZ1B	0.043010
CD101	0.040529
CD109	0.054144
CD14	0.044285
CD151	0.052274
CD160	0.046713
CD163	0.047939
CD163L1	0.050239
CD164	0.047300
CD164L2	0.040849
CD177	0.049898
CD180	0.052920
CD19	0.044308
CD1A	0.050278
CD1B	0.065357
CD1C	0.051730
CD1D	0.058972
CD1E	0.046535
CD2	0.060741
CD200	0.045528
CD200R1	0.038760
CD200R1L	0.049079
CD207	0.044364
CD209	0.049467
CD22	0.045804
CD226	0.048688
CD24	0.048874
CD244	0.963448
CD247	0.048700
CD248	0.038880
CD27	0.043036
CD274	0.047692
CD276	0.046098
CD28	0.089664
CD2AP	0.048452
CD2BP2	0.052703
CD300A	0.047935
CD300C	0.169730
CD300E	0.052289
CD300LB	0.043964
CD300LD	0.038100
CD300LF	0.046383
CD300LG	0.041990
CD302	0.047616
CD320	0.048447
CD33	0.048463
CD34	0.041628
CD36	0.049827
CD37	0.046894
CD38	0.050823
CD3D	0.031835
CD3E	0.041304
CD3G	0.061278
CD4	0.054828
CD40	0.048374
CD40LG	0.045600
CD44	0.044473
CD46	0.046133
CD47	0.042883
CD48	0.041882
CD5	0.045551
CD52	0.043969
CD53	0.047102
CD55	0.040549
CD58	0.047182
CD59	0.047563
CD5L	0.033009
CD6	0.053065
CD63	0.051498
CD68	0.051103
CD69	0.051952
CD7	0.039664
CD70	0.047051
CD72	0.035420
CD74	0.056710
CD79A	0.048152
CD79B	0.045277
CD80	0.048357
CD81	0.048954
CD82	0.047686
CD83	0.044491
CD84	0.048914
CD86	0.054715
CD8A	0.049995
CD8B	0.047522
CD9	0.036167
CD93	0.056242
CD96	0.043692
CD99	0.044864
CD99L2	0.046979
CDA	0.051024
CDADC1	0.051213
CDAN1	0.042636
CDC123	0.052191
CDC14A	0.055547
CDC14B	0.054643
CDC16	0.043612
CDC20	0.091473
CDC20B	0.045177
CDC23	0.049872
CDC25A	0.078984
CDC25B	0.036460
CDC25C	0.047369
CDC26	0.057881
CDC34	0.044619
CDC37	0.037251
CDC37L1	0.048686
CDC40	0.206049
CDC42	0.046702
CDC42BPA	0.048592
CDC42BPB	0.049985
CDC42BPG	0.040420
CDC42EP1	0.048164
CDC42EP2	0.081950
CDC42EP3	0.079672
CDC42EP4	0.042000
CDC42EP5	0.057720
CDC42SE1	0.051592
CDC42SE2	0.038504
CDC45	0.047393
CDC5L	0.953723
CDC6	0.238349
CDC7	0.053961
CDC73	0.046729
CDCA2	0.047240
CDCA3	0.047114
CDCA4	0.045557
CDCA5	0.050113
CDCA7	0.047811
CDCA7L	0.050456
CDCA8	0.049506
CDCP1	0.069702
CDCP2	0.045422
CDH1	0.048059
CDH10	0.038697
CDH11	0.048220
CDH12	0.042145
CDH13	0.045098
CDH15	0.049084
CDH16	0.937040
CDH17	0.047744
CDH18	0.069842
CDH19	0.048196
CDH2	0.050285
CDH20	0.040710
CDH22	0.063630
CDH23	0.041966
CDH24	0.045285
CDH26	0.042073
CDH3	0.049536
CDH4	0.049434
CDH5	0.047488
CDH6	0.048814
CDH7	0.048560
CDH8	0.048581
CDH9	0.049136
CDHR1	0.062385
CDHR2	0.034757
CDHR3	0.046138
CDHR4	0.057954
CDHR5	0.054782
CDIN1	0.055658
CDIP1	0.054432
CDIPT	0.051752
CDK1	0.049653
CDK10	0.101700
CDK11A	0.047791
CDK11B	0.078137
CDK12	0.044845
CDK13	0.043793
CDK14	0.044701
CDK15	0.045078
CDK16	0.090899
CDK17	0.036457
CDK18	0.048220
CDK19	0.054405
CDK2	0.057026
CDK20	0.050966
CDK2AP1	0.052547
CDK2AP2	0.080004
CDK3	0.048186
CDK4	0.050046
CDK5	0.048642
CDK5R1	0.059383
CDK5R2	0.053444
CDK5RAP1	0.052927
CDK5RAP2	0.056768
CDK5RAP3	0.044770
CDK6	0.051698
CDK7	0.050783
CDK8	0.052305
CDK9	0.959481
CDKAL1	0.055422
CDKL1	0.095702
CDKL2	0.044155
CDKL3	0.049814
CDKL4	0.050120
CDKL5	0.050271
CDKN1A	0.052498
CDKN1B	0.047560
CDKN1C	0.041558
CDKN2A	0.044420
CDKN2AIP	0.065433
CDKN2AIPNL	0.044955
CDKN2B	0.033995
CDKN2C	0.049317
CDKN2D	0.043870
CDKN3	0.137351
CDNF	0.049042
CDO1	0.038695
CDON	0.037110
CDPF1	0.043086
CDR2	0.046345
CDR2L	0.035508
CDRT15	0.052903
CDRT4	0.047651
CDS1	0.065760
CDS2	0.047101
CDSN	0.050126
CDT1	0.055928
CDV3	0.151836
CDX1	0.044997
CDX2	0.042935
CDX4	0.048729
CDY1	0.050752
CDY1B	0.111660
CDY2A	0.047885
CDY2B	0.054211
CDYL	0.056143
CDYL2	0.058749
CEACAM1	0.052235
CEACAM16	0.049057
CEACAM18	0.045306
CEACAM19	0.107744
CEACAM21	0.046045
CEACAM3	0.054105
CEACAM4	0.049124
CEACAM5	0.046166
CEACAM6	0.047031
CEACAM7	0.055682
CEACAM8	0.049548
CEBPA	0.079054
CEBPB	0.046424
CEBPD	0.074752
CEBPE	0.062096
CEBPG	0.049449
CEL	0.074745
CELA1	0.050604
CELA2A	0.100252
CELA2B	0.048527
CELA3A	0.128330
CELA3B	0.058547
CELF1	0.060188
CELF2	0.048787
CELF3	0.043760
CELF4	0.045641
CELF5	0.052457
CELF6	0.041249
CELSR1	0.055390
CELSR2	0.054458
CELSR3	0.032183
CEMIP	0.046594
CEMIP2	0.047713
CEMP1	0.049226
CENATAC	0.050090
CEND1	0.046010
CENPA	0.042973
CENPB	0.046033
CENPC	0.062801
CENPE	0.924849
CENPF	0.047950
CENPH	0.048171
CENPI	0.056281
CENPK	0.157238
CENPL	0.046479
CENPM	0.054758
CENPN	0.046655
CENPO	0.046390
CENPP	0.087591
CENPQ	0.038560
CENPS	0.048632
CENPT	0.054554
CENPU	0.043977
CENPV	0.032606
CENPW	0.047050
CENPX	0.043261
CEP104	0.045448
CEP112	0.048409
CEP120	0.042954
CEP126	0.050214
CEP128	0.037178
CEP131	0.090674
CEP135	0.043180
CEP15	0.044590
CEP152	0.040580
CEP162	0.051887
CEP164	0.215945
CEP170	0.050239
CEP170B	0.050557
CEP19	0.045345
CEP192	0.091879
CEP20	0.060014
CEP250	0.069073
CEP290	0.050177
CEP350	0.049191
CEP41	0.046223
CEP43	0.051779
CEP44	0.046443
CEP55	0.037795
CEP57	0.050477
CEP57L1	0.045033
CEP63	0.052918
CEP68	0.049736
CEP70	0.050739
CEP72	0.044963
CEP76	0.044526
CEP83	0.054752
CEP85	0.041923
CEP85L	0.057283
CEP89	0.053155
CEP95	0.050015
CEP97	0.037636
CEPT1	0.048266
CER1	0.042519
CERCAM	0.050805
CERK	0.046789
CERKL	0.044451
CERS1	0.055638
CERS2	0.048201
CERS3	0.051023
CERS4	0.045325
CERS5	0.045682
CERS6	0.046503
CERT1	0.046790
CES1	0.044694
CES2	0.056957
CES3	0.044063
CES4A	0.046403
CES5A	0.049063
CETN1	0.062564
CETN2	0.047758
CETN3	0.044158
CETP	0.067266
CFAP100	0.047453
CFAP107	0.049367
CFAP119	0.057115
CFAP126	0.078730
CFAP141	0.055129
CFAP157	0.045148
CFAP161	0.034679
CFAP184	0.055372
CFAP20	0.046937
CFAP206	0.049346
CFAP20DC	0.047390
CFAP210	0.043455
CFAP221	0.040019
CFAP251	0.047752
CFAP263	0.049141
CFAP298	0.045155
CFAP299	0.100790
CFAP300	0.048547
CFAP36	0.047145
CFAP410	0.044703
CFAP418	0.047511
CFAP43	0.055061
CFAP44	0.048915
CFAP45	0.058009
CFAP46	0.048290
CFAP47	0.053259
CFAP52	0.048684
CFAP53	0.044351
CFAP54	0.049696
CFAP57	0.051867
CFAP58	0.050207
CFAP61	0.050781
CFAP65	0.054616
CFAP68	0.049178
CFAP69	0.051149
CFAP70	0.043140
CFAP74	0.048899
CFAP77	0.075067
CFAP91	0.034541
CFAP95	0.040549
CFAP96	0.048870
CFB	0.044227
CFC1	0.052464
CFC1B	0.060092
CFD	0.044273
CFDP1	0.046518
CFH	0.046291
CFHR1	0.047875
CFHR2	0.048382
CFHR3	0.039484
CFHR4	0.036830
CFHR5	0.052977
CFI	0.047394
CFL1	0.051234
CFL2	0.041444
CFLAR	0.047505
CFP	0.040482
CFTR	0.050576
CGA	0.047269
CGAS	0.038919
CGB1	0.046622
CGB2	0.052080
CGB3	0.055623
CGB5	0.045163
CGB7	0.049145
CGB8	0.051441
CGN	0.036110
CGNL1	0.049100
CGREF1	0.044332
CGRRF1	0.048690
CH25H	0.048778
CHAC1	0.052740
CHAC2	0.046358
CHAD	0.052813
CHADL	0.048962
CHAF1A	0.054033
CHAF1B	0.043954
CHAMP1	0.048626
CHAT	0.054042
CHCHD1	0.047610
CHCHD10	0.057744
CHCHD2	0.049462
CHCHD3	0.050136
CHCHD4	0.044588
CHCHD5	0.047203
CHCHD6	0.052785
CHCHD7	0.046838
CHCT1	0.058064
CHD1	0.042665
CHD1L	0.045313
CHD2	0.049407
CHD3	0.065018
CHD4	0.049416
CHD5	0.081165
CHD6	0.054309
CHD7	0.052593
CHD8	0.046827
CHD9	0.052229
CHDH	0.042443
CHEK1	0.064634
CHEK2	0.049407
CHERP	0.083643
CHFR	0.031509
CHGA	0.048167
CHGB	0.048378
CHI3L1	0.105362
CHI3L2	0.048331
CHIA	0.043748
CHIC1	0.047588
CHIC2	0.047436
CHID1	0.048345
CHIT1	0.084399
CHKA	0.050793
CHKB	0.049257
CHL1	0.045368
CHLSN	0.054113
CHM	0.045661
CHML	0.049162
CHMP1A	0.042775
CHMP1B	0.036776
CHMP2A	0.949893
CHMP2B	0.049144
CHMP3	0.036563
CHMP4A	0.073079
CHMP4B	0.048722
CHMP4C	0.046098
CHMP5	0.047456
CHMP6	0.049995
CHMP7	0.051550
CHN1	0.046568
CHN2	0.052135
CHODL	0.034637
CHORDC1	0.048356
CHP1	0.050496
CHP2	0.047892
CHPF	0.041033
CHPF2	0.045217
CHPT1	0.058375
CHRAC1	0.046190
CHRD	0.082992
CHRDL1	0.069253
CHRDL2	0.049518
CHRFAM7A	0.047394
CHRM1	0.048987
CHRM2	0.047107
CHRM3	0.048580
CHRM4	0.049754
CHRM5	0.050221
CHRNA1	0.046803
CHRNA10	0.051367
CHRNA2	0.057807
CHRNA3	0.036018
CHRNA4	0.046281
CHRNA5	0.047222
CHRNA6	0.048217
CHRNA7	0.047744
CHRNA9	0.047448
CHRNB1	0.056710
CHRNB2	0.034516
CHRNB3	0.045332
CHRNB4	0.054770
CHRND	0.056014
CHRNE	0.040192
CHRNG	0.045915
CHST1	0.047460
CHST10	0.050329
CHST11	0.052502
CHST12	0.059072
CHST13	0.049005
CHST14	0.071127
CHST15	0.048465
CHST2	0.042300
CHST3	0.046501
CHST4	0.051704
CHST5	0.081664
CHST6	0.105048
CHST7	0.087902
CHST8	0.041719
CHST9	0.083971
CHSY1	0.038459
CHSY3	0.042919
CHTF18	0.039396
CHTF8	0.052446
CHTOP	0.048177
CHUK	0.033730
CHURC1	0.043799
CIAO1	0.048316
CIAO2A	0.035458
CIAO2B	0.080543
CIAO3	0.047981
CIAPIN1	0.059369
CIART	0.044442
CIB1	0.079193
CIB2	0.599470
CIB3	0.048979
CIB4	0.069496
CIBAR2	0.051815
CIC	0.047324
CIDEA	0.075429
CIDEB	0.064905
CIDEC	0.048892
CIITA	0.047193
CILK1	0.048347
CILP	0.042267
CILP2	0.048829
CIMAP1A	0.048437
CIMAP1B	0.074302
CIMAP1C	0.049087
CIMAP1D	0.043025
CIMAP2	0.048306
CIMAP3	0.053984
CIMIP1	0.059280
CIMIP2A	0.045938
CIMIP4	0.056743
CIMIP5	0.037130
CIMIP6	0.047280
CIMIP7	0.045376
CINP	0.064830
CIP2A	0.038595
CIPC	0.045093
CIRBP	0.045650
CIROZ	0.033899
CIRSR	0.048426
CISD1	0.046967
CISD2	0.048288
CISD3	0.043347
CISH	0.062167
CIT	0.051201
CITED1	0.044844
CITED2	0.054775
CITED4	0.050340
CIZ1	0.044627
CKAP2	0.100401
CKAP2L	0.049180
CKAP4	0.101511
CKAP5	0.916309
CKB	0.044042
CKLF	0.056909
CKM	0.051749
CKMT2	0.054708
CKS1B	0.041528
CKS2	0.048712
CLASP1	0.045555
CLASP2	0.039695
CLASRP	0.047903
CLBA1	0.031237
CLC	0.048077
CLCA1	0.095613
CLCA2	0.049296
CLCA4	0.045614
CLCC1	0.046475
CLCF1	0.049388
CLCN1	0.050250
CLCN2	0.072002
CLCN3	0.077971
CLCN4	0.045354
CLCN5	0.049027
CLCN6	0.053701
CLCN7	0.051551
CLCNKA	0.051284
CLCNKB	0.049549
CLDN1	0.048264
CLDN10	0.048325
CLDN11	0.045528
CLDN12	0.048396
CLDN14	0.132747
CLDN15	0.038712
CLDN16	0.044305
CLDN17	0.037456
CLDN18	0.050025
CLDN19	0.048783
CLDN2	0.042821
CLDN20	0.048080
CLDN23	0.049772
CLDN4	0.048184
CLDN5	0.043563
CLDN6	0.118144
CLDN7	0.048039
CLDN8	0.043704
CLDN9	0.048230
CLDND1	0.037883
CLDND2	0.048994
CLEC10A	0.049369
CLEC11A	0.045480
CLEC12A	0.049628
CLEC12B	0.046986
CLEC14A	0.055790
CLEC16A	0.044580
CLEC17A	0.048147
CLEC18A	0.035132
CLEC18B	0.065092
CLEC18C	0.064343
CLEC1A	0.039003
CLEC1B	0.048976
CLEC2A	0.047601
CLEC2B	0.048461
CLEC2D	0.072604
CLEC2L	0.054144
CLEC3A	0.035485
CLEC3B	0.055050
CLEC4A	0.052727
CLEC4C	0.061835
CLEC4D	0.043092
CLEC4E	0.043706
CLEC4F	0.048142
CLEC4G	0.049437
CLEC4M	0.039814
CLEC5A	0.047440
CLEC6A	0.050239
CLEC7A	0.046820
CLEC9A	0.049733
CLGN	0.050913
CLHC1	0.050275
CLIC1	0.080710
CLIC2	0.049904
CLIC3	0.070502
CLIC4	0.228070
CLIC5	0.047198
CLIC6	0.050630
CLINT1	0.049009
CLIP1	0.053227
CLIP2	0.046962
CLIP3	0.045423
CLIP4	0.054445
CLK1	0.048222
CLK2	0.046874
CLK3	0.047642
CLK4	0.050057
CLMN	0.047666
CLMP	0.040356
CLN3	0.095182
CLN5	0.046367
CLN6	0.046382
CLN8	0.055146
CLNK	0.050748
CLNS1A	0.035854
CLOCK	0.583280
CLP1	0.047323
CLPB	0.043838
CLPP	0.050836
CLPS	0.041036
CLPSL1	0.045355
CLPSL2	0.046116
CLPTM1	0.048807
CLPTM1L	0.050304
CLPX	0.059857
CLRN1	0.053692
CLRN3	0.091004
CLSPN	0.052320
CLSTN1	0.041625
CLSTN2	0.046359
CLSTN3	0.051753
CLTA	0.050236
CLTB	0.950507
CLTC	0.069490
CLTCL1	0.065462
CLTRN	0.045715
CLU	0.051288
CLUAP1	0.050357
CLUH	0.038724
CLUL1	0.043529
CLVS1	0.047748
CLVS2	0.046657
CLXN	0.041199
CLYBL	0.045726
CMA1	0.048760
CMAS	0.047069
CMBL	0.046397
CMC1	0.049429
CMC2	0.048159
CMIP	0.046077
CMKLR1	0.092902
CMKLR2	0.045961
CMPK1	0.043725
CMPK2	0.035145
CMSS1	0.049916
CMTM1	0.042542
CMTM2	0.049706
CMTM3	0.041729
CMTM4	0.049480
CMTM5	0.049939
CMTM6	0.049155
CMTM7	0.047731
CMTM8	0.048366
CMTR1	0.039792
CMTR2	0.044430
CMYA5	0.050153
CNBD1	0.031363
CNBD2	0.038247
CNBP	0.046146
CNDP1	0.047103
CNDP2	0.047388
CNEP1R1	0.046227
CNFN	0.061023
CNGA1	0.046323
CNGA2	0.053462
CNGA3	0.047982
CNGA4	0.044075
CNGB1	0.056676
CNGB3	0.044605
CNIH1	0.078214
CNIH2	0.053638
CNIH3	0.049400
CNIH4	0.045346
CNKSR1	0.047902
CNKSR2	0.047848
CNKSR3	0.089400
CNMD	0.047913
CNN1	0.046107
CNN2	0.054912
CNN3	0.043577
CNNM1	0.054624
CNNM2	0.047903
CNNM3	0.054685
CNNM4	0.041249
CNOT1	0.044310
CNOT10	0.054324
CNOT11	0.061818
CNOT2	0.048047
CNOT3	0.049508
CNOT4	0.046685
CNOT6	0.038791
CNOT6L	0.050571
CNOT7	0.048361
CNOT8	0.042897
CNOT9	0.054804
CNP	0.043019
CNPPD1	0.049970
CNPY2	0.047937
CNPY3	0.187212
CNPY4	0.047060
CNR1	0.045778
CNR2	0.050441
CNRIP1	0.047897
CNST	0.053431
CNTD1	0.054618
CNTF	0.049844
CNTFR	0.045170
CNTLN	0.048415
CNTN1	0.046288
CNTN2	0.047086
CNTN3	0.042275
CNTN4	0.054735
CNTN5	0.045528
CNTN6	0.047050
CNTNAP1	0.050723
CNTNAP2	0.063649
CNTNAP3	0.050377
CNTNAP4	0.049763
CNTNAP5	0.047242
CNTRL	0.047284
CNTROB	0.047613
COA1	0.047111
COA3	0.046467
COA4	0.048500
COA5	0.050506
COA6	0.049202
COA7	0.041068
COA8	0.089140
COASY	0.055309
COBL	0.049480
COBLL1	0.049269
COCH	0.043177
COG1	0.046587
COG2	0.047744
COG3	0.049577
COG4	0.061968
COG5	0.047756
COG6	0.054280
COG7	0.060939
COG8	0.048144
COIL	0.040160
COL10A1	0.050625
COL11A1	0.049125
COL11A2	0.039750
COL12A1	0.055291
COL13A1	0.047934
COL14A1	0.087595
COL15A1	0.050953
COL16A1	0.045438
COL17A1	0.063786
COL18A1	0.039164
COL19A1	0.051879
COL1A1	0.049363
COL1A2	0.037214
COL20A1	0.050758
COL21A1	0.051428
COL22A1	0.036740
COL23A1	0.043072
COL24A1	0.054106
COL25A1	0.046059
COL26A1	0.057272
COL27A1	0.041038
COL28A1	0.051855
COL2A1	0.046063
COL3A1	0.035768
COL4A1	0.056255
COL4A2	0.133414
COL4A3	0.047290
COL4A4	0.049649
COL4A5	0.050215
COL4A6	0.048287
COL5A1	0.049999
COL5A2	0.050756
COL5A3	0.048022
COL6A1	0.047618
COL6A2	0.061954
COL6A3	0.050459
COL6A5	0.049863
COL7A1	0.049457
COL8A1	0.041866
COL8A2	0.051959
COL9A1	0.064725
COL9A2	0.050374
COL9A3	0.051781
COLEC10	0.048408
COLEC11	0.044792
COLEC12	0.049005
COLGALT1	0.043160
COLGALT2	0.047288
COLQ	0.043108
COMMD1	0.043618
COMMD10	0.051023
COMMD2	0.071036
COMMD3	0.055810
COMMD4	0.041482
COMMD5	0.044764
COMMD6	0.037526
COMMD7	0.049032
COMMD8	0.046212
COMMD9	0.049332
COMP	0.160180
COMT	0.048083
COMTD1	0.048809
COP1	0.050558
COPA	0.918119
COPB1	0.905841
COPB2	0.918216
COPE	0.057554
COPG1	0.920294
COPG2	0.051976
COPRS	0.046740
COPS2	0.054909
COPS3	0.058366
COPS4	0.055862
COPS5	0.047231
COPS6	0.074966
COPS7A	0.059090
COPS7B	0.050978
COPS8	0.053681
COPS9	0.053315
COPZ1	0.914547
COPZ2	0.054983
COQ10A	0.051698
COQ10B	0.046535
COQ2	0.045757
COQ3	0.047278
COQ4	0.051333
COQ5	0.048427
COQ6	0.044732
COQ7	0.048933
COQ8A	0.050995
COQ8B	0.035827
COQ9	0.055080
CORIN	0.046979
CORO1A	0.044232
CORO1B	0.057858
CORO1C	0.037495
CORO2A	0.037114
CORO2B	0.048685
CORO6	0.046673
CORO7	0.055296
CORT	0.041728
COTL1	0.046957
COX10	0.034502
COX11	0.055398
COX14	0.056893
COX15	0.081068
COX16	0.051708
COX17	0.050677
COX18	0.057335
COX19	0.050770
COX20	0.041549
COX4I1	0.043900
COX4I2	0.050953
COX5A	0.047840
COX5B	0.051313
COX6A1	0.081730
COX6B1	0.053243
COX6B2	0.052134
COX6C	0.047065
COX7A1	0.061733
COX7A2	0.049780
COX7A2L	0.052569
COX7B	0.046689
COX7B2	0.048124
COX7C	0.122795
COX8A	0.050510
COX8C	0.042830
COXFA4	0.033966
COXFA4L2	0.051711
COXFA4L3	0.052836
CP	0.050939
CPA1	0.042061
CPA2	0.051850
CPA3	0.048475
CPA4	0.039252
CPA5	0.050304
CPA6	0.042906
CPAMD8	0.052058
CPAP	0.053475
CPB1	0.050262
CPB2	0.054456
CPD	0.045287
CPE	0.037064
CPEB1	0.048457
CPEB2	0.050893
CPEB3	0.050363
CPEB4	0.067338
CPED1	0.049990
CPLANE1	0.050315
CPLANE2	0.058421
CPLX1	0.062506
CPLX2	0.048706
CPLX3	0.052597
CPLX4	0.049476
CPM	0.060330
CPN1	0.049732
CPN2	0.045365
CPNE1	0.032195
CPNE2	0.035654
CPNE3	0.049474
CPNE4	0.040538
CPNE5	0.068582
CPNE6	0.049155
CPNE7	0.040323
CPNE8	0.053192
CPNE9	0.048872
CPO	0.054199
CPOX	0.040283
CPPED1	0.048533
CPQ	0.036570
CPS1	0.039704
CPSF1	0.792399
CPSF2	0.046200
CPSF3	0.046261
CPSF4	0.052512
CPSF6	0.047820
CPSF7	0.045350
CPT1A	0.048201
CPT1B	0.054944
CPT1C	0.077238
CPT2	0.045553
CPTP	0.047275
CPVL	0.038506
CPXCR1	0.052164
CPXM1	0.048846
CPXM2	0.051978
CPZ	0.047639
CR1	0.084121
CR2	0.044941
CRABP1	0.040868
CRABP2	0.960099
CRACDL	0.038035
CRACR2A	0.059710
CRACR2B	0.056329
CRADD	0.043119
CRAMP1	0.049556
CRAT	0.079789
CRB1	0.046145
CRB2	0.046970
CRB3	0.076167
CRBN	0.043815
CRCP	0.049745
CRCT1	0.050124
CREB1	0.045509
CREB3	0.049753
CREB3L1	0.047071
CREB3L2	0.047206
CREB3L3	0.050931
CREB3L4	0.072908
CREB5	0.049038
CREBBP	0.052104
CREBL2	0.068676
CREBRF	0.047188
CREBZF	0.048977
CREG1	0.049441
CREG2	0.040888
CRELD1	0.039156
CRELD2	0.050154
CRH	0.075372
CRHBP	0.042853
CRHR1	0.058468
CRHR2	0.044375
CRIM1	0.045057
CRIP1	0.050314
CRIP2	0.056542
CRIP3	0.049265
CRIPT	0.048215
CRIPTO	0.053752
CRISP1	0.050592
CRISP2	0.077442
CRISP3	0.044295
CRISPLD1	0.044998
CRISPLD2	0.047094
CRK	0.045814
CRKL	0.057791
CRLF1	0.047369
CRLF2	0.058242
CRLF3	0.065977
CRLS1	0.048903
CRMP1	0.084763
CRNKL1	0.931555
CRNN	0.048580
CROCC	0.050008
CROT	0.046982
CRP	0.048274
CRTAC1	0.042568
CRTAM	0.052598
CRTAP	0.045934
CRTC1	0.036781
CRTC2	0.043747
CRTC3	0.046588
CRX	0.055519
CRY1	0.048018
CRY2	0.050236
CRYAA	0.051054
CRYAB	0.158111
CRYBA1	0.047608
CRYBA2	0.051095
CRYBA4	0.048479
CRYBB1	0.131873
CRYBB2	0.049988
CRYBB3	0.114921
CRYBG1	0.050251
CRYBG2	0.046898
CRYBG3	0.057060
CRYGA	0.050593
CRYGB	0.033087
CRYGC	0.049970
CRYGD	0.047179
CRYGN	0.045914
CRYGS	0.652054
CRYL1	0.050919
CRYM	0.056672
CRYZ	0.049434
CRYZL1	0.050345
CS	0.045874
CSAD	0.056970
CSAG2	0.048490
CSDC2	0.042922
CSDE1	0.048153
CSE1L	0.046077
CSF1	0.054036
CSF1R	0.064712
CSF2	0.049985
CSF2RA	0.044494
CSF2RB	0.049349
CSF3	0.136865
CSF3R	0.047064
CSGALNACT1	0.054254
CSGALNACT2	0.114358
CSHL1	0.170519
CSK	0.038699
CSKMT	0.054719
CSMD1	0.049382
CSMD2	0.046140
CSMD3	0.043559
CSN1S1	0.038677
CSN2	0.053509
CSN3	0.047316
CSNK1A1	0.050586
CSNK1A1L	0.038539
CSNK1D	0.047277
CSNK1E	0.046413
CSNK1G1	0.049236
CSNK1G2	0.043899
CSNK1G3	0.049455
CSNK2A1	0.074181
CSNK2A2	0.047058
CSNK2B	0.056373
CSPG4	0.048984
CSPG5	0.053607
CSPP1	0.050082
CSRNP1	0.105565
CSRNP2	0.044617
CSRNP3	0.050842
CSRP1	0.048466
CSRP2	0.049695
CSRP3	0.050030
CST1	0.057106
CST11	0.053832
CST2	0.060875
CST3	0.054386
CST4	0.086092
CST5	0.101557
CST6	0.048674
CST7	0.046086
CST8	0.067366
CST9	0.039786
CST9L	0.047659
CSTA	0.046056
CSTB	0.063212
CSTF1	0.049125
CSTF2	0.041735
CSTF2T	0.049335
CSTF3	0.055579
CSTL1	0.056703
CSTPP1	0.049999
CT45A1	0.057849
CT45A2	0.069843
CT45A3	0.044285
CT45A5	0.064011
CT45A6	0.079756
CT47A1	0.107307
CT47A10	0.052347
CT47A11	0.048297
CT47A2	0.051450
CT47A3	0.071524
CT47A4	0.050008
CT47A5	0.054952
CT47A6	0.051077
CT47A7	0.052289
CT47A8	0.064731
CT47A9	0.075441
CT55	0.045717
CT83	0.043907
CTAG1A	0.051281
CTAG1B	0.045557
CTAG2	0.036333
CTAGE1	0.042014
CTAGE15	0.039339
CTAGE4	0.047265
CTAGE6	0.049276
CTBP1	0.042760
CTBP2	0.046643
CTBS	0.046776
CTC1	0.051768
CTCF	0.036967
CTCFL	0.045712
CTDNEP1	0.044908
CTDP1	0.054647
CTDSP1	0.046830
CTDSP2	0.050700
CTDSPL	0.041240
CTDSPL2	0.048307
CTF1	0.050846
CTH	0.058143
CTHRC1	0.061606
CTIF	0.049133
CTLA4	0.045137
CTNNA1	0.054635
CTNNA2	0.049686
CTNNA3	0.036207
CTNNAL1	0.047976
CTNNB1	0.049237
CTNNBIP1	0.591261
CTNNBL1	0.047513
CTNND1	0.048985
CTNND2	0.049134
CTNS	0.049387
CTPS1	0.080594
CTPS2	0.047855
CTR9	0.044994
CTRB1	0.048230
CTRC	0.045827
CTRL	0.052561
CTSA	0.038725
CTSB	0.046787
CTSC	0.087480
CTSD	0.046394
CTSE	0.046586
CTSF	0.097057
CTSG	0.046335
CTSH	0.043777
CTSK	0.064434
CTSL	0.047702
CTSO	0.043204
CTSS	0.047170
CTSV	0.049218
CTSW	0.051882
CTSZ	0.045223
CTTN	0.046616
CTTNBP2	0.045720
CTTNBP2NL	0.045738
CTU1	0.049319
CTU2	0.087326
CTXN1	0.068560
CTXN3	0.047710
CUBN	0.051049
CUEDC1	0.047595
CUEDC2	0.042280
CUL1	0.043620
CUL2	0.044014
CUL3	0.055887
CUL4A	0.046845
CUL4B	0.050094
CUL5	0.031784
CUL7	0.050049
CUL9	0.060515
CUTA	0.050281
CUTC	0.047767
CUX1	0.142769
CUX2	0.046596
CUZD1	0.035131
CWC15	0.069718
CWC22	0.915841
CWC25	0.043674
CWC27	0.043364
CWF19L1	0.048029
CWF19L2	0.055835
CWH43	0.048777
CX3CL1	0.048400
CX3CR1	0.041450
CXADR	0.086452
CXCL1	0.050083
CXCL10	0.032632
CXCL11	0.052512
CXCL12	0.044629
CXCL13	0.047011
CXCL14	0.056333
CXCL16	0.044008
CXCL17	0.051276
CXCL2	0.044281
CXCL3	0.055262
CXCL5	0.041421
CXCL6	0.040177
CXCL8	0.034637
CXCL9	0.132848
CXCR1	0.076552
CXCR2	0.057667
CXCR3	0.050978
CXCR4	0.049495
CXCR5	0.048668
CXCR6	0.047956
CXXC1	0.045270
CXXC4	0.043469
CXXC5	0.047869
CXorf38	0.046810
CXorf58	0.052008
CXorf65	0.048948
CXorf66	0.051403
CYB561	0.092045
CYB561A3	0.045699
CYB561D1	0.061321
CYB561D2	0.053397
CYB5A	0.049498
CYB5B	0.037634
CYB5D1	0.049070
CYB5D2	0.048784
CYB5R1	0.718963
CYB5R2	0.048553
CYB5R3	0.068056
CYB5R4	0.054622
CYB5RL	0.053272
CYBA	0.049259
CYBB	0.947734
CYBC1	0.055647
CYBRD1	0.048124
CYC1	0.046078
CYCS	0.049353
CYFIP1	0.268201
CYFIP2	0.036262
CYGB	0.101984
CYLC1	0.045530
CYLC2	0.053336
CYLD	0.051311
CYP11A1	0.056340
CYP11B1	0.048119
CYP11B2	0.050989
CYP17A1	0.051082
CYP19A1	0.073700
CYP1A1	0.046660
CYP1A2	0.064275
CYP1B1	0.190762
CYP20A1	0.056677
CYP21A2	0.063044
CYP24A1	0.046970
CYP26A1	0.048036
CYP26B1	0.041871
CYP26C1	0.050579
CYP27A1	0.052764
CYP27B1	0.046724
CYP27C1	0.048898
CYP2A13	0.064209
CYP2A6	0.586108
CYP2A7	0.044118
CYP2B6	0.056963
CYP2C18	0.046624
CYP2C19	0.037782
CYP2C8	0.056408
CYP2C9	0.049062
CYP2D6	0.045373
CYP2E1	0.043014
CYP2F1	0.046721
CYP2J2	0.045918
CYP2R1	0.043663
CYP2S1	0.047208
CYP2U1	0.045046
CYP2W1	0.048840
CYP39A1	0.041703
CYP3A4	0.045842
CYP3A43	0.167635
CYP3A5	0.058161
CYP3A7	0.047568
CYP46A1	0.048693
CYP4A11	0.040805
CYP4A22	0.056494
CYP4B1	0.047876
CYP4F11	0.044024
CYP4F12	0.046404
CYP4F2	0.049147
CYP4F22	0.055193
CYP4F3	0.051714
CYP4F8	0.044911
CYP4V2	0.052121
CYP4X1	0.074418
CYP4Z1	0.058226
CYP51A1	0.426619
CYP7A1	0.046381
CYP7B1	0.046130
CYP8B1	0.052485
CYREN	0.047244
CYRIA	0.065959
CYRIB	0.040755
CYS1	0.048372
CYSLTR1	0.048932
CYSLTR2	0.046062
CYSRT1	0.046351
CYSTM1	0.051607
CYTH1	0.079982
CYTH2	0.052181
CYTH3	0.038132
CYTH4	0.049272
CYTIP	0.048681
CYTL1	0.045277
CYYR1	0.048453
CZIB	0.041966
D2HGDH	0.035695
DAAM1	0.048585
DAAM2	0.046749
DAB2	0.203879
DAB2IP	0.051261
DACH1	0.033084
DACH2	0.052010
DACT1	0.045041
DACT2	0.061254
DACT3	0.040576
DAD1	0.054421
DAG1	0.057679
DAGLA	0.048132
DAGLB	0.050149
DALRD3	0.041259
DAND5	0.045022
DAO	0.046317
DAOA	0.078140
DAP	0.039055
DAP3	0.104043
DAPK1	0.046247
DAPK2	0.040805
DAPK3	0.048913
DAPL1	0.052226
DAPP1	0.049074
DARS1	0.943778
DARS2	0.032417
DAW1	0.045332
DAXX	0.036611
DAZ1	0.050943
DAZ2	0.049182
DAZ4	0.048325
DAZAP1	0.042455
DAZAP2	0.048850
DAZL	0.036332
DBF4	0.048537
DBF4B	0.050751
DBH	0.047990
DBI	0.046456
DBN1	0.046078
DBNDD1	0.048296
DBNDD2	0.089414
DBNL	0.047202
DBP	0.032965
DBR1	0.052908
DBT	0.047961
DBX1	0.080756
DBX2	0.045544
DCAF1	0.133708
DCAF10	0.046950
DCAF11	0.953893
DCAF12	0.049211
DCAF12L1	0.046888
DCAF12L2	0.045557
DCAF13	0.075230
DCAF15	0.048990
DCAF16	0.044066
DCAF17	0.072395
DCAF4	0.050296
DCAF4L1	0.054697
DCAF4L2	0.048501
DCAF5	0.051345
DCAF6	0.032116
DCAF7	0.046987
DCAF8	0.047986
DCAF8L1	0.049448
DCAKD	0.046845
DCANP1	0.051893
DCBLD1	0.050986
DCBLD2	0.052748
DCC	0.044771
DCD	0.111753
DCDC1	0.044992
DCDC2	0.048607
DCHS1	0.035815
DCK	0.045046
DCLK1	0.044341
DCLK2	0.050157
DCLK3	0.044565
DCLRE1A	0.051034
DCLRE1B	0.047558
DCLRE1C	0.052712
DCN	0.045909
DCP1A	0.043276
DCP1B	0.049566
DCP2	0.051882
DCPH1	0.053093
DCPS	0.048924
DCST1	0.047532
DCST2	0.060162
DCSTAMP	0.048029
DCT	0.061565
DCTD	0.033756
DCTN1	0.112517
DCTN2	0.082822
DCTN4	0.053169
DCTN5	0.049490
DCTN6	0.048661
DCTPP1	0.048893
DCUN1D1	0.053951
DCUN1D2	0.046831
DCUN1D3	0.964942
DCUN1D4	0.038940
DCUN1D5	0.055955
DCX	0.059176
DCXR	0.041990
DDA1	0.038204
DDAH1	0.049650
DDAH2	0.045862
DDB1	0.178290
DDB2	0.049163
DDC	0.034138
DDHD1	0.048329
DDHD2	0.050944
DDI1	0.089173
DDI2	0.049881
DDIAS	0.050784
DDIT3	0.049133
DDIT4	0.054539
DDIT4L	0.050143
DDN	0.048213
DDO	0.047855
DDOST	0.062606
DDR1	0.046756
DDR2	0.086266
DDRGK1	0.049325
DDT	0.050334
DDTL	0.048945
DDX1	0.049049
DDX10	0.456687
DDX11	0.047698
DDX17	0.058463
DDX18	0.154508
DDX19A	0.056820
DDX19B	0.915647
DDX20	0.049031
DDX21	0.077357
DDX23	0.047808
DDX24	0.101262
DDX25	0.035043
DDX27	0.086459
DDX28	0.049795
DDX31	0.085681
DDX39A	0.060288
DDX39B	0.048961
DDX3X	0.050419
DDX3Y	0.306733
DDX4	0.045298
DDX41	0.118776
DDX42	0.044839
DDX43	0.036092
DDX46	0.051924
DDX47	0.097001
DDX49	0.048754
DDX5	0.080851
DDX50	0.055736
DDX51	0.052069
DDX52	0.057999
DDX53	0.036481
DDX54	0.124816
DDX55	0.050460
DDX56	0.050215
DDX59	0.046866
DDX6	0.064306
DDX60	0.048734
DEAF1	0.036969
DECR1	0.049699
DECR2	0.041677
DEDD	0.049058
DEDD2	0.063052
DEF6	0.051565
DEF8	0.046156
DEFA1	0.931996
DEFA3	0.068078
DEFA4	0.063802
DEFA5	0.049635
DEFA6	0.039380
DEFB1	0.048875
DEFB103A	0.046338
DEFB103B	0.046045
DEFB104A	0.057410
DEFB104B	0.061898
DEFB105A	0.046120
DEFB105B	0.038862
DEFB106A	0.052083
DEFB106B	0.042145
DEFB107A	0.048849
DEFB107B	0.046140
DEFB108B	0.065014
DEFB110	0.047250
DEFB112	0.034619
DEFB113	0.041839
DEFB114	0.045055
DEFB115	0.046937
DEFB116	0.051208
DEFB118	0.046386
DEFB121	0.047026
DEFB123	0.047174
DEFB124	0.191744
DEFB125	0.053992
DEFB126	0.072748
DEFB127	0.056531
DEFB128	0.049880
DEFB129	0.048452
DEFB130A	0.050355
DEFB131A	0.935028
DEFB132	0.040475
DEFB134	0.061983
DEFB135	0.041807
DEFB136	0.068868
DEFB4A	0.046755
DEGS1	0.046916
DEGS2	0.046255
DEK	0.047135
DELE1	0.132128
DENND10	0.043116
DENND1A	0.045897
DENND1B	0.047005
DENND1C	0.047409
DENND2A	0.050506
DENND2B	0.041071
DENND2C	0.062910
DENND2D	0.050038
DENND3	0.032085
DENND4A	0.078476
DENND4C	0.046521
DENND5A	0.047510
DENND5B	0.050747
DENND6A	0.049685
DENND6B	0.044014
DENR	0.053824
DEPDC1B	0.054165
DEPDC4	0.049385
DEPDC5	0.050832
DEPDC7	0.123902
DEPP1	0.054912
DEPTOR	0.039068
DERA	0.048133
DERL1	0.044979
DERL2	0.045602
DERL3	0.070008
DES	0.045864
DESI1	0.036695
DESI2	0.075033
DET1	0.048128
DEUP1	0.048051
DFFA	0.047324
DFFB	0.047467
DGAT1	0.050125
DGAT2	0.052313
DGAT2L6	0.044894
DGCR2	0.038128
DGCR6	0.078075
DGCR6L	0.062601
DGCR8	0.046372
DGKA	0.047955
DGKB	0.047166
DGKD	0.087822
DGKE	0.048509
DGKG	0.103041
DGKH	0.057364
DGKI	0.067668
DGKK	0.044117
DGKQ	0.048567
DGKZ	0.043798
DGLUCY	0.048141
DGUOK	0.068983
DHCR24	0.048416
DHCR7	0.048553
DHDDS	0.041725
DHDH	0.051654
DHFR	0.046206
DHFR2	0.050065
DHH	0.042453
DHODH	0.050866
DHPS	0.049423
DHRS1	0.038660
DHRS11	0.047048
DHRS12	0.053084
DHRS13	0.045139
DHRS2	0.052157
DHRS3	0.052663
DHRS4	0.050217
DHRS4L2	0.049927
DHRS7	0.049127
DHRS7B	0.049825
DHRS9	0.045280
DHRSX	0.083495
DHTKD1	0.048776
DHX15	0.045072
DHX16	0.043313
DHX29	0.257374
DHX30	0.058500
DHX32	0.046107
DHX33	0.052518
DHX34	0.041934
DHX35	0.038038
DHX36	0.039426
DHX37	0.095093
DHX38	0.044780
DHX40	0.109044
DHX57	0.040797
DHX58	0.049107
DHX8	0.317382
DHX9	0.039722
DIABLO	0.048888
DIAPH1	0.036576
DIAPH2	0.049856
DIAPH3	0.036817
DICER1	0.050741
DIDO1	0.059158
DIMT1	0.049193
DIO1	0.048148
DIO2	0.037420
DIO3	0.051834
DIP2A	0.047813
DIP2B	0.055336
DIP2C	0.064135
DIPK1A	0.050331
DIPK1B	0.051845
DIPK1C	0.047532
DIPK2A	0.054304
DIPK2B	0.048082
DIRAS1	0.657970
DIRAS2	0.042351
DIRAS3	0.049595
DIS3	0.052280
DIS3L	0.053338
DIS3L2	0.049897
DISC1	0.048917
DISP1	0.053105
DISP2	0.070063
DIXDC1	0.047580
DKC1	0.044497
DKK1	0.049153
DKK2	0.049052
DKK3	0.050913
DKK4	0.046752
DKKL1	0.063458
DLAT	0.046849
DLD	0.047117
DLEC1	0.059445
DLEU7	0.098990
DLG1	0.048095
DLG2	0.043912
DLG3	0.047953
DLG4	0.050156
DLG5	0.052014
DLGAP1	0.075651
DLGAP2	0.037406
DLGAP3	0.039368
DLGAP4	0.821467
DLGAP5	0.039845
DLK1	0.045489
DLK2	0.048864
DLL1	0.079602
DLL3	0.048896
DLL4	0.061198
DLST	0.037344
DLX1	0.044497
DLX2	0.049527
DLX3	0.051891
DLX4	0.050158
DLX5	0.049461
DMAC1	0.059556
DMAC2	0.044854
DMAC2L	0.049963
DMAP1	0.048668
DMBT1	0.052700
DMBX1	0.047948
DMC1	0.031442
DMD	0.035715
DMGDH	0.055608
DMKN	0.074051
DMP1	0.049162
DMPK	0.075593
DMRT1	0.046514
DMRT2	0.048369
DMRT3	0.065585
DMRTA1	0.045608
DMRTC1	0.044483
DMRTC1B	0.069882
DMRTC2	0.046753
DMTF1	0.061855
DMTN	0.033677
DMWD	0.054024
DMXL1	0.037049
DMXL2	0.044665
DNA2	0.063892
DNAAF1	0.058371
DNAAF10	0.050347
DNAAF11	0.055028
DNAAF19	0.048718
DNAAF2	0.037424
DNAAF3	0.088235
DNAAF4	0.048231
DNAAF5	0.059834
DNAAF6	0.046077
DNAAF8	0.051678
DNAH1	0.032450
DNAH10	0.051248
DNAH11	0.049336
DNAH12	0.047844
DNAH2	0.045481
DNAH3	0.053076
DNAH5	0.037865
DNAH6	0.051261
DNAH7	0.049859
DNAH8	0.039131
DNAH9	0.050372
DNAI1	0.053336
DNAI2	0.066669
DNAI3	0.049273
DNAI4	0.042728
DNAI7	0.044133
DNAJA1	0.047818
DNAJA2	0.062862
DNAJA3	0.051446
DNAJA4	0.050008
DNAJB1	0.056871
DNAJB11	0.035988
DNAJB12	0.042248
DNAJB13	0.052682
DNAJB14	0.049003
DNAJB2	0.062558
DNAJB4	0.048881
DNAJB5	0.046347
DNAJB6	0.050342
DNAJB7	0.035980
DNAJB8	0.040985
DNAJB9	0.047319
DNAJC1	0.056415
DNAJC10	0.052118
DNAJC11	0.042447
DNAJC12	0.052950
DNAJC13	0.050098
DNAJC14	0.070202
DNAJC15	0.035789
DNAJC16	0.052471
DNAJC17	0.045355
DNAJC18	0.113343
DNAJC19	0.222280
DNAJC2	0.042659
DNAJC21	0.034732
DNAJC22	0.047278
DNAJC24	0.044561
DNAJC25	0.064296
DNAJC25-GNG10	0.048701
DNAJC27	0.051508
DNAJC28	0.059478
DNAJC3	0.047435
DNAJC30	0.051758
DNAJC4	0.064054
DNAJC5	0.052829
DNAJC5B	0.046925
DNAJC6	0.050105
DNAJC7	0.047337
DNAJC8	0.037016
DNAJC9	0.048717
DNAL1	0.048553
DNAL4	0.050604
DNALI1	0.044647
DNASE1	0.708893
DNASE1L1	0.045474
DNASE1L2	0.048342
DNASE1L3	0.049013
DNASE2	0.054110
DNASE2B	0.052276
DND1	0.039518
DNER	0.073503
DNHD1	0.040254
DNLZ	0.056247
DNM1	0.045306
DNM1L	0.047701
DNM2	0.043068
DNM3	0.048787
DNMBP	0.046225
DNMT1	0.049428
DNMT3B	0.123784
DNMT3L	0.033148
DNPEP	0.046226
DNPH1	0.071898
DNTT	0.047889
DNTTIP1	0.035122
DNTTIP2	0.932941
DOC2A	0.056913
DOC2B	0.050047
DOCK1	0.053252
DOCK10	0.046168
DOCK11	0.045850
DOCK2	0.046469
DOCK3	0.047142
DOCK4	0.037635
DOCK5	0.050041
DOCK6	0.076767
DOCK7	0.044785
DOCK8	0.140023
DOCK9	0.047462
DOHH	0.040151
DOK1	0.085261
DOK2	0.049550
DOK3	0.050013
DOK4	0.049163
DOK5	0.062200
DOK6	0.040745
DOK7	0.045914
DOLK	0.039687
DOLPP1	0.128279
DONSON	0.949726
DOP1A	0.046737
DOP1B	0.051119
DORIP1	0.057147
DOT1L	0.039476
DPAGT1	0.065281
DPCD	0.064071
DPEP1	0.056757
DPEP2	0.034154
DPEP3	0.051446
DPF1	0.050632
DPF2	0.089443
DPF3	0.040029
DPH1	0.052823
DPH2	0.037222
DPH3	0.041661
DPH5	0.044899
DPH6	0.050755
DPH7	0.056296
DPM1	0.052855
DPM2	0.047618
DPM3	0.046933
DPP10	0.048935
DPP3	0.090601
DPP4	0.050157
DPP6	0.045174
DPP7	0.049861
DPP8	0.044029
DPP9	0.048399
DPPA2	0.076955
DPPA3	0.049784
DPPA4	0.048538
DPPA5	0.052844
DPRX	0.057115
DPT	0.222763
DPY19L2	0.046388
DPY19L3	0.047664
DPY19L4	0.048719
DPY30	0.044358
DPYD	0.041169
DPYS	0.048056
DPYSL2	0.034530
DPYSL3	0.107502
DPYSL4	0.050490
DPYSL5	0.050576
DQX1	0.058583
DR1	0.046380
DRAM1	0.050326
DRAM2	0.056232
DRAP1	0.052212
DRAXIN	0.048771
DRC1	0.044077
DRC10	0.069153
DRC11	0.051922
DRC12	0.077695
DRC2	0.055402
DRC3	0.050026
DRC4	0.050941
DRC5	0.043142
DRC7	0.065050
DRC8	0.050520
DRC9	0.054422
DRD1	0.046502
DRD2	0.058244
DRD3	0.042696
DRD4	0.055206
DRD5	0.045655
DRG1	0.048853
DRG2	0.047317
DRGX	0.075794
DRICH1	0.045894
DROSHA	0.048123
DRP2	0.054193
DSC1	0.046844
DSC2	0.038867
DSC3	0.046162
DSCAM	0.038286
DSCAML1	0.047692
DSCC1	0.049265
DSE	0.040482
DSEL	0.053042
DSG1	0.050039
DSG2	0.046805
DSG3	0.048920
DSG4	0.051427
DSN1	0.046576
DSP	0.050388
DSPP	0.036459
DST	0.047876
DSTN	0.048466
DSTYK	0.047663
DTD1	0.053788
DTD2	0.033785
DTL	0.138550
DTNB	0.045335
DTNBP1	0.041273
DTWD1	0.045682
DTWD2	0.050659
DTX1	0.049099
DTX2	0.054257
DTX3	0.080786
DTX3L	0.049430
DTX4	0.050801
DTYMK	0.039815
DUOX1	0.048013
DUOX2	0.048627
DUOXA1	0.046944
DUOXA2	0.049660
DUS1L	0.049211
DUS2	0.049408
DUS3L	0.053387
DUS4L	0.034309
DUSP1	0.046795
DUSP10	0.069009
DUSP11	0.051536
DUSP12	0.050621
DUSP13B	0.063054
DUSP14	0.039209
DUSP15	0.085103
DUSP16	0.053648
DUSP18	0.046075
DUSP19	0.048312
DUSP2	0.035652
DUSP21	0.047436
DUSP22	0.049193
DUSP23	0.080847
DUSP26	0.050407
DUSP28	0.048929
DUSP29	0.054091
DUSP3	0.100702
DUSP4	0.050092
DUSP5	0.034584
DUSP6	0.045691
DUSP7	0.046666
DUSP8	0.046284
DUSP9	0.048347
DUT	0.048118
DUX1	0.046879
DUX5	0.045908
DVL1	0.072263
DVL2	0.041609
DVL3	0.049512
DXO	0.047570
DYDC1	0.051070
DYDC2	0.057515
DYM	0.056518
DYNAP	0.047216
DYNC1H1	0.045200
DYNC1I1	0.049566
DYNC1I2	0.058226
DYNC1LI1	0.049141
DYNC1LI2	0.081765
DYNC2H1	0.053226
DYNC2I1	0.049763
DYNC2I2	0.046963
DYNC2LI1	0.032668
DYNLL1	0.053046
DYNLL2	0.054586
DYNLRB1	0.073637
DYNLRB2	0.054454
DYNLT1	0.090570
DYNLT2	0.049791
DYNLT2B	0.057471
DYNLT3	0.047331
DYNLT4	0.038780
DYNLT5	0.047206
DYRK1A	0.052985
DYRK1B	0.054873
DYRK2	0.053864
DYRK3	0.046198
DYRK4	0.041955
DYSF	0.047135
DZANK1	0.043023
DZIP1	0.046243
DZIP1L	0.046220
DZIP3	0.048231
E2F1	0.048843
E2F2	0.061865
E2F3	0.040055
E2F4	0.040460
E2F5	0.055936
E2F6	0.078600
E2F7	0.049394
E2F8	0.052171
E4F1	0.047404
EAF1	0.040154
EAF2	0.047430
EAPP	0.048920
EARS2	0.048382
EBAG9	0.047255
EBF1	0.045774
EBF2	0.053028
EBF3	0.041310
EBI3	0.036258
EBLN2	0.055688
EBNA1BP2	0.913197
EBP	0.048351
EBPL	0.054042
ECD	0.047061
ECE1	0.052327
ECE2	0.046157
ECEL1	0.046833
ECH1	0.050227
ECHDC1	0.047405
ECHDC2	0.045671
ECHDC3	0.046294
ECHS1	0.032801
ECI1	0.044985
ECI2	0.051518
ECM1	0.055440
ECM2	0.044752
ECPAS	0.056338
ECRG4	0.437291
ECSCR	0.053167
ECSIT	0.083348
ECT2	0.070928
EDA	0.053593
EDA2R	0.051227
EDAR	0.129454
EDARADD	0.048003
EDC3	0.048360
EDC4	0.058835
EDDM3A	0.048934
EDDM3B	0.057000
EDEM1	0.046697
EDEM2	0.044482
EDEM3	0.051979
EDF1	0.045209
EDIL3	0.041757
EDN1	0.048116
EDN2	0.094324
EDN3	0.044311
EDNRA	0.050268
EDNRB	0.042465
EDRF1	0.049520
EEA1	0.044464
EED	0.066767
EEF1A1	0.059208
EEF1A2	0.042340
EEF1AKMT1	0.051433
EEF1AKMT2	0.049307
EEF1AKMT3	0.341908
EEF1B2	0.077085
EEF1D	0.053426
EEF1E1	0.051399
EEF1G	0.057110
EEF2	0.954691
EEF2K	0.049264
EEFSEC	0.040205
EEIG1	0.033171
EEIG2	0.055090
EEPD1	0.044770
EFCAB11	0.050998
EFCAB12	0.049040
EFCAB13	0.057489
EFCAB14	0.243641
EFCAB3	0.045628
EFCAB5	0.050204
EFCAB6	0.044532
EFCAB7	0.033655
EFCC1	0.049415
EFEMP1	0.048994
EFEMP2	0.056194
EFHB	0.064820
EFHC1	0.049070
EFHC2	0.046079
EFHD1	0.049192
EFHD2	0.041374
EFL1	0.061922
EFNA1	0.055080
EFNA2	0.049048
EFNA3	0.055141
EFNA4	0.672761
EFNA5	0.035051
EFNB1	0.073988
EFNB2	0.043547
EFNB3	0.047843
EFR3A	0.046989
EFS	0.305129
EFTUD2	0.104288
EGF	0.049882
EGFL6	0.046021
EGFL7	0.063705
EGFL8	0.045169
EGFLAM	0.048073
EGFR	0.045880
EGLN1	0.044027
EGLN2	0.084833
EGLN3	0.050137
EGR1	0.048350
EGR2	0.049199
EGR3	0.050231
EGR4	0.054651
EHBP1	0.052730
EHD1	0.049339
EHD2	0.058470
EHD3	0.046147
EHD4	0.053031
EHF	0.050826
EHHADH	0.045357
EHMT1	0.044253
EHMT2	0.046920
EI24	0.049097
EID1	0.040735
EID2	0.046383
EID2B	0.046773
EID3	0.048441
EIF1	0.064996
EIF1AD	0.054564
EIF1AX	0.076064
EIF1AY	0.044375
EIF1B	0.049165
EIF2A	0.048272
EIF2AK1	0.046138
EIF2AK2	0.039212
EIF2AK3	0.047665
EIF2AK4	0.062418
EIF2B1	0.054502
EIF2B2	0.087478
EIF2B3	0.062093
EIF2B4	0.049307
EIF2B5	0.077487
EIF2D	0.041364
EIF2S1	0.054076
EIF2S2	0.188229
EIF2S3	0.047152
EIF3A	0.062036
EIF3B	0.048082
EIF3C	0.965891
EIF3D	0.047369
EIF3E	0.068408
EIF3F	0.053716
EIF3G	0.188297
EIF3H	0.070384
EIF3I	0.084682
EIF3J	0.062351
EIF3K	0.051070
EIF3L	0.039324
EIF3M	0.200775
EIF4A1	0.456413
EIF4A2	0.047161
EIF4A3	0.912936
EIF4B	0.040531
EIF4E	0.946685
EIF4E2	0.044906
EIF4E3	0.053652
EIF4EBP1	0.050451
EIF4EBP2	0.051015
EIF4EBP3	0.046814
EIF4ENIF1	0.061426
EIF4G1	0.133583
EIF4G2	0.055841
EIF4G3	0.041242
EIF4H	0.049407
EIF5	0.072554
EIF5A	0.040216
EIF5A2	0.856016
EIF5B	0.959252
EIF6	0.035257
EIPR1	0.050504
ELAC1	0.048759
ELAC2	0.048091
ELANE	0.049283
ELAPOR1	0.044196
ELAPOR2	0.044692
ELAVL1	0.037729
ELAVL2	0.043852
ELAVL3	0.943390
ELAVL4	0.047375
ELF1	0.050438
ELF2	0.056339
ELF3	0.115173
ELF4	0.045987
ELF5	0.050268
ELFN2	0.046554
ELK1	0.061223
ELK3	0.048217
ELK4	0.049540
ELL	0.043989
ELL2	0.042603
ELL3	0.051997
ELMO1	0.046988
ELMO2	0.045582
ELMO3	0.106634
ELMOD1	0.048855
ELMOD2	0.050569
ELMOD3	0.046908
ELN	0.044697
ELOA	0.048513
ELOA2	0.049093
ELOB	0.092415
ELOC	0.055745
ELOF1	0.045356
ELOVL1	0.063735
ELOVL2	0.048392
ELOVL3	0.042094
ELOVL4	0.048043
ELOVL5	0.048577
ELOVL6	0.052821
ELOVL7	0.047978
ELP1	0.041117
ELP2	0.037668
ELP3	0.051010
ELP4	0.052291
ELP5	0.048602
ELP6	0.044556
ELSPBP1	0.058281
EMB	0.046428
EMC1	0.046559
EMC10	0.078703
EMC2	0.053741
EMC3	0.047734
EMC4	0.046871
EMC6	0.038705
EMC7	0.050769
EMC8	0.045707
EMC9	0.039001
EMCN	0.047888
EMD	0.042199
EME1	0.054233
EME2	0.058856
EMG1	0.035393
EMID1	0.037865
EMILIN1	0.046397
EMILIN2	0.055646
EMILIN3	0.063697
EML1	0.045881
EML2	0.049844
EML3	0.048183
EML4	0.044955
EML5	0.055841
EMP1	0.043994
EMP2	0.043046
EMP3	0.041513
EMSY	0.047713
EMX1	0.130331
EMX2	0.048964
EN1	0.042832
EN2	0.056414
ENAH	0.063828
ENAM	0.056815
ENC1	0.037648
ENDOG	0.892143
ENDOU	0.046375
ENDOV	0.046218
ENG	0.031725
ENGASE	0.942993
ENHO	0.052625
ENKD1	0.051878
ENKUR	0.037042
ENO1	0.049472
ENO2	0.105044
ENO3	0.047957
ENOPH1	0.054189
ENOSF1	0.053010
ENOX1	0.048219
ENOX2	0.057275
ENPEP	0.047375
ENPP1	0.051648
ENPP2	0.059824
ENPP3	0.051206
ENPP4	0.075543
ENPP5	0.044971
ENPP6	0.055951
ENPP7	0.044013
ENSA	0.039453
ENTHD1	0.044064
ENTPD1	0.084621
ENTPD2	0.044104
ENTPD3	0.080938
ENTPD4	0.057184
ENTPD5	0.047500
ENTPD6	0.047551
ENTPD7	0.047837
ENTPD8	0.057854
ENTR1	0.039979
ENTREP1	0.312931
ENTREP3	0.048074
ENY2	0.053518
EOGT	0.925060
EOLA1	0.080245
EOLA2	0.114799
EOMES	0.046311
EP300	0.048890
EP400	0.043646
EPAS1	0.044254
EPB41	0.044211
EPB41L1	0.048355
EPB41L2	0.045536
EPB41L3	0.048083
EPB41L4A	0.048633
EPB41L4B	0.047008
EPB41L5	0.049718
EPB42	0.048090
EPC1	0.048950
EPC2	0.060529
EPCAM	0.047772
EPCIP	0.054465
EPDR1	0.095542
EPG5	0.055263
EPGN	0.046202
EPHA1	0.052921
EPHA2	0.049851
EPHA3	0.056481
EPHA4	0.051415
EPHA5	0.044994
EPHA6	0.048363
EPHA7	0.045536
EPHA8	0.048597
EPHB1	0.048817
EPHB2	0.958454
EPHB3	0.076027
EPHB4	0.047914
EPHB6	0.047335
EPHX1	0.048017
EPHX2	0.037337
EPHX3	0.048242
EPHX4	0.046691
EPM2A	0.045906
EPM2AIP1	0.037163
EPN1	0.058131
EPN2	0.049260
EPN3	0.047644
EPO	0.046326
EPOP	0.047731
EPOR	0.051754
EPPIN	0.048536
EPPK1	0.045993
EPRS1	0.960584
EPS15	0.061206
EPS15L1	0.053736
EPS8	0.049393
EPS8L1	0.043483
EPS8L2	0.048952
EPS8L3	0.051732
EPSTI1	0.048676
EPX	0.068829
EPYC	0.049393
EQTN	0.046277
ERAL1	0.049133
ERAP1	0.041089
ERAP2	0.040056
ERAS	0.133186
ERBB2	0.047546
ERBB3	0.051124
ERBB4	0.044776
ERBIN	0.050319
ERC1	0.050079
ERC2	0.077226
ERCC1	0.053402
ERCC2	0.046905
ERCC3	0.049367
ERCC4	0.056104
ERCC5	0.039547
ERCC6	0.045658
ERCC6L	0.047489
ERCC6L2	0.037895
ERCC8	0.066280
EREG	0.048218
ERF	0.147294
ERG	0.042874
ERG28	0.050189
ERGIC1	0.046627
ERGIC2	0.043133
ERGIC3	0.046327
ERH	0.083733
ERI1	0.046129
ERI2	0.052890
ERI3	0.055624
ERICH1	0.047575
ERICH3	0.048277
ERICH4	0.049379
ERICH5	0.049760
ERICH6	0.050805
ERLEC1	0.046739
ERLIN1	0.040241
ERLIN2	0.043447
ERMAP	0.043612
ERMARD	0.047670
ERMN	0.048119
ERMP1	0.052470
ERN1	0.033978
ERN2	0.055204
ERO1A	0.256497
ERO1B	0.049075
ERP27	0.058218
ERP29	0.490383
ERP44	0.051599
ERRFI1	0.056826
ERV3-1	0.040865
ERVFRD-1	0.044463
ERVW-1	0.051780
ESAM	0.050689
ESCO1	0.048846
ESCO2	0.045466
ESD	0.120865
ESF1	0.057908
ESM1	0.057002
ESPL1	0.519662
ESPN	0.052516
ESPNL	0.047248
ESR1	0.149413
ESR2	0.045602
ESRP1	0.049385
ESRP2	0.048812
ESRRA	0.046830
ESRRB	0.048377
ESRRG	0.070022
ESS2	0.056744
ESX1	0.047523
ESYT1	0.047823
ESYT2	0.059847
ESYT3	0.071986
ETAA1	0.049948
ETF1	0.147085
ETFA	0.068831
ETFB	0.049082
ETFBKMT	0.049276
ETFDH	0.048633
ETFRF1	0.048146
ETHE1	0.093740
ETNK1	0.039864
ETNK2	0.050926
ETNPPL	0.059288
ETS1	0.049873
ETS2	0.050312
ETV1	0.048546
ETV2	0.032764
ETV3	0.086537
ETV3L	0.049667
ETV4	0.055912
ETV5	0.367319
ETV6	0.047715
ETV7	0.049069
EVA1A	0.051870
EVA1B	0.050994
EVA1C	0.046925
EVC	0.048576
EVC2	0.049248
EVI2A	0.050077
EVI2B	0.048624
EVI5	0.048041
EVI5L	0.047291
EVL	0.039726
EVPL	0.050594
EVX1	0.050013
EVX2	0.044584
EWSR1	0.057145
EXD1	0.035087
EXD2	0.051050
EXD3	0.047354
EXO1	0.048268
EXO5	0.083620
EXOC1	0.047265
EXOC2	0.049836
EXOC3	0.046782
EXOC3L1	0.037561
EXOC3L2	0.056142
EXOC3L4	0.049127
EXOC4	0.052836
EXOC5	0.048364
EXOC6	0.042423
EXOC7	0.044655
EXOC8	0.059898
EXOG	0.044001
EXOSC1	0.064893
EXOSC10	0.047480
EXOSC2	0.046925
EXOSC3	0.046305
EXOSC4	0.050947
EXOSC5	0.048398
EXOSC6	0.050966
EXOSC7	0.048213
EXOSC8	0.050057
EXOSC9	0.096175
EXPH5	0.048065
EXT1	0.041403
EXT2	0.042640
EXTL1	0.066155
EXTL2	0.045688
EXTL3	0.049399
EYA1	0.046020
EYA2	0.057344
EYA3	0.037125
EYA4	0.050167
EYS	0.050560
EZH1	0.043144
EZH2	0.045615
EZHIP	0.044639
EZR	0.037976
F10	0.045970
F11	0.043014
F11R	0.050349
F12	0.121997
F13A1	0.050081
F13B	0.047867
F2	0.048694
F2R	0.072590
F2RL1	0.045684
F2RL2	0.051754
F2RL3	0.055671
F3	0.045337
F5	0.047180
F7	0.050763
F8	0.070567
F8A1	0.043846
F8A2	0.046231
F8A3	0.049579
F9	0.050757
FA2H	0.049382
FAAH	0.053919
FAAH2	0.051581
FAAP100	0.953500
FAAP20	0.049666
FAAP24	0.046566
FABP1	0.047527
FABP2	0.044803
FABP3	0.046047
FABP4	0.052027
FABP5	0.048205
FABP6	0.106199
FABP7	0.046229
FABP9	0.054494
FADD	0.051969
FADS1	0.039222
FADS2	0.032874
FADS3	0.110538
FADS6	0.077974
FAF1	0.046110
FAF2	0.048048
FAH	0.082174
FAHD1	0.034858
FAHD2A	0.048896
FAHD2B	0.052156
FAIM	0.043434
FAIM2	0.048997
FAM107A	0.046932
FAM107B	0.047369
FAM110A	0.114634
FAM110B	0.050485
FAM110C	0.072113
FAM110D	0.049640
FAM111A	0.050846
FAM111B	0.049308
FAM114A1	0.933452
FAM114A2	0.049280
FAM117A	0.044834
FAM117B	0.047238
FAM118A	0.059717
FAM118B	0.039558
FAM120A	0.050048
FAM120AOS	0.035563
FAM120B	0.046210
FAM120C	0.046548
FAM124A	0.046546
FAM124B	0.046145
FAM131A	0.059090
FAM131B	0.055201
FAM131C	0.046148
FAM133A	0.044667
FAM133B	0.041938
FAM135A	0.045103
FAM135B	0.050596
FAM136A	0.051845
FAM13A	0.049408
FAM13B	0.048961
FAM13C	0.050941
FAM149A	0.043125
FAM149B1	0.045280
FAM151A	0.051476
FAM151B	0.048823
FAM153A	0.108371
FAM156A	0.158718
FAM161A	0.054078
FAM161B	0.048186
FAM162A	0.046735
FAM163A	0.049128
FAM167A	0.050943
FAM167B	0.050749
FAM168A	0.049523
FAM168B	0.174942
FAM170A	0.067125
FAM171A1	0.043089
FAM171B	0.050225
FAM174A	0.051806
FAM174B	0.050114
FAM174C	0.042056
FAM177A1	0.052197
FAM177B	0.063620
FAM178B	0.049869
FAM180A	0.049681
FAM181A	0.058755
FAM181B	0.046733
FAM184A	0.053334
FAM186B	0.047797
FAM187B	0.046148
FAM193A	0.045542
FAM193B	0.043224
FAM199X	0.043794
FAM200A	0.053126
FAM200C	0.047506
FAM204A	0.052595
FAM209A	0.131056
FAM209B	0.050746
FAM20A	0.045270
FAM20B	0.095194
FAM20C	0.053930
FAM210A	0.053273
FAM210B	0.047764
FAM216A	0.048838
FAM216B	0.048336
FAM217A	0.048107
FAM217B	0.049560
FAM219A	0.047064
FAM219B	0.062981
FAM220A	0.045123
FAM221A	0.047481
FAM221B	0.035982
FAM222A	0.049917
FAM222B	0.047970
FAM227B	0.043367
FAM228A	0.062234
FAM229B	0.048985
FAM234A	0.048895
FAM234B	0.053471
FAM241A	0.052103
FAM241B	0.050645
FAM24A	0.116746
FAM24B	0.045010
FAM32A	0.049038
FAM3A	0.060333
FAM3B	0.047237
FAM3C	0.047222
FAM3D	0.032051
FAM43A	0.059994
FAM43B	0.048366
FAM47A	0.048267
FAM47B	0.048447
FAM47C	0.050297
FAM47E	0.882638
FAM50A	0.046208
FAM50B	0.032768
FAM53A	0.034051
FAM53B	0.038162
FAM53C	0.053392
FAM72D	0.049662
FAM76A	0.057873
FAM76B	0.066600
FAM78A	0.048397
FAM78B	0.043008
FAM81A	0.043305
FAM81B	0.046381
FAM83A	0.073620
FAM83B	0.050543
FAM83C	0.052916
FAM83D	0.052563
FAM83E	0.043691
FAM83F	0.050701
FAM83G	0.045807
FAM83H	0.047904
FAM86B1	0.096851
FAM89A	0.051282
FAM89B	0.049547
FAM8A1	0.053809
FAM90A1	0.038421
FAM91A1	0.042885
FAM98A	0.045149
FAM98B	0.040794
FAM98C	0.046605
FAM9A	0.057961
FAM9B	0.054962
FAM9C	0.052187
FAN1	0.044792
FANCA	0.053148
FANCB	0.035113
FANCC	0.042386
FANCD2	0.048671
FANCD2OS	0.044269
FANCE	0.835752
FANCF	0.039570
FANCG	0.050610
FANCI	0.049384
FANCL	0.049095
FANCM	0.063384
FANK1	0.056057
FAP	0.049189
FAR1	0.042930
FAR2	0.049616
FARP1	0.278081
FARP2	0.051585
FARS2	0.050837
FARSA	0.050323
FARSB	0.049821
FAS	0.046965
FASLG	0.049811
FASN	0.044448
FASTK	0.044804
FASTKD1	0.045246
FASTKD2	0.050559
FASTKD3	0.047875
FASTKD5	0.046370
FAT1	0.043087
FAT2	0.056575
FAT4	0.037522
FATE1	0.073821
FAU	0.949157
FAXC	0.108641
FAXDC2	0.040996
FBF1	0.045867
FBH1	0.048443
FBL	0.121808
FBLIM1	0.049146
FBLN1	0.058747
FBLN2	0.046653
FBLN5	0.045212
FBLN7	0.049796
FBN1	0.048459
FBN2	0.047764
FBN3	0.054689
FBP1	0.072639
FBP2	0.049595
FBRS	0.048716
FBXL12	0.040511
FBXL13	0.045715
FBXL14	0.063148
FBXL15	0.045009
FBXL16	0.068412
FBXL17	0.053828
FBXL18	0.049056
FBXL19	0.045649
FBXL2	0.046395
FBXL20	0.045977
FBXL22	0.047569
FBXL3	0.048042
FBXL4	0.049743
FBXL5	0.047305
FBXL6	0.085876
FBXL7	0.045928
FBXL8	0.051987
FBXO10	0.045470
FBXO11	0.107348
FBXO15	0.047445
FBXO16	0.048176
FBXO17	0.055178
FBXO2	0.045716
FBXO21	0.046831
FBXO22	0.044911
FBXO24	0.110772
FBXO25	0.048918
FBXO27	0.055585
FBXO28	0.038116
FBXO3	0.047385
FBXO30	0.045437
FBXO31	0.047759
FBXO32	0.056522
FBXO33	0.055470
FBXO34	0.046363
FBXO36	0.038853
FBXO38	0.064955
FBXO39	0.047680
FBXO4	0.048576
FBXO40	0.049238
FBXO41	0.074940
FBXO42	0.050932
FBXO43	0.052703
FBXO44	0.394730
FBXO45	0.048640
FBXO46	0.047022
FBXO47	0.044346
FBXO48	0.046639
FBXO5	0.045525
FBXO6	0.047786
FBXO7	0.048560
FBXO8	0.047962
FBXO9	0.047950
FBXW10	0.046137
FBXW10B	0.046167
FBXW11	0.059315
FBXW12	0.048939
FBXW2	0.050471
FBXW4	0.047084
FBXW5	0.051957
FBXW7	0.049369
FBXW8	0.048624
FBXW9	0.042047
FCAMR	0.048626
FCER1A	0.048657
FCER1G	0.047243
FCER2	0.032981
FCF1	0.056110
FCGBP	0.047223
FCGR1A	0.045274
FCGR2A	0.047494
FCGR2B	0.057505
FCGR2C	0.190638
FCGR3A	0.049126
FCGR3B	0.049370
FCGRT	0.045215
FCHO1	0.964431
FCHO2	0.049682
FCHSD1	0.077804
FCHSD2	0.044111
FCMR	0.046020
FCN1	0.045537
FCN2	0.044974
FCN3	0.061586
FCRL1	0.038435
FCRL2	0.125209
FCRL3	0.052835
FCRL4	0.940574
FCRL5	0.064012
FCRL6	0.048325
FCRLA	0.045889
FCRLB	0.054318
FCSK	0.043614
FDCSP	0.041840
FDFT1	0.387525
FDPS	0.102081
FDX1	0.046277
FDXR	0.049311
FECH	0.050754
FEM1A	0.046315
FEM1B	0.044552
FEM1C	0.062775
FEN1	0.048306
FER	0.043256
FER1L5	0.330815
FER1L6	0.051435
FERD3L	0.056082
FERMT1	0.048975
FERMT2	0.046275
FERMT3	0.044429
FERRY3	0.043015
FES	0.053194
FETUB	0.044988
FEV	0.047543
FEZ1	0.042010
FEZF1	0.050926
FEZF2	0.036619
FFAR1	0.045026
FFAR2	0.048038
FFAR3	0.053482
FFAR4	0.055331
FGA	0.051473
FGB	0.033392
FGD1	0.042502
FGD2	0.036603
FGD3	0.053236
FGD4	0.949635
FGD5	0.044250
FGD6	0.050975
FGF1	0.049874
FGF10	0.050956
FGF11	0.054126
FGF12	0.048316
FGF13	0.050776
FGF14	0.070839
FGF16	0.048157
FGF17	0.044645
FGF18	0.053041
FGF19	0.049054
FGF2	0.069070
FGF20	0.035839
FGF21	0.042472
FGF22	0.045710
FGF23	0.045890
FGF3	0.049664
FGF4	0.048305
FGF5	0.082574
FGF6	0.045621
FGF7	0.035020
FGF8	0.049535
FGF9	0.052716
FGFBP1	0.044714
FGFBP2	0.042818
FGFBP3	0.055512
FGFR1	0.080246
FGFR1OP2	0.047962
FGFR2	0.043600
FGFR3	0.043504
FGFR4	0.056718
FGFRL1	0.044276
FGG	0.044679
FGGY	0.057087
FGL1	0.046604
FGL2	0.040084
FGR	0.050735
FH	0.051082
FHDC1	0.033703
FHIP1B	0.032866
FHIP2A	0.047596
FHIP2B	0.049641
FHIT	0.043205
FHL1	0.047301
FHL2	0.389029
FHL3	0.047507
FHL5	0.047485
FHOD1	0.052114
FHOD3	0.057129
FIBCD1	0.044403
FIBIN	0.049935
FIBP	0.048666
FICD	0.050206
FIG4	0.045663
FIGLA	0.049176
FIGN	0.055486
FIGNL1	0.032497
FIGNL2	0.050499
FILIP1	0.054359
FILIP1L	0.120383
FIP1L1	0.052955
FIRRM	0.038793
FIS1	0.049868
FITM1	0.046785
FITM2	0.046545
FIZ1	0.055444
FJX1	0.042379
FKBP10	0.059878
FKBP11	0.051360
FKBP14	0.052549
FKBP15	0.074341
FKBP1A	0.049163
FKBP1B	0.050223
FKBP2	0.046203
FKBP3	0.069131
FKBP4	0.046681
FKBP5	0.050502
FKBP6	0.045542
FKBP7	0.052744
FKBP8	0.041213
FKBP9	0.043600
FKBPL	0.043895
FKRP	0.044954
FKTN	0.089433
FLACC1	0.050320
FLAD1	0.063654
FLCN	0.041157
FLG	0.034909
FLG2	0.036698
FLI1	0.049967
FLII	0.046299
FLNA	0.053492
FLNB	0.046226
FLNC	0.060070
FLOT1	0.052899
FLOT2	0.049968
FLRT1	0.047312
FLRT3	0.071660
FLT1	0.050197
FLT3	0.050189
FLT3LG	0.057558
FLT4	0.034989
FLVCR1	0.041353
FLVCR2	0.050928
FLYWCH1	0.040671
FLYWCH2	0.050921
FMC1	0.037462
FMN2	0.063058
FMNL1	0.072576
FMNL2	0.049146
FMNL3	0.034479
FMO1	0.051725
FMO2	0.048493
FMO3	0.048521
FMO4	0.053036
FMO5	0.086565
FMOD	0.925262
FMR1	0.047172
FMR1NB	0.053900
FN1	0.044873
FN3K	0.043372
FN3KRP	0.047203
FNBP1	0.049552
FNBP1L	0.046736
FNBP4	0.047974
FNDC1	0.095185
FNDC11	0.045887
FNDC3A	0.036279
FNDC3B	0.049638
FNDC4	0.052251
FNDC5	0.051660
FNDC7	0.054494
FNDC8	0.037727
FNDC9	0.049162
FNIP1	0.033328
FNTA	0.046327
FNTB	0.048967
FOCAD	0.051836
FOLH1	0.053109
FOLR1	0.047107
FOLR2	0.113663
FOLR3	0.047354
FOS	0.056934
FOSB	0.051709
FOSL1	0.060680
FOSL2	0.052802
FOXA1	0.050764
FOXA2	0.044268
FOXA3	0.048583
FOXB2	0.082409
FOXC1	0.048068
FOXD1	0.056495
FOXD2	0.048390
FOXD3	0.032563
FOXD4	0.048320
FOXD4L1	0.063953
FOXD4L3	0.047917
FOXD4L4	0.048512
FOXD4L5	0.052169
FOXD4L6	0.046898
FOXE1	0.141058
FOXE3	0.085236
FOXF1	0.099236
FOXF2	0.045600
FOXG1	0.065749
FOXH1	0.048921
FOXI1	0.068624
FOXI2	0.052255
FOXJ1	0.168602
FOXJ2	0.055001
FOXJ3	0.040609
FOXK1	0.045764
FOXK2	0.051440
FOXL1	0.081758
FOXL2	0.047601
FOXM1	0.048131
FOXN1	0.035494
FOXN2	0.045130
FOXN3	0.129643
FOXN4	0.047504
FOXO1	0.087134
FOXO3	0.053446
FOXO4	0.046220
FOXP1	0.048006
FOXP2	0.046279
FOXP3	0.056757
FOXP4	0.068405
FOXQ1	0.039413
FOXR1	0.051156
FOXR2	0.036599
FOXRED1	0.050425
FOXRED2	0.044091
FOXS1	0.202597
FPGS	0.042003
FPGT	0.034683
FPR1	0.048796
FPR2	0.048620
FPR3	0.046370
FRA10AC1	0.044626
FRAS1	0.049881
FRAT1	0.045748
FRAT2	0.045493
FREM1	0.050162
FREM2	0.051180
FREY1	0.051464
FRG1	0.049857
FRG2	0.046205
FRG2B	0.046643
FRK	0.077484
FRMD1	0.049135
FRMD3	0.045828
FRMD4A	0.050785
FRMD5	0.052205
FRMD6	0.046835
FRMD7	0.039848
FRMD8	0.051033
FRMPD1	0.050393
FRMPD2	0.063085
FRMPD4	0.055922
FRRS1	0.044867
FRRS1L	0.047849
FRS2	0.105122
FRS3	0.047555
FRY	0.054783
FRYL	0.034643
FRZB	0.049249
FSAF1	0.043070
FSCB	0.047533
FSCN1	0.068667
FSCN2	0.044970
FSCN3	0.052229
FSD1	0.046609
FSD1L	0.050693
FSD2	0.044720
FSHB	0.052172
FSHR	0.046110
FSIP1	0.055220
FSIP2	0.049782
FST	0.048692
FSTL1	0.049406
FSTL3	0.050672
FSTL4	0.043755
FSTL5	0.045213
FTCD	0.048321
FTH1	0.050177
FTHL17	0.049011
FTL	0.047807
FTMT	0.057933
FTO	0.041571
FTSJ1	0.051413
FTSJ3	0.081341
FUBP1	0.054495
FUBP3	0.046476
FUCA1	0.051713
FUCA2	0.052402
FUNDC1	0.049821
FUNDC2	0.048340
FUOM	0.051231
FURIN	0.077769
FUS	0.047078
FUT1	0.032380
FUT2	0.050403
FUT3	0.046247
FUT4	0.045355
FUT5	0.047934
FUT6	0.050011
FUT7	0.048165
FUT8	0.165100
FUT9	0.045145
FUZ	0.052769
FXN	0.037716
FXR1	0.047182
FXR2	0.049668
FXYD1	0.270929
FXYD2	0.070774
FXYD3	0.050531
FXYD4	0.049581
FXYD5	0.050190
FXYD6	0.046840
FXYD7	0.048814
FYB1	0.047728
FYB2	0.046130
FYCO1	0.056856
FYN	0.045448
FYTTD1	0.050565
FZD1	0.047416
FZD10	0.051627
FZD2	0.040617
FZD3	0.039437
FZD4	0.054849
FZD5	0.055837
FZD6	0.047884
FZD7	0.045408
FZD8	0.071480
FZD9	0.044805
FZR1	0.055897
G0S2	0.040833
G2E3	0.043824
G3BP1	0.101900
G3BP2	0.068727
G6PC1	0.038725
G6PC2	0.052378
G6PC3	0.048069
G6PD	0.049423
GAA	0.054091
GAB1	0.753091
GAB2	0.046253
GAB3	0.046724
GAB4	0.053351
GABARAP	0.083376
GABARAPL1	0.048899
GABARAPL2	0.037867
GABBR1	0.056955
GABBR2	0.058220
GABPA	0.066877
GABPB1	0.046297
GABPB2	0.043332
GABRA1	0.050037
GABRA2	0.035305
GABRA3	0.080232
GABRA4	0.048582
GABRA5	0.048284
GABRA6	0.049075
GABRB1	0.041403
GABRB2	0.055111
GABRB3	0.059493
GABRD	0.060289
GABRE	0.049103
GABRG1	0.048619
GABRG2	0.052837
GABRG3	0.046802
GABRP	0.089906
GABRQ	0.047930
GABRR1	0.059779
GABRR2	0.065953
GABRR3	0.049007
GAD1	0.051856
GAD2	0.055098
GADD45A	0.050728
GADD45B	0.040136
GADD45G	0.044904
GADD45GIP1	0.042607
GADL1	0.049690
GAGE2B	0.052574
GAGE2C	0.117664
GAGE2E	0.084062
GAGE6	0.044815
GAGE8	0.142147
GAK	0.048005
GAL	0.442518
GAL3ST1	0.044940
GAL3ST2	0.044359
GAL3ST3	0.047705
GAL3ST4	0.060554
GALC	0.046963
GALE	0.050531
GALK1	0.047864
GALK2	0.049075
GALM	0.045156
GALNS	0.040303
GALNT1	0.044139
GALNT10	0.047217
GALNT11	0.035101
GALNT12	0.048187
GALNT13	0.044834
GALNT14	0.037237
GALNT15	0.056214
GALNT16	0.055863
GALNT17	0.044624
GALNT18	0.049570
GALNT2	0.043170
GALNT3	0.047876
GALNT4	0.036070
GALNT5	0.035962
GALNT6	0.047437
GALNT7	0.061372
GALNT8	0.076521
GALNT9	0.064313
GALNTL5	0.048972
GALNTL6	0.047784
GALP	0.043089
GALR1	0.048455
GALR2	0.046894
GALT	0.051975
GAMT	0.046217
GAN	0.068997
GANAB	0.046076
GANC	0.047872
GAP43	0.042377
GAPDH	0.049649
GAPDHS	0.045741
GAPT	0.047918
GAPVD1	0.046612
GAR1	0.061792
GAREM1	0.051054
GARIN1A	0.049204
GARIN1B	0.050986
GARIN2	0.048240
GARIN3	0.054454
GARIN4	0.048041
GARIN5A	0.050099
GARIN6	0.048393
GARNL3	0.045310
GARRE1	0.044922
GARS1	0.070851
GART	0.048376
GAS1	0.043977
GAS2	0.045984
GAS2L1	0.049014
GAS2L2	0.045494
GAS2L3	0.037172
GAS6	0.048210
GAS7	0.044050
GASK1B	0.047346
GAST	0.046107
GATA1	0.044091
GATA2	0.042663
GATA3	0.046315
GATA4	0.046655
GATA5	0.049655
GATA6	0.054255
GATAD1	0.051669
GATAD2A	0.045833
GATAD2B	0.032057
GATB	0.076259
GATC	0.105037
GATD1	0.044581
GATD3	0.048841
GATM	0.188263
GBA1	0.048531
GBA2	0.047649
GBA3	0.051168
GBE1	0.039611
GBF1	0.051991
GBGT1	0.035921
GBP1	0.056033
GBP2	0.041299
GBP3	0.047896
GBP4	0.047126
GBP5	0.049461
GBP6	0.052322
GBP7	0.056383
GBX2	0.037992
GC	0.054365
GCA	0.044882
GCAT	0.048227
GCC1	0.051236
GCC2	0.048401
GCDH	0.059125
GCFC2	0.043086
GCG	0.061963
GCGR	0.044456
GCH1	0.088147
GCHFR	0.032587
GCK	0.052074
GCKR	0.044653
GCLC	0.071552
GCLM	0.047988
GCM1	0.045330
GCM2	0.055861
GCN1	0.049803
GCNA	0.038991
GCNT1	0.052653
GCNT2	0.053574
GCNT3	0.044803
GCNT4	0.049072
GCNT7	0.048181
GCOM1	0.045340
GCSAM	0.047789
GCSAML	0.048431
GCSH	0.053420
GDA	0.286098
GDAP1	0.035029
GDAP1L1	0.055735
GDAP2	0.045225
GDE1	0.065522
GDF10	0.080842
GDF11	0.054940
GDF15	0.048804
GDF2	0.057454
GDF3	0.053832
GDF5	0.046722
GDF6	0.037656
GDF7	0.080255
GDF9	0.042635
GDI1	0.044426
GDI2	0.054970
GDNF	0.046365
GDPD1	0.049372
GDPD2	0.042273
GDPD3	0.048642
GDPD4	0.047895
GDPD5	0.049974
GDPGP1	0.052328
GEM	0.049735
GEMIN2	0.052921
GEMIN4	0.045162
GEMIN5	0.046231
GEMIN6	0.057414
GEMIN7	0.047323
GEMIN8	0.054403
GEN1	0.049505
GET1	0.048811
GET3	0.033237
GET4	0.032032
GFAP	0.048901
GFER	0.176863
GFI1	0.049551
GFI1B	0.046921
GFM1	0.045380
GFM2	0.043891
GFOD1	0.047888
GFOD2	0.045228
GFPT1	0.049406
GFPT2	0.046614
GFRA1	0.050682
GFRA2	0.083456
GFRA3	0.055998
GFRA4	0.053622
GFRAL	0.057123
GFUS	0.062391
GGA1	0.119986
GGA2	0.044997
GGA3	0.036155
GGACT	0.040580
GGCT	0.050856
GGCX	0.033158
GGH	0.058736
GGN	0.046571
GGNBP2	0.047842
GGPS1	0.051247
GGT1	0.140865
GGT5	0.050130
GGT6	0.051200
GGT7	0.048834
GGTLC1	0.050596
GGTLC2	0.060710
GH2	0.060788
GHDC	0.048140
GHITM	0.046202
GHR	0.048440
GHRH	0.072799
GHRHR	0.064123
GHRL	0.057906
GHSR	0.115190
GID4	0.034888
GIGYF1	0.047245
GIGYF2	0.037030
GIMAP1	0.047404
GIMAP2	0.047455
GIMAP4	0.032771
GIMAP5	0.069068
GIMAP6	0.039194
GIMAP7	0.044739
GIMAP8	0.044959
GIN1	0.047449
GINM1	0.052281
GINS1	0.048984
GINS2	0.047289
GINS3	0.048283
GINS4	0.058544
GIP	0.050994
GIPC1	0.053543
GIPC2	0.048228
GIPC3	0.040230
GIPR	0.048859
GIT1	0.047904
GIT2	0.061453
GJA1	0.049148
GJA10	0.048210
GJA3	0.063728
GJA4	0.071239
GJA5	0.046554
GJA8	0.045233
GJA9	0.048188
GJB1	0.164056
GJB2	0.049429
GJB3	0.052711
GJB4	0.045591
GJB5	0.056004
GJB6	0.126775
GJB7	0.046534
GJC1	0.044891
GJC2	0.051580
GJC3	0.035633
GJD2	0.055762
GJD3	0.065278
GJD4	0.041338
GK	0.035590
GK2	0.041866
GK5	0.044314
GKAP1	0.047484
GKN1	0.059450
GKN2	0.049454
GLA	0.049238
GLB1	0.045749
GLB1L	0.048193
GLB1L2	0.046084
GLB1L3	0.078824
GLCCI1	0.044372
GLCE	0.050428
GLDC	0.046610
GLDN	0.048623
GLE1	0.035590
GLG1	0.061949
GLI1	0.048046
GLI2	0.046987
GLI3	0.048128
GLI4	0.046146
GLIPR1	0.043925
GLIPR1L1	0.132550
GLIPR1L2	0.048249
GLIPR2	0.034624
GLIS1	0.044498
GLIS2	0.050781
GLIS3	0.051685
GLMN	0.050998
GLMP	0.035507
GLO1	0.048391
GLOD4	0.046991
GLP1R	0.043635
GLP2R	0.051611
GLRA1	0.049628
GLRA2	0.051469
GLRA3	0.073391
GLRB	0.049362
GLRX	0.046001
GLRX2	0.072889
GLRX3	0.043722
GLRX5	0.048874
GLS	0.045285
GLS2	0.046051
GLT1D1	0.057725
GLT6D1	0.051364
GLT8D1	0.046265
GLT8D2	0.049611
GLTP	0.050175
GLTPD2	0.093399
GLUD1	0.046454
GLUD2	0.050311
GLUL	0.049149
GLYAT	0.048811
GLYATL1	0.052934
GLYATL2	0.056887
GLYCTK	0.046234
GLYR1	0.051150
GM2A	0.109182
GMCL1	0.035250
GMDS	0.063634
GMEB1	0.059741
GMEB2	0.052679
GMFB	0.050997
GMFG	0.049338
GMIP	0.046313
GML	0.054889
GMNN	0.046693
GMPPA	0.049604
GMPPB	0.049160
GMPR	0.050456
GMPR2	0.049557
GMPS	0.122582
GNA11	0.048472
GNA12	0.051699
GNA13	0.046348
GNA14	0.048941
GNA15	0.046813
GNAI1	0.055618
GNAI2	0.050102
GNAI3	0.377095
GNAL	0.051742
GNAO1	0.035322
GNAQ	0.039701
GNAS	0.050597
GNAT1	0.046041
GNAT2	0.050057
GNAZ	0.048229
GNB1	0.052423
GNB1L	0.045990
GNB2	0.034409
GNB3	0.049358
GNB4	0.051147
GNB5	0.073170
GNE	0.038372
GNG10	0.059544
GNG11	0.046486
GNG12	0.048745
GNG13	0.046507
GNG2	0.045630
GNG3	0.060714
GNG4	0.047843
GNG5	0.091999
GNG7	0.048480
GNG8	0.079650
GNGT1	0.042773
GNGT2	0.049945
GNL1	0.049144
GNL2	0.049027
GNL3	0.050960
GNL3L	0.043493
GNLY	0.049859
GNMT	0.058997
GNPAT	0.043719
GNPDA1	0.157402
GNPDA2	0.048993
GNPNAT1	0.050697
GNPTAB	0.048987
GNPTG	0.052170
GNRH1	0.049087
GNRH2	0.117303
GNRHR	0.051011
GNS	0.048031
GOLGA1	0.045162
GOLGA2	0.055881
GOLGA3	0.046790
GOLGA4	0.046215
GOLGA5	0.050110
GOLGA6A	0.050343
GOLGA6B	0.048839
GOLGA6L9	0.048116
GOLGA7	0.050121
GOLGA7B	0.049724
GOLGA8A	0.072735
GOLGA8B	0.063912
GOLGA8F	0.041811
GOLGA8G	0.045558
GOLGB1	0.056758
GOLIM4	0.052467
GOLM1	0.050442
GOLM2	0.050487
GOLPH3	0.046214
GOLPH3L	0.045825
GOLT1A	0.037794
GOLT1B	0.054663
GON4L	0.065033
GON7	0.042607
GOPC	0.071293
GORAB	0.049435
GORASP1	0.049000
GORASP2	0.048701
GOSR1	0.128348
GOSR2	0.056384
GOT1	0.046279
GOT1L1	0.048300
GOT2	0.048505
GP1BA	0.051606
GP2	0.046285
GP5	0.050493
GP6	0.045517
GP9	0.045779
GPA33	0.043794
GPAA1	0.045116
GPALPP1	0.049450
GPAM	0.052802
GPANK1	0.045453
GPAT2	0.044717
GPAT3	0.051351
GPAT4	0.050990
GPATCH1	0.055639
GPATCH11	0.048555
GPATCH2	0.046652
GPATCH2L	0.055755
GPATCH3	0.045538
GPATCH4	0.042166
GPATCH8	0.057101
GPBAR1	0.064049
GPBP1	0.049040
GPBP1L1	0.051346
GPC1	0.051586
GPC2	0.034942
GPC3	0.041204
GPC4	0.049666
GPC5	0.133728
GPC6	0.048571
GPCPD1	0.044729
GPD1	0.048581
GPD1L	0.053963
GPD2	0.051207
GPER1	0.042198
GPHA2	0.037458
GPHB5	0.047648
GPHN	0.052951
GPI	0.045720
GPIHBP1	0.154008
GPKOW	0.932871
GPLD1	0.052380
GPM6A	0.038106
GPM6B	0.051672
GPN1	0.041482
GPN2	0.049942
GPN3	0.049015
GPNMB	0.038131
GPR101	0.043819
GPR107	0.038582
GPR108	0.075289
GPR119	0.034546
GPR12	0.051817
GPR132	0.050392
GPR135	0.046591
GPR137	0.089467
GPR137B	0.038021
GPR139	0.055318
GPR141	0.054367
GPR142	0.043302
GPR143	0.047983
GPR146	0.056811
GPR148	0.051309
GPR149	0.045843
GPR15	0.094813
GPR151	0.046902
GPR152	0.068117
GPR153	0.043206
GPR155	0.046361
GPR156	0.044578
GPR157	0.046941
GPR158	0.049939
GPR15LG	0.038895
GPR160	0.059573
GPR161	0.048570
GPR162	0.049466
GPR17	0.085175
GPR171	0.046726
GPR173	0.051077
GPR174	0.054485
GPR176	0.057797
GPR179	0.049580
GPR18	0.059567
GPR180	0.033694
GPR183	0.049551
GPR19	0.033510
GPR20	0.048415
GPR21	0.051083
GPR22	0.059105
GPR26	0.066574
GPR3	0.340517
GPR31	0.096764
GPR32	0.052654
GPR34	0.051403
GPR35	0.052661
GPR37	0.062859
GPR37L1	0.076502
GPR39	0.046499
GPR4	0.090180
GPR42	0.046137
GPR45	0.042939
GPR50	0.048881
GPR52	0.047646
GPR55	0.042745
GPR6	0.059796
GPR61	0.048452
GPR62	0.049349
GPR63	0.047972
GPR65	0.068477
GPR68	0.047019
GPR75	0.059152
GPR78	0.079920
GPR82	0.042715
GPR83	0.060245
GPR84	0.060097
GPR85	0.042607
GPR87	0.050378
GPR88	0.054388
GPR89B	0.042201
GPRASP1	0.040980
GPRASP2	0.041888
GPRASP3	0.051991
GPRC5A	0.050876
GPRC5B	0.048888
GPRC5C	0.047691
GPRC5D	0.061001
GPRC6A	0.037914
GPRIN1	0.038743
GPRIN2	0.048463
GPRIN3	0.050779
GPS1	0.070570
GPS2	0.052734
GPSM1	0.051885
GPSM2	0.035763
GPSM3	0.033571
GPT	0.049741
GPT2	0.048685
GPX1	0.088621
GPX2	0.035134
GPX3	0.050347
GPX4	0.069815
GPX5	0.042830
GPX6	0.065316
GPX7	0.050576
GPX8	0.045805
GRAMD1A	0.050492
GRAMD1B	0.051663
GRAMD1C	0.050922
GRAMD2A	0.049378
GRAMD2B	0.050826
GRAMD4	0.052563
GRAP	0.053631
GRAP2	0.046734
GRB10	0.036338
GRB14	0.038993
GRB2	0.049008
GRB7	0.057575
GREB1	0.048099
GREM1	0.049089
GREM2	0.043322
GRHL1	0.045599
GRHL2	0.048577
GRHL3	0.031852
GRHPR	0.062404
GRIA1	0.039410
GRIA2	0.044981
GRIA3	0.049163
GRIA4	0.043938
GRID1	0.045825
GRID2	0.074243
GRIK1	0.066766
GRIK2	0.069066
GRIK3	0.049383
GRIK4	0.136001
GRIK5	0.048044
GRIN1	0.123131
GRIN2A	0.047060
GRIN2B	0.050534
GRIN2C	0.112106
GRIN2D	0.037368
GRIN3A	0.048078
GRIN3B	0.051315
GRINA	0.042715
GRIP1	0.067653
GRIP2	0.048666
GRIPAP1	0.046699
GRK1	0.048182
GRK2	0.049952
GRK3	0.058506
GRK4	0.050250
GRK5	0.049109
GRK6	0.066407
GRK7	0.039806
GRM1	0.052449
GRM2	0.064842
GRM3	0.046576
GRM4	0.048716
GRM5	0.050338
GRM6	0.053708
GRM7	0.068968
GRM8	0.051447
GRN	0.053001
GRP	0.055991
GRPEL1	0.048481
GRPEL2	0.051057
GRPR	0.049086
GRSF1	0.042063
GRTP1	0.047852
GRWD1	0.042854
GRXCR2	0.041356
GSAP	0.111228
GSC	0.045826
GSDMA	0.051065
GSDMB	0.102136
GSDMC	0.043683
GSDMD	0.050789
GSDME	0.043782
GSE1	0.048769
GSG1	0.051828
GSG1L	0.045970
GSK3A	0.051237
GSK3B	0.208564
GSKIP	0.038679
GSN	0.048734
GSPT1	0.132956
GSPT2	0.044404
GSR	0.047652
GSS	0.051198
GSTA1	0.051788
GSTA2	0.048547
GSTA3	0.045999
GSTA4	0.048643
GSTA5	0.048525
GSTCD	0.043277
GSTK1	0.055165
GSTM1	0.047826
GSTM2	0.045508
GSTM3	0.053910
GSTM5	0.058189
GSTO1	0.088667
GSTO2	0.048200
GSTP1	0.049268
GSTT1	0.046864
GSTT2	0.051027
GSTT2B	0.040930
GSTZ1	0.037850
GSX1	0.050308
GSX2	0.057158
GTF2A1	0.047655
GTF2A1L	0.055476
GTF2A2	0.048197
GTF2B	0.047102
GTF2E1	0.045950
GTF2E2	0.046266
GTF2F1	0.046626
GTF2F2	0.056828
GTF2H1	0.031775
GTF2H2	0.043739
GTF2H2C_2	0.067918
GTF2H3	0.050482
GTF2H4	0.051242
GTF2H5	0.049021
GTF2I	0.049327
GTF2IRD1	0.058189
GTF2IRD2	0.047713
GTF2IRD2B	0.046912
GTF3A	0.076775
GTF3C1	0.049832
GTF3C2	0.052265
GTF3C3	0.067171
GTF3C4	0.041056
GTF3C5	0.038042
GTF3C6	0.050957
GTPBP1	0.935442
GTPBP10	0.051804
GTPBP2	0.038824
GTPBP3	0.051746
GTPBP4	0.949000
GTPBP6	0.048840
GTPBP8	0.049333
GTSE1	0.054995
GTSF1	0.050959
GTSF1L	0.049757
GUCA1A	0.066412
GUCA1B	0.049055
GUCA1C	0.057742
GUCA2A	0.062852
GUCA2B	0.049310
GUCD1	0.048708
GUCY1A1	0.039788
GUCY1A2	0.035839
GUCY1B1	0.054637
GUCY2C	0.042863
GUCY2D	0.053100
GUCY2F	0.048113
GUF1	0.037062
GUK1	0.053146
GULP1	0.068611
GUSB	0.087645
GXYLT2	0.054690
GYG1	0.071561
GYG2	0.050150
GYPA	0.046559
GYPB	0.037789
GYPC	0.056778
GYS1	0.049998
GYS2	0.044446
GZF1	0.036057
GZMA	0.048163
GZMB	0.037876
GZMH	0.045775
GZMK	0.034823
GZMM	0.044540
H1-0	0.060778
H1-1	0.036610
H1-10	0.048172
H1-2	0.034586
H1-3	0.052127
H1-4	0.048920
H1-5	0.057570
H1-6	0.046093
H1-7	0.062083
H1-8	0.108695
H2AB1	0.052896
H2AB2	0.054011
H2AB3	0.050488
H2AC1	0.049096
H2AC11	0.049348
H2AC12	0.046446
H2AC17	0.051621
H2AC21	0.048035
H2AC4	0.048610
H2AC6	0.060454
H2AC7	0.046036
H2AC8	0.053625
H2AJ	0.043608
H2AX	0.050120
H2AZ1	0.044870
H2BC1	0.051938
H2BC10	0.036551
H2BC12	0.058116
H2BC17	0.579500
H2BC18	0.051196
H2BC21	0.047065
H2BC3	0.033015
H2BC5	0.064081
H2BC8	0.043604
H2BW1	0.049336
H3-3A	0.047097
H3-3B	0.045183
H3-4	0.045236
H3-5	0.043867
H3C1	0.044836
H3C10	0.040074
H3C11	0.045564
H3C12	0.040966
H3C2	0.082078
H3C3	0.062700
H3C4	0.049503
H3C6	0.043034
H4C11	0.045773
H4C12	0.043269
H4C13	0.033982
H4C14	0.051340
H4C15	0.046890
H4C16	0.046411
H4C2	0.052055
H4C3	0.035018
H4C4	0.046122
H4C5	0.049846
H4C6	0.047373
H4C7	0.044402
H4C8	0.047114
H6PD	0.088912
HAAO	0.038767
HABP2	0.047717
HABP4	0.039176
HACD1	0.048110
HACD2	0.957578
HACD3	0.041065
HACD4	0.047319
HACE1	0.045606
HACL1	0.046479
HACL2	0.085575
HADH	0.053151
HADHA	0.038367
HADHB	0.069781
HAGH	0.052025
HAGHL	0.084059
HAL	0.049341
HAMP	0.052270
HAND1	0.053239
HAND2	0.041185
HAO1	0.059043
HAO2	0.050038
HAP1	0.072814
HAPLN1	0.049967
HAPLN2	0.065333
HAPLN3	0.048405
HAPLN4	0.045691
HAPSTR1	0.048945
HARBI1	0.047448
HARS1	0.044002
HARS2	0.044644
HAS1	0.043558
HAS2	0.047567
HASPIN	0.049860
HAT1	0.051111
HAUS1	0.043984
HAUS2	0.048630
HAUS3	0.051479
HAUS4	0.076051
HAUS6	0.036227
HAUS7	0.051746
HAUS8	0.044715
HAVCR1	0.046552
HAVCR2	0.051792
HAX1	0.055187
HBA1	0.048318
HBB	0.092859
HBD	0.077394
HBE1	0.050290
HBEGF	0.046670
HBG1	0.056861
HBG2	0.045634
HBM	0.047226
HBP1	0.045197
HBQ1	0.064674
HBS1L	0.049332
HBZ	0.084132
HCAR1	0.048029
HCAR2	0.049766
HCAR3	0.040715
HCCS	0.051537
HCFC1	0.055290
HCFC1R1	0.050046
HCFC2	0.052195
HCK	0.037828
HCLS1	0.048402
HCN1	0.047814
HCN2	0.043877
HCN3	0.056040
HCN4	0.031975
HCRT	0.046438
HCRTR1	0.049192
HCRTR2	0.047588
HCST	0.046765
HDAC1	0.052327
HDAC10	0.039589
HDAC11	0.047562
HDAC2	0.062466
HDAC3	0.076166
HDAC4	0.057162
HDAC5	0.047173
HDAC6	0.050047
HDAC7	0.056411
HDAC8	0.234563
HDAC9	0.419719
HDC	0.047300
HDDC2	0.048694
HDDC3	0.055846
HDGF	0.045641
HDGFL1	0.046706
HDGFL2	0.041667
HDGFL3	0.037430
HDHD2	0.045655
HDHD3	0.145967
HDHD5	0.047816
HDLBP	0.046831
HDX	0.049520
HEATR1	0.034674
HEATR3	0.035390
HEATR4	0.043502
HEATR5B	0.046098
HEATR6	0.039391
HEATR9	0.051038
HEBP1	0.043133
HEBP2	0.048210
HECA	0.035403
HECTD1	0.055612
HECTD2	0.339835
HECTD3	0.055239
HECTD4	0.048592
HECW1	0.044261
HECW2	0.046898
HELB	0.052755
HELLS	0.033943
HELQ	0.049246
HELT	0.101756
HELZ	0.075258
HELZ2	0.046035
HEMGN	0.051073
HEMK1	0.050580
HEMK2	0.042045
HENMT1	0.050630
HEPACAM	0.045502
HEPACAM2	0.042810
HEPH	0.046088
HEPN1	0.055819
HERC1	0.047200
HERC2	0.127652
HERC3	0.045275
HERC4	0.051724
HERC5	0.054545
HERC6	0.088710
HERPUD1	0.143139
HERPUD2	0.043860
HES1	0.049056
HES2	0.049819
HES3	0.048401
HES4	0.940454
HES5	0.087745
HES6	0.079757
HES7	0.050824
HESX1	0.047680
HEXA	0.049627
HEXB	0.048557
HEXD	0.051523
HEXIM1	0.047689
HEXIM2	0.046164
HEY1	0.051071
HEY2	0.045050
HEYL	0.046665
HFM1	0.045839
HGD	0.044439
HGF	0.111626
HGFAC	0.050981
HGH1	0.055648
HGS	0.051825
HHAT	0.063692
HHATL	0.048314
HHEX	0.045081
HHIP	0.060470
HHIPL1	0.052659
HHIPL2	0.055467
HHLA2	0.047631
HIBADH	0.130921
HIBCH	0.045324
HIC1	0.047732
HIC2	0.058129
HID1	0.047631
HIF1A	0.047847
HIF1AN	0.051783
HIF3A	0.049686
HIGD1A	0.044412
HIGD1B	0.045108
HIGD2A	0.051604
HIKESHI	0.046650
HILPDA	0.057477
HINFP	0.114456
HINT1	0.033143
HINT2	0.056111
HIP1	0.049572
HIP1R	0.054445
HIPK1	0.085205
HIPK2	0.045561
HIPK3	0.315674
HIPK4	0.040000
HIRA	0.046107
HIRIP3	0.046376
HIVEP1	0.040618
HIVEP2	0.044090
HIVEP3	0.055194
HJURP	0.049575
HJV	0.047177
HK1	0.052225
HK2	0.035410
HK3	0.043996
HKDC1	0.052314
HLA-A	0.044551
HLA-B	0.060355
HLA-C	0.047786
HLA-DMA	0.044299
HLA-DMB	0.048652
HLA-DOA	0.044979
HLA-DOB	0.063554
HLA-DPA1	0.045276
HLA-DPB1	0.057704
HLA-DQA1	0.048499
HLA-DQA2	0.043216
HLA-DQB1	0.050045
HLA-DRA	0.047875
HLA-DRB1	0.044637
HLA-DRB4	0.074876
HLA-DRB5	0.047736
HLA-E	0.051538
HLA-F	0.049930
HLA-G	0.233687
HLCS	0.038112
HLF	0.046013
HLTF	0.047697
HLX	0.047434
HM13	0.048604
HMBOX1	0.039612
HMBS	0.051045
HMCES	0.042838
HMCN1	0.034592
HMCN2	0.046581
HMG20A	0.049357
HMG20B	0.052795
HMGA1	0.046118
HMGA2	0.054401
HMGB1	0.048916
HMGB2	0.281331
HMGB3	0.045339
HMGB4	0.055906
HMGCL	0.046434
HMGCLL1	0.099260
HMGCR	0.050776
HMGCS1	0.079162
HMGCS2	0.047360
HMGN1	0.159706
HMGN3	0.046909
HMGN4	0.080178
HMGN5	0.044319
HMGXB4	0.052118
HMHB1	0.054101
HMMR	0.044768
HMOX1	0.057358
HMOX2	0.047126
HMX1	0.041323
HMX2	0.052254
HNF1A	0.042201
HNF1B	0.052000
HNF4A	0.051980
HNF4G	0.080877
HNMT	0.054969
HNRNPA0	0.048366
HNRNPA1	0.051580
HNRNPA1L2	0.077669
HNRNPA2B1	0.056858
HNRNPA3	0.074100
HNRNPAB	0.051477
HNRNPC	0.077035
HNRNPCL1	0.045446
HNRNPD	0.044052
HNRNPDL	0.109256
HNRNPF	0.049623
HNRNPH1	0.051398
HNRNPH2	0.059343
HNRNPH3	0.047345
HNRNPK	0.940898
HNRNPL	0.063523
HNRNPLL	0.038954
HNRNPM	0.051933
HNRNPR	0.049235
HNRNPU	0.043890
HNRNPUL1	0.065142
HNRNPUL2	0.048791
HOATZ	0.048791
HOGA1	0.050386
HOMER1	0.060375
HOMER2	0.049155
HOMER3	0.034705
HOMEZ	0.044581
HOOK1	0.043020
HOOK2	0.040132
HOOK3	0.051819
HOPX	0.063563
HORMAD1	0.049946
HORMAD2	0.040913
HOXA1	0.050468
HOXA10	0.051467
HOXA11	0.095143
HOXA13	0.047834
HOXA2	0.049266
HOXA3	0.052098
HOXA4	0.045566
HOXA5	0.040446
HOXA6	0.049680
HOXA7	0.112469
HOXA9	0.050307
HOXB1	0.047442
HOXB13	0.152536
HOXB2	0.047056
HOXB3	0.034335
HOXB4	0.047455
HOXB5	0.050075
HOXB6	0.049359
HOXB7	0.055681
HOXB8	0.061880
HOXB9	0.050395
HOXC10	0.046606
HOXC11	0.049557
HOXC12	0.043182
HOXC13	0.052112
HOXC4	0.053873
HOXC5	0.048730
HOXC6	0.046530
HOXC8	0.867428
HOXC9	0.048874
HOXD1	0.049249
HOXD10	0.043250
HOXD11	0.061860
HOXD12	0.048612
HOXD13	0.049365
HOXD3	0.049536
HOXD4	0.040657
HOXD8	0.050705
HOXD9	0.048953
HP	0.044832
HP1BP3	0.045573
HPCA	0.036823
HPCAL1	0.041807
HPCAL4	0.050394
HPD	0.048117
HPDL	0.043383
HPF1	0.047339
HPGD	0.047237
HPGDS	0.043795
HPN	0.050143
HPR	0.048252
HPRT1	0.054310
HPS1	0.051870
HPS3	0.047871
HPS4	0.050847
HPS5	0.047942
HPS6	0.045798
HPSE	0.048153
HPSE2	0.059409
HPX	0.041047
HR	0.050555
HRAS	0.053127
HRC	0.083122
HRCT1	0.052463
HRG	0.051474
HRH1	0.076624
HRH2	0.094012
HRH3	0.053652
HRH4	0.046994
HRK	0.045076
HRNR	0.063740
HROB	0.043906
HS1BP3	0.046572
HS2ST1	0.047223
HS3ST1	0.048256
HS3ST2	0.048711
HS3ST3A1	0.045676
HS3ST3B1	0.058700
HS3ST4	0.048718
HS3ST5	0.051918
HS3ST6	0.047166
HS6ST1	0.044366
HS6ST2	0.049601
HS6ST3	0.047408
HSBP1	0.049172
HSCB	0.046110
HSD11B1	0.047013
HSD11B1L	0.049654
HSD11B2	0.052550
HSD17B1	0.384479
HSD17B10	0.049801
HSD17B11	0.052308
HSD17B12	0.105439
HSD17B13	0.041505
HSD17B14	0.067306
HSD17B2	0.038167
HSD17B3	0.049110
HSD17B4	0.049568
HSD17B6	0.035596
HSD17B7	0.042041
HSD17B8	0.046897
HSD3B1	0.036775
HSD3B2	0.051205
HSD3B7	0.051142
HSDL1	0.898987
HSDL2	0.943228
HSF1	0.061028
HSF2	0.049687
HSF2BP	0.057324
HSF4	0.081143
HSF5	0.048658
HSFX1	0.627808
HSFY1	0.052063
HSFY2	0.055373
HSH2D	0.050615
HSP90AA1	0.048435
HSP90AB1	0.056487
HSP90B1	0.307728
HSPA12A	0.037930
HSPA12B	0.053355
HSPA13	0.053112
HSPA14	0.055348
HSPA1A	0.043675
HSPA1B	0.046934
HSPA1L	0.049767
HSPA2	0.062274
HSPA4	0.050717
HSPA4L	0.043753
HSPA5	0.103251
HSPA6	0.044453
HSPA8	0.067013
HSPA9	0.057946
HSPB1	0.941738
HSPB2	0.044452
HSPB3	0.052738
HSPB6	0.050044
HSPB7	0.053402
HSPB8	0.044873
HSPB9	0.047390
HSPBAP1	0.050427
HSPBP1	0.045952
HSPD1	0.052371
HSPE1	0.052948
HSPG2	0.046372
HSPH1	0.050417
HTATIP2	0.046482
HTATSF1	0.048447
HTN1	0.048106
HTN3	0.049061
HTR1A	0.044748
HTR1B	0.048302
HTR1D	0.050825
HTR1E	0.050123
HTR1F	0.046573
HTR2A	0.053118
HTR2B	0.043357
HTR2C	0.046446
HTR3A	0.043668
HTR3B	0.038328
HTR3C	0.051321
HTR3D	0.044589
HTR3E	0.051736
HTR4	0.051167
HTR5A	0.048198
HTR6	0.045268
HTR7	0.049632
HTRA1	0.048826
HTRA2	0.038817
HTRA3	0.044366
HTRA4	0.052432
HTT	0.051081
HUNK	0.049758
HUS1	0.045784
HUS1B	0.052570
HUWE1	0.038006
HVCN1	0.045852
HYAL1	0.048539
HYAL2	0.034009
HYAL3	0.046013
HYAL4	0.045010
HYCC1	0.039515
HYCC2	0.049016
HYDIN	0.042785
HYI	0.045403
HYKK	0.045270
HYLS1	0.034840
HYOU1	0.089845
HYPK	0.050888
IAH1	0.049560
IAPP	0.046124
IARS1	0.104846
IARS2	0.033558
IBA57	0.040700
IBSP	0.044695
IBTK	0.060892
ICA1	0.049328
ICA1L	0.045458
ICAM1	0.061093
ICAM2	0.042123
ICAM3	0.048511
ICAM4	0.045104
ICAM5	0.042903
ICE2	0.051004
ICMT	0.049376
ICOS	0.035798
ICOSLG	0.057928
ID1	0.037870
ID2	0.051593
ID3	0.050960
ID4	0.043997
IDE	0.046355
IDH1	0.047283
IDH2	0.049739
IDH3A	0.074022
IDH3B	0.048198
IDH3G	0.045321
IDI1	0.051325
IDI2	0.044346
IDNK	0.054233
IDO1	0.045293
IDS	0.045403
IDUA	0.056411
IER2	0.049078
IER3	0.046695
IER3IP1	0.045491
IER5	0.046837
IER5L	0.042478
IFFO2	0.044435
IFI16	0.041884
IFI27	0.052897
IFI27L1	0.052424
IFI27L2	0.045672
IFI30	0.053905
IFI35	0.051873
IFI44	0.044180
IFI44L	0.052811
IFI6	0.035569
IFIH1	0.050190
IFIT1	0.049971
IFIT1B	0.046187
IFIT2	0.042214
IFIT3	0.041325
IFIT5	0.051003
IFITM1	0.043435
IFITM2	0.049976
IFITM3	0.057319
IFITM5	0.045693
IFNA1	0.056788
IFNA13	0.059599
IFNA14	0.044639
IFNA16	0.052688
IFNA17	0.045871
IFNA2	0.046631
IFNA21	0.047084
IFNA4	0.042248
IFNA5	0.041199
IFNA6	0.041446
IFNA7	0.049514
IFNA8	0.056836
IFNAR1	0.087505
IFNAR2	0.049538
IFNB1	0.046774
IFNE	0.066455
IFNG	0.077563
IFNGR1	0.036754
IFNGR2	0.046534
IFNK	0.048378
IFNL1	0.049523
IFNL2	0.073965
IFNL3	0.048396
IFNLR1	0.049176
IFNW1	0.650020
IFRD1	0.051946
IFRD2	0.056256
IFT122	0.048379
IFT140	0.049673
IFT172	0.050261
IFT20	0.065859
IFT22	0.051469
IFT25	0.051873
IFT27	0.053517
IFT43	0.052709
IFT46	0.062928
IFT52	0.049181
IFT56	0.048269
IFT57	0.033432
IFT70A	0.048060
IFT70B	0.050239
IFT74	0.033979
IFT80	0.047252
IFT81	0.047313
IFT88	0.046078
IFTAP	0.051282
IGBP1	0.045427
IGDCC3	0.052777
IGDCC4	0.039169
IGF1	0.041122
IGF1R	0.055961
IGF2	0.077245
IGF2BP1	0.044404
IGF2BP2	0.056336
IGF2BP3	0.039651
IGF2R	0.042315
IGFALS	0.054042
IGFBP1	0.043088
IGFBP2	0.056843
IGFBP3	0.041643
IGFBP4	0.051892
IGFBP5	0.053152
IGFBP6	0.053884
IGFBP7	0.075625
IGFBPL1	0.051410
IGFL1	0.035674
IGFL2	0.041480
IGFL3	0.042401
IGFL4	0.047392
IGFLR1	0.057905
IGFN1	0.074729
IGHMBP2	0.051055
IGIP	0.041540
IGLL1	0.061957
IGSF1	0.053846
IGSF10	0.050497
IGSF11	0.052272
IGSF21	0.082269
IGSF3	0.047868
IGSF5	0.049816
IGSF6	0.041445
IGSF8	0.050507
IGSF9	0.051862
IHH	0.204684
IHO1	0.031433
IK	0.928691
IKBKB	0.080683
IKBKE	0.046580
IKBKG	0.046453
IKZF1	0.035118
IKZF2	0.048820
IKZF3	0.049268
IKZF4	0.047895
IKZF5	0.044338
IL10	0.038029
IL10RA	0.065595
IL10RB	0.043729
IL11	0.032973
IL11RA	0.051295
IL12A	0.048736
IL12B	0.045902
IL12RB1	0.049915
IL12RB2	0.057893
IL13	0.056235
IL13RA1	0.049563
IL13RA2	0.049659
IL15	0.052014
IL15RA	0.054221
IL16	0.060992
IL17A	0.048003
IL17B	0.067747
IL17C	0.049987
IL17D	0.100614
IL17F	0.052234
IL17RA	0.070023
IL17RB	0.045160
IL17RC	0.048094
IL17RD	0.050960
IL17RE	0.050254
IL17REL	0.050973
IL18	0.057051
IL18BP	0.059852
IL18R1	0.045672
IL18RAP	0.078882
IL19	0.050559
IL1A	0.048897
IL1B	0.052140
IL1F10	0.039771
IL1R1	0.041253
IL1R2	0.036686
IL1RAP	0.050434
IL1RAPL1	0.049209
IL1RAPL2	0.053326
IL1RL1	0.048126
IL1RL2	0.050675
IL1RN	0.048924
IL2	0.049568
IL20	0.034101
IL20RA	0.049987
IL20RB	0.049028
IL21	0.048733
IL21R	0.050857
IL22	0.059713
IL22RA1	0.048670
IL22RA2	0.050113
IL23A	0.047302
IL23R	0.047427
IL24	0.049276
IL25	0.048375
IL26	0.047329
IL27RA	0.046204
IL2RA	0.045851
IL2RB	0.048486
IL2RG	0.045482
IL3	0.052228
IL31	0.200496
IL31RA	0.048909
IL32	0.056059
IL33	0.038248
IL34	0.060273
IL36A	0.275539
IL36B	0.048058
IL36G	0.047552
IL36RN	0.048173
IL37	0.045589
IL3RA	0.043887
IL4	0.043422
IL4I1	0.048153
IL4R	0.141794
IL5	0.047377
IL5RA	0.037492
IL6	0.047455
IL6R	0.051022
IL6ST	0.048433
IL7	0.050511
IL7R	0.042115
IL9	0.045746
IL9R	0.067406
ILDR1	0.056528
ILDR2	0.044809
ILF2	0.045963
ILF3	0.079768
ILK	0.049037
ILKAP	0.057034
ILRUN	0.082649
IMMP1L	0.043561
IMMP2L	0.046257
IMMT	0.033689
IMP3	0.075574
IMP4	0.059464
IMPA1	0.054885
IMPA2	0.046390
IMPACT	0.041448
IMPDH1	0.047850
IMPDH2	0.044517
IMPG1	0.060977
IMPG2	0.048097
INA	0.051148
INAFM1	0.051050
INAVA	0.042228
INCA1	0.045609
INCENP	0.068721
INF2	0.107106
ING1	0.040643
ING2	0.049621
ING3	0.048213
ING4	0.044235
ING5	0.050999
INHA	0.049790
INHBA	0.087315
INHBB	0.049727
INHBC	0.048543
INHBE	0.044947
INIP	0.037023
INKA1	0.051568
INKA2	0.052811
INMT	0.043306
INO80	0.053086
INO80B	0.048139
INO80C	0.045396
INO80D	0.045693
INO80E	0.034485
INPP1	0.069141
INPP4A	0.050192
INPP4B	0.081932
INPP5A	0.047277
INPP5B	0.047010
INPP5D	0.054906
INPP5E	0.037849
INPP5J	0.051862
INPP5K	0.039724
INPPL1	0.071379
INS	0.037230
INS-IGF2	0.042410
INSC	0.049543
INSIG1	0.054106
INSIG2	0.038515
INSL3	0.048183
INSL4	0.038040
INSL5	0.035524
INSL6	0.045485
INSM1	0.099100
INSM2	0.054913
INSR	0.039088
INSRR	0.047633
INSYN1	0.059533
INSYN2A	0.054098
INSYN2B	0.049230
INTS1	0.082107
INTS10	0.048597
INTS11	0.038922
INTS12	0.061866
INTS13	0.045735
INTS14	0.036500
INTS15	0.052471
INTS2	0.045210
INTS3	0.046832
INTS4	0.042571
INTS5	0.046531
INTS6	0.046697
INTS6L	0.047915
INTS7	0.045827
INTS8	0.040271
INTS9	0.051666
INTU	0.051555
INVS	0.047759
IP6K1	0.045405
IP6K2	0.050514
IP6K3	0.071844
IPCEF1	0.076103
IPMK	0.050986
IPO11	0.049934
IPO13	0.050034
IPO4	0.047852
IPO5	0.102780
IPO7	0.034477
IPO8	0.048451
IPO9	0.047522
IPP	0.048444
IPPK	0.054133
IQCB1	0.049795
IQCC	0.051273
IQCE	0.052983
IQCF1	0.047305
IQCF2	0.046381
IQCF3	0.047068
IQCH	0.055963
IQCJ	0.058348
IQCK	0.048540
IQCN	0.037463
IQGAP1	0.049800
IQGAP2	0.931873
IQGAP3	0.038051
IQSEC1	0.043795
IQSEC2	0.040595
IQSEC3	0.060335
IQUB	0.044093
IRAG1	0.051919
IRAG2	0.053431
IRAK1	0.044427
IRAK1BP1	0.049984
IRAK2	0.043382
IRAK3	0.040564
IRAK4	0.048519
IREB2	0.046230
IRF1	0.048937
IRF2	0.049381
IRF2BP1	0.034662
IRF2BP2	0.044176
IRF2BPL	0.050035
IRF3	0.046096
IRF4	0.046274
IRF5	0.048898
IRF6	0.048459
IRF7	0.076628
IRF8	0.044150
IRF9	0.045121
IRGC	0.054329
IRGQ	0.045729
IRS1	0.050585
IRS2	0.058239
IRS4	0.051803
IRX1	0.038142
IRX2	0.040232
IRX3	0.052236
IRX4	0.048552
IRX5	0.045307
IRX6	0.056656
ISCA1	0.032211
ISCA2	0.057883
ISCU	0.054476
ISG15	0.130790
ISG20	0.049607
ISG20L2	0.039156
ISL1	0.052876
ISL2	0.048581
ISLR	0.032067
ISLR2	0.044332
ISM2	0.047249
ISOC1	0.044064
ISOC2	0.045361
IST1	0.057878
ISX	0.045076
ISY1	0.102051
ISYNA1	0.037391
ITCH	0.034401
ITFG1	0.043590
ITFG2	0.050147
ITGA1	0.048216
ITGA10	0.033503
ITGA11	0.044943
ITGA2	0.055477
ITGA2B	0.052091
ITGA3	0.049086
ITGA4	0.045905
ITGA5	0.087550
ITGA6	0.032883
ITGA7	0.045745
ITGA8	0.047337
ITGA9	0.046485
ITGAD	0.071898
ITGAE	0.048988
ITGAL	0.055002
ITGAM	0.052178
ITGAV	0.060290
ITGAX	0.048482
ITGB1	0.048381
ITGB1BP1	0.050990
ITGB1BP2	0.072466
ITGB2	0.048287
ITGB3	0.043297
ITGB3BP	0.047501
ITGB4	0.070993
ITGB5	0.047273
ITGB6	0.049898
ITGB7	0.048155
ITGB8	0.040424
ITGBL1	0.049355
ITIH1	0.047326
ITIH2	0.068723
ITIH3	0.046164
ITIH4	0.047606
ITIH6	0.049153
ITK	0.043111
ITLN1	0.045936
ITLN2	0.064036
ITM2A	0.046943
ITM2B	0.038970
ITM2C	0.049041
ITPA	0.049891
ITPK1	0.109337
ITPKA	0.043395
ITPKB	0.047877
ITPKC	0.049035
ITPR1	0.049497
ITPR2	0.032104
ITPR3	0.048652
ITPRID1	0.046374
ITPRID2	0.047208
ITPRIP	0.047277
ITPRIPL1	0.045552
ITPRIPL2	0.049907
ITSN1	0.045995
ITSN2	0.082054
IVD	0.051194
IVL	0.093282
IVNS1ABP	0.050288
IWS1	0.047749
IYD	0.041978
IZUMO1	0.052509
IZUMO1R	0.051492
IZUMO2	0.049159
IZUMO4	0.048727
JADE1	0.050439
JADE2	0.047146
JADE3	0.048991
JAG1	0.926769
JAG2	0.964410
JAGN1	0.044055
JAK1	0.038947
JAK2	0.052584
JAK3	0.057819
JAKMIP1	0.047334
JAKMIP2	0.047429
JAM2	0.038411
JAM3	0.056883
JAML	0.051943
JARID2	0.047049
JCHAIN	0.049459
JDP2	0.161071
JHY	0.050219
JKAMP	0.044406
JMJD1C	0.045950
JMJD4	0.048219
JMJD6	0.059590
JMJD7	0.048561
JMJD8	0.047745
JMY	0.044793
JOSD1	0.047225
JOSD2	0.033169
JPH1	0.048226
JPH2	0.049377
JPH3	0.129007
JPH4	0.046631
JPT1	0.045769
JPT2	0.049604
JRK	0.045681
JRKL	0.049140
JSRP1	0.040303
JTB	0.051643
JUN	0.047390
JUNB	0.050840
JUND	0.068364
JUP	0.048744
KANK1	0.044220
KANK2	0.049450
KANK3	0.046342
KANK4	0.040287
KANSL1	0.048804
KANSL1L	0.035024
KANSL2	0.049020
KANSL3	0.060019
KARS1	0.070288
KASH5	0.049357
KAT14	0.036696
KAT2A	0.049485
KAT2B	0.050499
KAT5	0.901752
KAT6A	0.367706
KAT6B	0.061331
KAT7	0.049698
KAT8	0.586732
KATNA1	0.047686
KATNAL1	0.047784
KATNAL2	0.047079
KATNB1	0.082053
KATNBL1	0.045200
KATNIP	0.048003
KAZALD1	0.416186
KAZN	0.034009
KBTBD11	0.048845
KBTBD12	0.047480
KBTBD2	0.035470
KBTBD3	0.044114
KBTBD4	0.044822
KBTBD6	0.048415
KBTBD7	0.050956
KBTBD8	0.048017
KCMF1	0.044738
KCNA1	0.048474
KCNA10	0.047515
KCNA2	0.038573
KCNA3	0.049302
KCNA4	0.034522
KCNA5	0.045350
KCNA6	0.042344
KCNA7	0.048754
KCNAB1	0.043162
KCNAB2	0.049403
KCNAB3	0.031693
KCNB1	0.045649
KCNB2	0.052155
KCNC1	0.071664
KCNC2	0.045789
KCNC3	0.048510
KCNC4	0.069158
KCND1	0.048101
KCND2	0.049685
KCND3	0.052227
KCNE1	0.046478
KCNE2	0.047341
KCNE3	0.044362
KCNE5	0.046196
KCNF1	0.049275
KCNG1	0.051513
KCNG2	0.078725
KCNG3	0.050674
KCNG4	0.048422
KCNH1	0.051094
KCNH2	0.046705
KCNH3	0.063408
KCNH4	0.049839
KCNH5	0.043000
KCNH6	0.072819
KCNH7	0.117824
KCNH8	0.042268
KCNIP1	0.046497
KCNIP2	0.055528
KCNIP3	0.059389
KCNIP4	0.049857
KCNJ1	0.050204
KCNJ10	0.049812
KCNJ11	0.046420
KCNJ12	0.052844
KCNJ13	0.045704
KCNJ14	0.050663
KCNJ15	0.146926
KCNJ16	0.047530
KCNJ2	0.053677
KCNJ3	0.047901
KCNJ4	0.056879
KCNJ5	0.042160
KCNJ6	0.042070
KCNJ8	0.049253
KCNJ9	0.048300
KCNK1	0.093124
KCNK10	0.046605
KCNK12	0.047397
KCNK13	0.091296
KCNK15	0.043807
KCNK16	0.062031
KCNK17	0.035966
KCNK18	0.049170
KCNK2	0.055551
KCNK3	0.051009
KCNK4	0.047135
KCNK5	0.050199
KCNK6	0.043623
KCNK7	0.051465
KCNK9	0.060967
KCNMA1	0.056742
KCNMB1	0.044739
KCNMB2	0.048384
KCNMB3	0.053660
KCNMB4	0.050121
KCNN1	0.069250
KCNN2	0.037233
KCNN3	0.115870
KCNN4	0.059510
KCNQ1	0.050395
KCNQ2	0.093478
KCNQ3	0.358959
KCNQ4	0.049103
KCNQ5	0.049621
KCNRG	0.049465
KCNS1	0.056441
KCNS2	0.094053
KCNS3	0.078337
KCNT1	0.048523
KCNT2	0.047419
KCNU1	0.050498
KCNV1	0.050496
KCNV2	0.046274
KCTD1	0.048633
KCTD10	0.064830
KCTD11	0.050742
KCTD12	0.044945
KCTD13	0.047593
KCTD14	0.049206
KCTD15	0.048304
KCTD16	0.049442
KCTD17	0.035044
KCTD18	0.035224
KCTD2	0.042902
KCTD20	0.049148
KCTD21	0.045211
KCTD3	0.116268
KCTD4	0.048947
KCTD5	0.046246
KCTD6	0.047290
KCTD7	0.047535
KCTD8	0.052035
KCTD9	0.048815
KDELR1	0.046113
KDELR2	0.052617
KDELR3	0.048496
KDF1	0.054121
KDM1A	0.047192
KDM1B	0.072864
KDM2A	0.044096
KDM2B	0.077823
KDM3A	0.047839
KDM3B	0.072844
KDM4A	0.041282
KDM4C	0.049575
KDM4D	0.054414
KDM5A	0.042845
KDM5B	0.045989
KDM5C	0.042761
KDM5D	0.042254
KDM6A	0.095567
KDM6B	0.044883
KDM7A	0.047101
KDM8	0.050866
KDR	0.045255
KDSR	0.044894
KEAP1	0.036851
KEL	0.058586
KERA	0.052555
KGD4	0.045367
KHDC1L	0.045096
KHDC3L	0.041395
KHDC4	0.044849
KHDRBS1	0.065735
KHDRBS2	0.049567
KHDRBS3	0.051329
KHK	0.049451
KHNYN	0.054537
KHSRP	0.155765
KIAA0232	0.044518
KIAA0319	0.046145
KIAA0319L	0.048715
KIAA0408	0.041974
KIAA0513	0.048639
KIAA0586	0.047316
KIAA0753	0.047540
KIAA0825	0.048519
KIAA0930	0.043571
KIAA1143	0.051319
KIAA1191	0.066505
KIAA1217	0.036522
KIAA1328	0.055437
KIAA1586	0.046042
KIAA1755	0.049753
KIAA1958	0.049564
KIAA2012	0.045223
KIAA2013	0.047829
KICS2	0.045003
KIDINS220	0.046064
KIF11	0.919493
KIF12	0.061446
KIF13A	0.042632
KIF13B	0.036349
KIF14	0.081590
KIF15	0.044661
KIF16B	0.047422
KIF17	0.051384
KIF18A	0.053695
KIF18B	0.048707
KIF19	0.084351
KIF1A	0.047645
KIF1B	0.049884
KIF1C	0.068526
KIF20A	0.390680
KIF20B	0.044424
KIF21A	0.045358
KIF21B	0.051146
KIF22	0.089269
KIF23	0.045617
KIF24	0.038229
KIF25	0.040629
KIF26A	0.039741
KIF26B	0.045502
KIF27	0.055236
KIF2A	0.035151
KIF2B	0.046474
KIF2C	0.047362
KIF3A	0.052247
KIF3B	0.047331
KIF3C	0.056829
KIF4A	0.059826
KIF5A	0.043120
KIF5B	0.051434
KIF5C	0.035474
KIF6	0.048607
KIF7	0.047039
KIF9	0.046235
KIFAP3	0.049805
KIFBP	0.046224
KIFC1	0.941897
KIFC2	0.050496
KIFC3	0.429891
KIN	0.043365
KIR2DL4	0.051628
KIR2DL5A	0.053613
KIR2DL5B	0.050501
KIR3DL1	0.060355
KIR3DL2	0.041601
KIR3DL3	0.043644
KIRREL1	0.044988
KIRREL2	0.049439
KIRREL3	0.049601
KISS1	0.072901
KISS1R	0.054512
KIT	0.044971
KITLG	0.047099
KIZ	0.052196
KL	0.045744
KLB	0.046522
KLC1	0.032477
KLC2	0.036372
KLC3	0.047670
KLC4	0.046172
KLF1	0.081693
KLF10	0.044175
KLF11	0.040788
KLF12	0.164075
KLF13	0.039818
KLF14	0.059567
KLF15	0.068302
KLF16	0.036506
KLF17	0.051249
KLF2	0.049527
KLF3	0.049311
KLF4	0.309224
KLF5	0.049036
KLF6	0.045905
KLF7	0.049982
KLF8	0.074843
KLF9	0.046332
KLHDC1	0.048889
KLHDC10	0.049083
KLHDC2	0.038672
KLHDC3	0.046057
KLHDC4	0.035788
KLHDC7A	0.056120
KLHDC7B	0.050694
KLHDC8A	0.049769
KLHDC8B	0.038011
KLHDC9	0.061933
KLHL1	0.060921
KLHL10	0.038647
KLHL11	0.048408
KLHL12	0.051994
KLHL13	0.037974
KLHL14	0.040697
KLHL15	0.054059
KLHL17	0.042187
KLHL18	0.055552
KLHL2	0.066739
KLHL20	0.051025
KLHL21	0.050731
KLHL22	0.049087
KLHL23	0.049643
KLHL24	0.032914
KLHL25	0.064094
KLHL26	0.035160
KLHL28	0.047476
KLHL3	0.049096
KLHL30	0.039475
KLHL31	0.062772
KLHL32	0.067856
KLHL34	0.032912
KLHL35	0.068443
KLHL36	0.049470
KLHL38	0.047634
KLHL4	0.046494
KLHL40	0.042605
KLHL41	0.044372
KLHL42	0.056949
KLHL5	0.046286
KLHL6	0.045491
KLHL7	0.048343
KLHL8	0.047150
KLHL9	0.037914
KLK1	0.048935
KLK10	0.049165
KLK11	0.047204
KLK12	0.045350
KLK13	0.102187
KLK14	0.053905
KLK15	0.049920
KLK2	0.045252
KLK4	0.040213
KLK5	0.096320
KLK6	0.060621
KLK7	0.057916
KLK8	0.049786
KLK9	0.087240
KLKB1	0.049067
KLLN	0.038463
KLRB1	0.041171
KLRC1	0.051998
KLRC2	0.058153
KLRC3	0.055178
KLRC4	0.048818
KLRD1	0.109549
KLRF1	0.047670
KLRG1	0.057366
KLRG2	0.049971
KLRK1	0.045880
KMO	0.047091
KMT2A	0.046255
KMT2B	0.042889
KMT2C	0.052497
KMT2D	0.047638
KMT2E	0.046030
KMT5A	0.046764
KMT5B	0.056347
KMT5C	0.051809
KNCN	0.057745
KNDC1	0.043270
KNG1	0.060119
KNL1	0.059499
KNOP1	0.036146
KNSTRN	0.042089
KNTC1	0.048148
KPLCE	0.049732
KPNA1	0.049004
KPNA2	0.951527
KPNA3	0.045423
KPNA4	0.053217
KPNA5	0.044122
KPNA6	0.047760
KPNB1	0.919126
KPRP	0.755009
KPTN	0.048979
KRABD2	0.050462
KRABD3	0.047639
KRABD4	0.075657
KRABD5	0.045445
KRAS	0.041074
KRCC1	0.050474
KREMEN1	0.048551
KREMEN2	0.052011
KRI1	0.048527
KRIT1	0.060385
KRR1	0.045681
KRT1	0.044604
KRT10	0.033802
KRT12	0.048491
KRT13	0.065389
KRT14	0.080821
KRT15	0.047594
KRT16	0.055600
KRT17	0.045617
KRT18	0.048091
KRT19	0.048265
KRT2	0.047950
KRT20	0.043304
KRT222	0.044645
KRT23	0.047622
KRT24	0.058757
KRT25	0.047838
KRT26	0.045845
KRT27	0.041537
KRT28	0.031691
KRT3	0.056693
KRT31	0.085847
KRT32	0.051100
KRT33A	0.067005
KRT33B	0.051031
KRT34	0.050435
KRT35	0.049440
KRT36	0.045355
KRT37	0.047385
KRT38	0.048527
KRT39	0.050420
KRT4	0.031945
KRT40	0.045292
KRT5	0.056811
KRT6A	0.058077
KRT6B	0.045704
KRT6C	0.035289
KRT7	0.046706
KRT71	0.050616
KRT72	0.049625
KRT73	0.049639
KRT74	0.046837
KRT75	0.048630
KRT76	0.047545
KRT77	0.048953
KRT78	0.050287
KRT79	0.045438
KRT8	0.070916
KRT80	0.043930
KRT81	0.048072
KRT82	0.052068
KRT83	0.048226
KRT84	0.048895
KRT85	0.052968
KRT86	0.047074
KRT9	0.049994
KRTAP1-1	0.056622
KRTAP1-3	0.054157
KRTAP1-5	0.038914
KRTAP10-10	0.059054
KRTAP10-11	0.321894
KRTAP10-7	0.051718
KRTAP10-8	0.049997
KRTAP11-1	0.052957
KRTAP12-1	0.054919
KRTAP12-2	0.049029
KRTAP13-1	0.053760
KRTAP13-2	0.049070
KRTAP13-3	0.048875
KRTAP15-1	0.053764
KRTAP17-1	0.056619
KRTAP19-3	0.047212
KRTAP19-4	0.054838
KRTAP2-4	0.045612
KRTAP20-1	0.044624
KRTAP20-3	0.048674
KRTAP21-2	0.049224
KRTAP25-1	0.053872
KRTAP26-1	0.032675
KRTAP27-1	0.045274
KRTAP3-1	0.756847
KRTAP3-2	0.048325
KRTAP3-3	0.051961
KRTAP4-1	0.054085
KRTAP4-11	0.048155
KRTAP4-12	0.045805
KRTAP4-2	0.045167
KRTAP4-4	0.056189
KRTAP4-5	0.078358
KRTAP4-7	0.049389
KRTAP5-1	0.054018
KRTAP5-11	0.077599
KRTAP5-2	0.048284
KRTAP5-3	0.049156
KRTAP5-4	0.042788
KRTAP5-5	0.102101
KRTAP5-6	0.038537
KRTAP5-7	0.075492
KRTAP5-8	0.050810
KRTAP5-9	0.098030
KRTAP6-2	0.036437
KRTAP6-3	0.038359
KRTAP8-1	0.053884
KRTAP9-2	0.048097
KRTAP9-3	0.046350
KRTAP9-4	0.054341
KRTCAP2	0.046095
KRTCAP3	0.045787
KRTDAP	0.042999
KSR1	0.050618
KSR2	0.161023
KTI12	0.048254
KTN1	0.044599
KXD1	0.045681
KY	0.049226
KYAT1	0.052112
KYAT3	0.045662
KYNU	0.047941
L1CAM	0.046674
L1TD1	0.049474
L2HGDH	0.058015
L3HYPDH	0.055525
L3MBTL1	0.044863
L3MBTL2	0.054790
L3MBTL3	0.037822
L3MBTL4	0.073477
LACC1	0.048923
LACRT	0.050904
LACTB	0.045699
LACTB2	0.069412
LAD1	0.049875
LAG3	0.051486
LAGE3	0.042333
LAIR1	0.058228
LAIR2	0.048850
LALBA	0.047958
LAMA1	0.042886
LAMA2	0.047874
LAMA4	0.038605
LAMA5	0.036511
LAMB1	0.049610
LAMB2	0.042132
LAMB3	0.041359
LAMB4	0.071835
LAMC1	0.048310
LAMC2	0.043968
LAMC3	0.074476
LAMP1	0.075854
LAMP2	0.052355
LAMP3	0.039260
LAMP5	0.037320
LAMTOR1	0.051482
LAMTOR2	0.916790
LAMTOR3	0.047427
LAMTOR4	0.058428
LAMTOR5	0.044426
LANCL1	0.050240
LANCL2	0.050972
LANCL3	0.049390
LAP3	0.063466
LAPTM4A	0.046108
LAPTM5	0.049140
LARGE1	0.049191
LARGE2	0.060966
LARP1	0.057568
LARP1B	0.084949
LARP4	0.048122
LARP4B	0.047252
LARP7	0.052633
LARS1	0.073060
LARS2	0.048018
LAS1L	0.046056
LASP1	0.039040
LAT	0.047616
LAT2	0.040252
LATS1	0.047060
LATS2	0.049389
LAX1	0.047846
LAYN	0.051914
LBH	0.040869
LBHD1	0.036302
LBP	0.051427
LBR	0.047468
LBX1	0.046028
LBX2	0.068248
LCA5	0.045974
LCA5L	0.049465
LCAT	0.051918
LCE1B	0.048349
LCE1C	0.048610
LCE1E	0.047318
LCE2A	0.054142
LCE2B	0.060979
LCE2C	0.045442
LCE3D	0.045173
LCE3E	0.060412
LCE4A	0.044498
LCE5A	0.074231
LCE6A	0.059246
LCK	0.047298
LCLAT1	0.049201
LCMT1	0.036516
LCMT2	0.049444
LCN1	0.046779
LCN10	0.059229
LCN12	0.053318
LCN15	0.160630
LCN2	0.047659
LCN6	0.044060
LCN8	0.087817
LCN9	0.050124
LCNL1	0.047980
LCOR	0.049311
LCORL	0.045641
LCP1	0.043643
LCP2	0.049291
LCT	0.051499
LCTL	0.045262
LDAF1	0.036636
LDAH	0.050242
LDB1	0.065535
LDB2	0.043790
LDB3	0.044455
LDHA	0.037316
LDHAL6A	0.037809
LDHAL6B	0.077930
LDHB	0.048785
LDHC	0.054970
LDHD	0.048818
LDLR	0.036964
LDLRAD1	0.065873
LDLRAD2	0.049403
LDLRAD3	0.048968
LDLRAD4	0.048593
LDLRAP1	0.057823
LDOC1	0.045562
LEAP2	0.048186
LECT2	0.049239
LEF1	0.051321
LEFTY1	0.039961
LEFTY2	0.043269
LEKR1	0.048651
LELP1	0.044694
LEMD1	0.054695
LEMD2	0.048818
LEMD3	0.048950
LENEP	0.052958
LENG8	0.034890
LENG9	0.049623
LEO1	0.048134
LEP	0.048102
LEPR	0.048875
LEPROT	0.148111
LEPROTL1	0.052420
LETM1	0.047933
LETM2	0.075865
LETMD1	0.043812
LGALS1	0.053173
LGALS12	0.049800
LGALS13	0.049851
LGALS14	0.049844
LGALS2	0.047636
LGALS3	0.049457
LGALS3BP	0.082924
LGALS4	0.049086
LGALS7B	0.058951
LGALS8	0.060821
LGALS9	0.053023
LGALS9B	0.034057
LGALS9C	0.101699
LGALSL	0.044941
LGI1	0.050069
LGI2	0.045323
LGI3	0.132482
LGI4	0.095897
LGMN	0.046479
LGR4	0.047478
LGR5	0.049215
LGR6	0.050972
LGSN	0.058301
LHB	0.049678
LHCGR	0.046642
LHFPL1	0.048773
LHFPL2	0.048946
LHFPL3	0.048813
LHFPL4	0.051670
LHFPL5	0.048086
LHFPL6	0.065530
LHFPL7	0.048996
LHPP	0.048654
LHX1	0.038126
LHX2	0.051166
LHX3	0.042995
LHX4	0.051153
LHX5	0.045411
LHX6	0.047370
LHX8	0.052767
LHX9	0.033454
LIAS	0.051888
LIAT1	0.042951
LIF	0.067096
LIFR	0.050044
LIG1	0.032626
LIG3	0.044795
LIG4	0.034306
LILRA1	0.040771
LILRA2	0.070866
LILRA3	0.048891
LILRA4	0.050989
LILRA5	0.091627
LILRA6	0.052572
LILRB1	0.042131
LILRB2	0.047928
LILRB3	0.070793
LILRB4	0.045114
LILRB5	0.048764
LIM2	0.047083
LIMA1	0.048554
LIMCH1	0.053929
LIMD1	0.032569
LIMD2	0.048063
LIME1	0.048203
LIMK1	0.048973
LIMK2	0.572481
LIMS1	0.048400
LIMS2	0.051096
LIMS3	0.046587
LIN28A	0.055525
LIN28B	0.052144
LIN37	0.047038
LIN52	0.038458
LIN54	0.217170
LIN7A	0.045678
LIN7B	0.048183
LIN7C	0.049341
LIN9	0.046788
LINGO1	0.072068
LINGO2	0.048160
LINGO4	0.047615
LINS1	0.033020
LIPA	0.044320
LIPC	0.048191
LIPE	0.068729
LIPF	0.047024
LIPG	0.094249
LIPH	0.053969
LIPI	0.048196
LIPJ	0.054491
LIPK	0.063705
LIPM	0.056551
LIPN	0.046630
LIPT1	0.048866
LITAF	0.043519
LIX1	0.049517
LIX1L	0.075826
LKAAEAR1	0.049732
LLCFC1	0.054273
LLGL1	0.227648
LLGL2	0.050439
LLPH	0.049226
LMAN1	0.036834
LMAN1L	0.051955
LMAN2	0.046645
LMAN2L	0.050995
LMBR1	0.046514
LMBR1L	0.445241
LMBRD1	0.054093
LMBRD2	0.044225
LMCD1	0.037993
LMF1	0.048441
LMF2	0.057180
LMLN	0.047673
LMNA	0.045410
LMNB1	0.042567
LMNB2	0.040421
LMNTD1	0.048446
LMNTD2	0.053598
LMO1	0.052421
LMO2	0.052414
LMO3	0.047136
LMO4	0.043269
LMO7	0.074851
LMOD1	0.064711
LMOD3	0.050764
LMTK2	0.050453
LMTK3	0.034328
LMX1A	0.051957
LMX1B	0.189408
LNP1	0.056254
LNPEP	0.048734
LNPK	0.047370
LNX1	0.047838
LNX2	0.045292
LONP1	0.078858
LONP2	0.045097
LONRF1	0.049663
LONRF2	0.048427
LONRF3	0.784718
LORICRIN	0.054010
LOX	0.052283
LOXL1	0.049712
LOXL2	0.049284
LOXL3	0.049822
LOXL4	0.045098
LPA	0.045742
LPAR1	0.050428
LPAR2	0.048797
LPAR3	0.045373
LPAR4	0.050395
LPAR5	0.938853
LPAR6	0.047420
LPCAT1	0.032285
LPCAT2	0.038773
LPCAT3	0.054500
LPCAT4	0.045131
LPGAT1	0.049459
LPIN1	0.059121
LPIN2	0.047380
LPIN3	0.054704
LPL	0.048759
LPO	0.053599
LPP	0.044046
LPXN	0.179997
LRAT	0.114085
LRATD1	0.046121
LRATD2	0.060911
LRBA	0.048689
LRCH1	0.044754
LRCH2	0.048685
LRCH3	0.052663
LRCH4	0.050415
LRFN2	0.045993
LRFN3	0.048761
LRFN4	0.043811
LRFN5	0.047863
LRG1	0.072329
LRGUK	0.043189
LRIF1	0.048390
LRIG1	0.046670
LRIG2	0.038943
LRIG3	0.049075
LRIT1	0.052266
LRIT2	0.040133
LRIT3	0.032152
LRMDA	0.049711
LRP1	0.049284
LRP10	0.051081
LRP11	0.096607
LRP12	0.074888
LRP1B	0.045121
LRP2	0.050005
LRP2BP	0.047662
LRP3	0.052022
LRP4	0.086376
LRP5	0.053046
LRP6	0.046513
LRP8	0.046354
LRPAP1	0.037879
LRPPRC	0.054035
LRR1	0.052793
LRRC1	0.043472
LRRC10	0.032247
LRRC14	0.047957
LRRC15	0.046120
LRRC17	0.051574
LRRC18	0.048828
LRRC19	0.047999
LRRC2	0.050154
LRRC20	0.061641
LRRC23	0.068554
LRRC24	0.064492
LRRC25	0.057422
LRRC26	0.057436
LRRC27	0.058032
LRRC28	0.049350
LRRC3	0.044285
LRRC31	0.048811
LRRC32	0.058795
LRRC34	0.069856
LRRC36	0.065009
LRRC37A	0.047877
LRRC37A2	0.057683
LRRC37A3	0.053107
LRRC37B	0.041954
LRRC39	0.036167
LRRC3B	0.049768
LRRC4	0.045481
LRRC40	0.042130
LRRC41	0.062391
LRRC42	0.045304
LRRC43	0.049262
LRRC45	0.055033
LRRC46	0.045337
LRRC47	0.047311
LRRC49	0.047025
LRRC4B	0.305356
LRRC4C	0.040829
LRRC52	0.049229
LRRC55	0.048903
LRRC56	0.050373
LRRC57	0.044217
LRRC59	0.048799
LRRC61	0.049233
LRRC63	0.051771
LRRC66	0.049908
LRRC7	0.049096
LRRC70	0.046471
LRRC71	0.046467
LRRC73	0.046615
LRRC74A	0.041615
LRRC75A	0.047451
LRRC75B	0.048279
LRRC8A	0.055463
LRRC8B	0.049503
LRRC8C	0.050009
LRRC8D	0.035461
LRRC8E	0.041556
LRRCC1	0.041595
LRRD1	0.047694
LRRFIP1	0.050732
LRRFIP2	0.051202
LRRIQ1	0.049220
LRRK1	0.047834
LRRK2	0.047655
LRRN1	0.031930
LRRN2	0.045596
LRRN3	0.053243
LRRN4	0.043669
LRRN4CL	0.055914
LRRTM1	0.036635
LRRTM2	0.045796
LRRTM3	0.048692
LRRTM4	0.046231
LRSAM1	0.050778
LRTM1	0.050221
LRTM2	0.049629
LRTOMT	0.043824
LRWD1	0.052349
LSAMP	0.056121
LSG1	0.098071
LSM1	0.055614
LSM10	0.046121
LSM11	0.051210
LSM12	0.050769
LSM14A	0.035160
LSM14B	0.114291
LSM2	0.940475
LSM3	0.047778
LSM4	0.044200
LSM5	0.053032
LSM6	0.961005
LSM7	0.068416
LSM8	0.046512
LSMEM1	0.045207
LSMEM2	0.056283
LSP1	0.043334
LSR	0.045531
LSS	0.038675
LST1	0.062660
LTA	0.049318
LTA4H	0.064371
LTAP1	0.046839
LTB	0.048592
LTB4R	0.059469
LTB4R2	0.049129
LTBP1	0.043255
LTBP2	0.044377
LTBP3	0.051379
LTBP4	0.045189
LTBR	0.048075
LTF	0.051543
LTK	0.046477
LTN1	0.063452
LTO1	0.052016
LTV1	0.075953
LUC7L	0.044256
LUC7L2	0.046977
LUC7L3	0.062985
LUM	0.045462
LURAP1	0.054045
LURAP1L	0.055452
LUZP1	0.047747
LUZP2	0.043692
LUZP4	0.051960
LVRN	0.052133
LXN	0.044719
LY6D	0.054942
LY6E	0.053425
LY6G5B	0.043497
LY6G5C	0.041114
LY6G6C	0.037347
LY6G6D	0.050472
LY6G6F	0.054579
LY6H	0.047659
LY6K	0.050858
LY75	0.039419
LY86	0.043872
LY9	0.041167
LY96	0.053597
LYAR	0.071667
LYG1	0.047741
LYG2	0.044496
LYN	0.059012
LYPD1	0.267519
LYPD2	0.045464
LYPD3	0.032828
LYPD4	0.046467
LYPD5	0.049119
LYPD6	0.045073
LYPD6B	0.045305
LYPD8	0.046192
LYPLA1	0.071075
LYPLA2	0.933814
LYPLAL1	0.049649
LYRM1	0.051916
LYRM2	0.036041
LYRM4	0.045550
LYRM7	0.040758
LYRM9	0.046017
LYSMD1	0.049914
LYSMD2	0.045162
LYSMD3	0.047510
LYSMD4	0.048365
LYST	0.049194
LYVE1	0.044950
LYZ	0.068089
LYZL1	0.044982
LYZL2	0.045394
LYZL4	0.035265
LYZL6	0.518441
LZIC	0.052978
LZTFL1	0.045728
LZTR1	0.043341
LZTS1	0.044498
LZTS2	0.049208
LZTS3	0.049884
M1AP	0.074880
M6PR	0.046690
MAB21L1	0.045757
MAB21L2	0.159939
MAB21L3	0.045207
MAB21L4	0.086839
MACC1	0.047138
MACF1	0.042719
MACIR	0.093282
MACO1	0.952310
MACROD1	0.050710
MACROD2	0.051934
MACROH2A1	0.046761
MACROH2A2	0.038088
MAD1L1	0.068442
MAD2L1	0.126168
MAD2L1BP	0.051676
MAD2L2	0.048001
MADCAM1	0.044708
MADD	0.097658
MAEA	0.048890
MAEL	0.049087
MAF	0.076326
MAF1	0.047509
MAFB	0.127804
MAFF	0.047712
MAFG	0.044698
MAFK	0.723229
MAG	0.054570
MAGEA1	0.095455
MAGEA10	0.043812
MAGEA11	0.054139
MAGEA12	0.033105
MAGEA2	0.041937
MAGEA2B	0.040449
MAGEA3	0.044702
MAGEA4	0.048221
MAGEA6	0.047734
MAGEA8	0.035251
MAGEA9	0.047594
MAGEA9B	0.052275
MAGEB1	0.052696
MAGEB10	0.040764
MAGEB18	0.046764
MAGEB2	0.039450
MAGEB3	0.045974
MAGEB4	0.042228
MAGEB6	0.046207
MAGEC1	0.049655
MAGEC2	0.050757
MAGEC3	0.091495
MAGED1	0.047984
MAGED2	0.049132
MAGED4B	0.045949
MAGEE1	0.089975
MAGEE2	0.047201
MAGEF1	0.047644
MAGEH1	0.051488
MAGEL2	0.051758
MAGI1	0.046528
MAGI2	0.132158
MAGI3	0.044514
MAGIX	0.055437
MAGOH	0.039666
MAGOHB	0.047631
MAGT1	0.048987
MAIP1	0.047987
MAJIN	0.050808
MAK	0.046980
MAK16	0.083003
MAL	0.051047
MAL2	0.049041
MALL	0.049123
MALSU1	0.044627
MALT1	0.051668
MAMDC2	0.052061
MAMDC4	0.037643
MAML1	0.054674
MAML2	0.071659
MAML3	0.081305
MAMLD1	0.045727
MAMSTR	0.046645
MAN1A1	0.052885
MAN1A2	0.049900
MAN1B1	0.943866
MAN1C1	0.051944
MAN2A1	0.068607
MAN2A2	0.048708
MAN2B1	0.050934
MAN2B2	0.050296
MAN2C1	0.040568
MANBA	0.046739
MANBAL	0.048436
MANEA	0.055787
MANEAL	0.044813
MANF	0.057698
MANSC1	0.044175
MAOA	0.053655
MAOB	0.055066
MAP1A	0.048615
MAP1B	0.048461
MAP1LC3A	0.044621
MAP1LC3B	0.048124
MAP1LC3C	0.053635
MAP1S	0.046092
MAP2	0.940973
MAP2K1	0.038545
MAP2K2	0.041963
MAP2K3	0.040314
MAP2K4	0.049206
MAP2K5	0.047904
MAP2K6	0.040569
MAP2K7	0.040262
MAP3K1	0.048299
MAP3K10	0.047021
MAP3K11	0.052998
MAP3K12	0.050741
MAP3K13	0.057179
MAP3K14	0.051337
MAP3K15	0.075178
MAP3K19	0.039062
MAP3K2	0.044834
MAP3K20	0.034471
MAP3K21	0.049097
MAP3K3	0.055583
MAP3K4	0.054460
MAP3K5	0.038752
MAP3K6	0.036056
MAP3K7	0.054872
MAP3K7CL	0.050743
MAP3K8	0.049961
MAP3K9	0.040937
MAP4K1	0.040383
MAP4K2	0.042852
MAP4K3	0.048518
MAP4K4	0.057963
MAP4K5	0.050348
MAP6	0.044581
MAP6D1	0.088445
MAP7	0.035274
MAP7D1	0.048790
MAP7D2	0.037231
MAP9	0.044051
MAPDA	0.042910
MAPK1	0.049665
MAPK10	0.050158
MAPK11	0.039201
MAPK12	0.060226
MAPK13	0.039991
MAPK14	0.050628
MAPK15	0.043450
MAPK1IP1L	0.298287
MAPK3	0.087018
MAPK4	0.046572
MAPK6	0.047228
MAPK7	0.045421
MAPK8	0.051221
MAPK8IP1	0.062521
MAPK8IP2	0.040648
MAPK8IP3	0.044675
MAPK9	0.040032
MAPKAP1	0.055428
MAPKAPK2	0.041126
MAPKAPK3	0.050100
MAPKAPK5	0.109447
MAPRE1	0.050995
MAPRE2	0.053058
MAPRE3	0.046783
MAPT	0.048121
MARCHF1	0.051694
MARCHF10	0.047565
MARCHF11	0.050436
MARCHF2	0.046657
MARCHF3	0.110788
MARCHF4	0.937455
MARCHF5	0.046954
MARCHF6	0.060038
MARCHF7	0.046605
MARCHF8	0.051806
MARCHF9	0.050232
MARCKS	0.082279
MARCKSL1	0.052956
MARCO	0.051421
MARF1	0.038101
MARK1	0.046325
MARK2	0.047065
MARK3	0.053026
MARK4	0.086121
MARS1	0.052002
MARS2	0.049678
MARVELD2	0.108728
MARVELD3	0.046689
MAS1	0.051320
MAS1L	0.047787
MASP1	0.041917
MASP2	0.047652
MAST1	0.084352
MAST2	0.042089
MAST3	0.081113
MAST4	0.054306
MASTL	0.095274
MAT1A	0.049357
MAT2A	0.304699
MAT2B	0.063376
MATCAP1	0.046080
MATCAP2	0.040453
MATK	0.074504
MATN1	0.064797
MATN2	0.048505
MATN3	0.049625
MATN4	0.046408
MATR3	0.045486
MAU2	0.049036
MAVS	0.136285
MAX	0.066563
MAZ	0.048703
MB	0.047372
MB21D2	0.049291
MBD1	0.036111
MBD2	0.049783
MBD3	0.040827
MBD3L1	0.062588
MBD3L2	0.035528
MBD4	0.055670
MBD5	0.049650
MBD6	0.057297
MBIP	0.045817
MBLAC1	0.048248
MBLAC2	0.035548
MBNL1	0.046174
MBNL2	0.048068
MBNL3	0.590455
MBOAT1	0.048586
MBOAT2	0.048944
MBOAT7	0.048155
MBP	0.053163
MBTD1	0.049045
MBTPS1	0.049124
MBTPS2	0.047908
MC1R	0.050543
MC2R	0.051436
MC3R	0.069401
MC4R	0.052645
MC5R	0.048120
MCAM	0.043613
MCAT	0.040807
MCC	0.044261
MCCC1	0.046930
MCCC2	0.042768
MCCD1	0.040507
MCEE	0.044755
MCEMP1	0.054512
MCF2	0.060086
MCF2L	0.044690
MCF2L2	0.057952
MCHR1	0.049555
MCHR2	0.049316
MCL1	0.048420
MCM10	0.051338
MCM2	0.058327
MCM3	0.059490
MCM3AP	0.046961
MCM4	0.050741
MCM5	0.048987
MCM6	0.050477
MCM7	0.045546
MCM8	0.078907
MCM9	0.050950
MCMBP	0.056723
MCMDC2	0.055134
MCOLN1	0.042763
MCOLN2	0.046926
MCOLN3	0.046164
MCPH1	0.049409
MCRIP1	0.048862
MCRIP2	0.051016
MCRS1	0.042726
MCTP1	0.054254
MCTP2	0.051923
MCTS1	0.035647
MCU	0.047727
MCUB	0.049768
MCUR1	0.051161
MDC1	0.049538
MDFI	0.081105
MDFIC	0.124891
MDGA1	0.055597
MDGA2	0.040767
MDH1	0.044440
MDH1B	0.044357
MDH2	0.047302
MDK	0.052288
MDM1	0.046856
MDM2	0.046540
MDM4	0.040853
MDN1	0.042535
MDP1	0.053334
ME1	0.046321
ME2	0.045819
ME3	0.046615
MEA1	0.066446
MEAF6	0.048249
MEAK7	0.048728
MECOM	0.048708
MECP2	0.038406
MECR	0.035127
MED1	0.047465
MED10	0.046520
MED11	0.043546
MED12	0.046625
MED12L	0.048487
MED13	0.038934
MED13L	0.046985
MED14	0.045935
MED15	0.047006
MED16	0.112237
MED17	0.035786
MED18	0.045320
MED19	0.049276
MED20	0.051379
MED21	0.076895
MED22	0.046809
MED23	0.049007
MED24	0.049400
MED25	0.048534
MED26	0.050190
MED27	0.044618
MED28	0.044911
MED29	0.036448
MED30	0.048754
MED31	0.047923
MED4	0.058585
MED6	0.046437
MED7	0.041441
MED8	0.288676
MED9	0.051482
MEDAG	0.035310
MEF2A	0.048535
MEF2C	0.046829
MEF2D	0.041371
MEFV	0.033542
MEGF10	0.046849
MEGF11	0.080963
MEGF6	0.046249
MEGF8	0.049242
MEGF9	0.044714
MEI1	0.051770
MEIG1	0.048723
MEIOB	0.050521
MEIOC	0.088187
MEIS1	0.653977
MEIS2	0.055738
MEIS3	0.048516
MELK	0.046559
MELTF	0.045019
MEMO1	0.052852
MEN1	0.069037
MEOX1	0.048506
MEOX2	0.078363
MEP1A	0.060003
MEP1B	0.038964
MEPCE	0.051078
MEPE	0.040333
MERTK	0.048102
MESD	0.126667
MESP1	0.048312
MESP2	0.049818
MEST	0.053824
MET	0.057721
METAP1	0.049626
METAP1D	0.049295
METAP2	0.048314
METRN	0.085135
METRNL	0.044858
METTL1	0.046773
METTL13	0.051360
METTL14	0.039948
METTL15	0.054969
METTL16	0.041553
METTL17	0.049273
METTL18	0.042792
METTL21A	0.048344
METTL21C	0.040993
METTL22	0.051119
METTL23	0.048194
METTL25	0.045074
METTL25B	0.072751
METTL26	0.038487
METTL27	0.039310
METTL2A	0.056763
METTL2B	0.049110
METTL3	0.048226
METTL4	0.048400
METTL5	0.043483
METTL6	0.057092
METTL8	0.044151
METTL9	0.046883
MEX3A	0.038485
MEX3B	0.031182
MEX3C	0.048724
MEX3D	0.051400
MFAP1	0.934841
MFAP2	0.048264
MFAP3	0.049925
MFAP3L	0.060519
MFAP4	0.058971
MFAP5	0.052901
MFF	0.046841
MFGE8	0.054096
MFHAS1	0.045804
MFN1	0.052622
MFN2	0.047834
MFNG	0.042310
MFRP	0.055641
MFSD1	0.045197
MFSD11	0.048837
MFSD12	0.037082
MFSD2A	0.052129
MFSD2B	0.058622
MFSD6	0.116076
MFSD6L	0.060864
MFSD8	0.050392
MGA	0.047824
MGAM	0.049277
MGARP	0.051800
MGAT1	0.046062
MGAT2	0.069674
MGAT3	0.044708
MGAT4A	0.046022
MGAT4B	0.046699
MGAT4C	0.041013
MGAT5	0.048064
MGAT5B	0.058067
MGLL	0.047175
MGME1	0.043474
MGMT	0.045248
MGP	0.034299
MGRN1	0.048462
MGST1	0.935636
MGST2	0.057597
MGST3	0.050755
MIA	0.063066
MIA2	0.049906
MIA3	0.045970
MIB1	0.050461
MIB2	0.052196
MICA	0.071414
MICAL1	0.044356
MICAL2	0.082876
MICALL1	0.048862
MICALL2	0.054554
MICB	0.048711
MICOS10	0.046540
MICOS13	0.044539
MICU1	0.052472
MICU2	0.049902
MICU3	0.055850
MID1	0.048267
MID1IP1	0.049934
MID2	0.052328
MIDEAS	0.058784
MIDN	0.096227
MIEF1	0.044347
MIEF2	0.048832
MIEN1	0.036844
MIER1	0.049688
MIER2	0.046854
MIER3	0.051341
MIF4GD	0.055526
MIGA1	0.045501
MIGA2	0.049144
MIIP	0.064657
MILR1	0.042125
MINAR1	0.043348
MINDY1	0.040692
MINDY2	0.046345
MINDY3	0.041918
MINDY4	0.046753
MINK1	0.049696
MINPP1	0.040598
MIOS	0.045642
MIOX	0.071187
MIP	0.052917
MIPEP	0.050053
MIPOL1	0.050349
MIS12	0.049495
MIS18A	0.047239
MIS18BP1	0.044507
MISP	0.035457
MITD1	0.044087
MITF	0.059546
MIX23	0.050856
MIXL1	0.052333
MKI67	0.048924
MKKS	0.050737
MKLN1	0.048686
MKNK1	0.055026
MKNK2	0.047698
MKRN1	0.049930
MKRN2	0.048025
MKRN3	0.048498
MKS1	0.045071
MKX	0.046718
MLANA	0.046025
MLC1	0.048175
MLEC	0.049879
MLF1	0.061550
MLF2	0.046572
MLH1	0.057432
MLH3	0.050996
MLIP	0.087992
MLKL	0.045710
MLLT1	0.251033
MLLT10	0.048382
MLLT11	0.037195
MLLT3	0.046845
MLLT6	0.046135
MLN	0.047060
MLNR	0.060095
MLPH	0.047884
MLST8	0.038814
MLX	0.032761
MLXIP	0.050474
MLXIPL	0.042156
MLYCD	0.050296
MMAA	0.047623
MMAB	0.036287
MMACHC	0.038408
MMADHC	0.045972
MMD	0.047894
MMD2	0.045785
MME	0.049078
MMEL1	0.040646
MMGT1	0.079320
MMP1	0.050660
MMP10	0.048829
MMP11	0.062042
MMP12	0.391611
MMP13	0.053853
MMP14	0.050209
MMP15	0.034043
MMP16	0.046484
MMP17	0.049739
MMP19	0.045965
MMP2	0.053809
MMP20	0.050947
MMP21	0.040849
MMP23B	0.049916
MMP24	0.048853
MMP25	0.045486
MMP26	0.112353
MMP27	0.042904
MMP28	0.050621
MMP3	0.050754
MMP7	0.045996
MMP8	0.052177
MMP9	0.045369
MMRN1	0.056497
MMRN2	0.047528
MMS19	0.041444
MMS22L	0.048005
MMUT	0.055437
MN1	0.049887
MNAT1	0.038993
MND1	0.049593
MNDA	0.051614
MNS1	0.052915
MNT	0.049426
MNX1	0.046512
MOAP1	0.048223
MOB1A	0.057178
MOB1B	0.051344
MOB2	0.045064
MOB3A	0.033473
MOB3B	0.035577
MOB3C	0.052489
MOB4	0.040779
MOBP	0.049278
MOCOS	0.155174
MOCS1	0.045570
MOCS2	0.057595
MOCS3	0.043034
MOG	0.045360
MOGAT1	0.041877
MOGAT2	0.051126
MOGAT3	0.049096
MOGS	0.040632
MOK	0.055367
MON1A	0.047904
MON1B	0.936178
MON2	0.081506
MORC1	0.039851
MORC2	0.050240
MORC3	0.048240
MORC4	0.082494
MORF4L1	0.048951
MORF4L2	0.043656
MORN1	0.051052
MORN3	0.044505
MORN4	0.047685
MORN5	0.103384
MOS	0.044518
MOSPD1	0.046947
MOSPD2	0.045634
MOV10	0.048544
MOV10L1	0.040351
MOXD1	0.046691
MPC1	0.048169
MPC2	0.049033
MPDU1	0.116367
MPDZ	0.049501
MPEG1	0.052951
MPHOSPH10	0.111395
MPHOSPH6	0.056154
MPHOSPH8	0.050760
MPHOSPH9	0.049245
MPI	0.057811
MPIG6B	0.050732
MPL	0.048043
MPLKIP	0.044423
MPND	0.043320
MPO	0.162164
MPP1	0.062503
MPP2	0.054626
MPP3	0.041993
MPP4	0.036662
MPP7	0.047456
MPPE1	0.052567
MPPED1	0.049071
MPPED2	0.048926
MPRIP	0.049483
MPST	0.106971
MPV17	0.058229
MPV17L	0.050907
MPV17L2	0.044030
MPZ	0.045409
MPZL1	0.058368
MPZL2	0.041282
MPZL3	0.044355
MR1	0.050046
MRAP	0.046067
MRAP2	0.045018
MRAS	0.048089
MRC1	0.043151
MRC2	0.044257
MRE11	0.045413
MREG	0.046742
MRFAP1	0.038476
MRFAP1L1	0.038690
MRGBP	0.032417
MRGPRD	0.049797
MRGPRE	0.071363
MRGPRF	0.073595
MRGPRG	0.045621
MRGPRX1	0.046050
MRGPRX2	0.049943
MRGPRX3	0.052340
MRGPRX4	0.044769
MRI1	0.046384
MRM1	0.040398
MRM2	0.046929
MRM3	0.053678
MRNIP	0.047955
MRO	0.057372
MROH2B	0.048887
MROH5	0.047087
MROH7	0.044223
MROH8	0.050973
MROH9	0.043785
MRPL1	0.040267
MRPL10	0.052244
MRPL11	0.042192
MRPL12	0.036247
MRPL13	0.036105
MRPL14	0.053168
MRPL15	0.044377
MRPL16	0.045769
MRPL17	0.053898
MRPL18	0.070540
MRPL19	0.051530
MRPL2	0.045251
MRPL20	0.042184
MRPL21	0.052351
MRPL22	0.048140
MRPL23	0.053012
MRPL24	0.046034
MRPL27	0.063089
MRPL28	0.047995
MRPL3	0.049058
MRPL30	0.048589
MRPL32	0.051253
MRPL33	0.049405
MRPL34	0.043907
MRPL35	0.049922
MRPL36	0.038655
MRPL37	0.045553
MRPL38	0.894882
MRPL39	0.048857
MRPL4	0.080384
MRPL40	0.048996
MRPL41	0.047374
MRPL42	0.044767
MRPL43	0.044233
MRPL44	0.045097
MRPL45	0.049012
MRPL46	0.044891
MRPL47	0.046995
MRPL48	0.040178
MRPL49	0.047631
MRPL50	0.048465
MRPL51	0.048547
MRPL52	0.045950
MRPL53	0.046949
MRPL54	0.047827
MRPL55	0.050096
MRPL57	0.048061
MRPL58	0.045080
MRPL9	0.042710
MRPS10	0.048013
MRPS11	0.047238
MRPS12	0.045097
MRPS14	0.048666
MRPS15	0.048304
MRPS16	0.046187
MRPS17	0.045612
MRPS18A	0.037565
MRPS18B	0.048644
MRPS18C	0.061919
MRPS2	0.046939
MRPS21	0.050954
MRPS22	0.049009
MRPS23	0.050275
MRPS24	0.049691
MRPS25	0.040419
MRPS26	0.063567
MRPS27	0.042222
MRPS28	0.048636
MRPS30	0.050548
MRPS31	0.046493
MRPS33	0.064253
MRPS34	0.067380
MRPS35	0.048191
MRPS5	0.049981
MRPS6	0.043304
MRPS7	0.048421
MRPS9	0.047442
MRRF	0.045436
MRS2	0.044675
MRTFA	0.044904
MRTFB	0.044359
MRTO4	0.051731
MS4A1	0.043880
MS4A10	0.051124
MS4A13	0.051989
MS4A14	0.047232
MS4A15	0.049524
MS4A2	0.105173
MS4A3	0.132884
MS4A4A	0.044631
MS4A5	0.038382
MS4A6A	0.045292
MS4A6E	0.197332
MS4A7	0.047686
MS4A8	0.036721
MSANTD1	0.046300
MSANTD2	0.037873
MSANTD3	0.050247
MSANTD4	0.054463
MSC	0.053697
MSH2	0.050097
MSH3	0.048260
MSH4	0.050870
MSH5	0.048182
MSH6	0.057643
MSI1	0.037085
MSI2	0.048576
MSL2	0.049262
MSL3	0.049186
MSLN	0.051133
MSMB	0.048178
MSMO1	0.050534
MSMP	0.073527
MSN	0.053736
MSR1	0.042171
MSRA	0.047617
MSRB1	0.061305
MSRB2	0.078804
MSRB3	0.050904
MSS51	0.049333
MST1	0.047353
MST1R	0.045235
MSTN	0.050285
MSTO1	0.055884
MSX1	0.051691
MSX2	0.085473
MT1A	0.046681
MT1F	0.116823
MT1H	0.048559
MT1X	0.045969
MT3	0.048863
MT4	0.054159
MTA1	0.087322
MTA2	0.057163
MTA3	0.045094
MTAP	0.066911
MTARC1	0.045288
MTARC2	0.050273
MTBP	0.044035
MTCH1	0.048452
MTCH2	0.047271
MTCL1	0.067997
MTCL2	0.046608
MTCL3	0.058343
MTCP1	0.038219
MTDH	0.047664
MTERF1	0.049820
MTERF2	0.048259
MTERF3	0.048813
MTERF4	0.047472
MTF1	0.041506
MTF2	0.072421
MTFMT	0.048070
MTFP1	0.050707
MTFR1	0.056379
MTFR1L	0.046928
MTFR2	0.051711
MTG1	0.047914
MTG2	0.056504
MTHFD1	0.037468
MTHFD1L	0.048624
MTHFD2	0.049286
MTHFD2L	0.048200
MTHFR	0.074894
MTHFS	0.061614
MTHFSD	0.089864
MTIF2	0.046095
MTIF3	0.045520
MTM1	0.050082
MTMR1	0.047735
MTMR10	0.048525
MTMR11	0.047659
MTMR12	0.053744
MTMR14	0.049216
MTMR2	0.048271
MTMR3	0.040457
MTMR4	0.049057
MTMR6	0.040977
MTMR7	0.050361
MTMR8	0.039114
MTMR9	0.052446
MTNAP1	0.075080
MTNR1A	0.044856
MTNR1B	0.048162
MTO1	0.040630
MTOR	0.938160
MTPAP	0.048169
MTPN	0.050268
MTR	0.040300
MTRES1	0.036600
MTREX	0.048366
MTRF1	0.045761
MTRF1L	0.045070
MTRFR	0.070472
MTRR	0.052968
MTSS1	0.053524
MTSS2	0.111119
MTTP	0.046343
MTURN	0.031934
MTUS1	0.081857
MTUS2	0.046146
MTX1	0.090293
MTX2	0.035399
MTX3	0.054263
MUC1	0.047780
MUC13	0.094341
MUC15	0.048931
MUC16	0.045454
MUC17	0.055443
MUC2	0.049973
MUC20	0.046099
MUC21	0.045909
MUC4	0.052102
MUC7	0.050856
MUCL1	0.093028
MUCL3	0.047773
MUL1	0.035011
MUS81	0.061453
MUSK	0.065324
MUSTN1	0.054935
MUTYH	0.127413
MVB12A	0.049851
MVB12B	0.047094
MVD	0.069062
MVK	0.045369
MVP	0.034284
MX1	0.046261
MX2	0.046880
MXD1	0.040110
MXD3	0.046401
MXD4	0.092900
MXI1	0.047192
MXRA5	0.088173
MXRA7	0.061175
MXRA8	0.047752
MYADM	0.055925
MYB	0.047368
MYBBP1A	0.091356
MYBL1	0.039947
MYBL2	0.061600
MYBPC1	0.047562
MYBPC2	0.044973
MYBPC3	0.071088
MYBPH	0.051398
MYBPHL	0.045904
MYC	0.055799
MYCBP	0.047426
MYCBP2	0.049103
MYCBPAP	0.050231
MYCL	0.032073
MYCN	0.087858
MYCT1	0.033576
MYD88	0.042709
MYDGF	0.040335
MYEF2	0.047990
MYEOV	0.048453
MYF5	0.076719
MYF6	0.046397
MYG1	0.049352
MYH1	0.050417
MYH10	0.077124
MYH11	0.044403
MYH13	0.098140
MYH14	0.038725
MYH2	0.048077
MYH3	0.130817
MYH4	0.084690
MYH6	0.048686
MYH7	0.045040
MYH7B	0.046684
MYH8	0.049764
MYH9	0.055306
MYL1	0.059773
MYL10	0.045405
MYL11	0.056467
MYL12A	0.037149
MYL12B	0.052194
MYL2	0.049262
MYL3	0.053941
MYL4	0.050216
MYL5	0.051162
MYL6	0.052196
MYL6B	0.065643
MYL7	0.145773
MYL9	0.033814
MYLIP	0.049568
MYLK	0.049423
MYLK2	0.036508
MYLK3	0.051909
MYLK4	0.045765
MYMK	0.043927
MYNN	0.048339
MYO10	0.036371
MYO15A	0.051468
MYO16	0.053044
MYO18A	0.051499
MYO18B	0.926655
MYO19	0.051965
MYO1A	0.052508
MYO1B	0.046245
MYO1C	0.051162
MYO1D	0.049853
MYO1E	0.045251
MYO1F	0.049631
MYO1G	0.039211
MYO3A	0.040171
MYO3B	0.048456
MYO5A	0.047187
MYO5B	0.050777
MYO5C	0.052950
MYO6	0.080724
MYO7A	0.052434
MYO7B	0.048078
MYO9A	0.051099
MYO9B	0.041930
MYOC	0.039509
MYOCD	0.050106
MYOD1	0.050957
MYOF	0.042419
MYOG	0.259248
MYOM1	0.049732
MYOM2	0.048941
MYOM3	0.045660
MYORG	0.051703
MYOT	0.051945
MYOZ1	0.045057
MYOZ2	0.047412
MYOZ3	0.071145
MYPN	0.048682
MYPOP	0.048869
MYRF	0.048939
MYRFL	0.047918
MYRIP	0.040549
MYT1	0.051219
MYT1L	0.045035
MZB1	0.049160
MZF1	0.052831
MZT1	0.048393
MZT2A	0.048895
N4BP1	0.052559
N4BP2	0.045056
N4BP2L1	0.049698
N4BP2L2	0.038127
N4BP3	0.046915
NAA10	0.052466
NAA11	0.056811
NAA15	0.046962
NAA16	0.049450
NAA20	0.048628
NAA25	0.050228
NAA30	0.048732
NAA38	0.049390
NAA40	0.052153
NAA50	0.156340
NAA60	0.039997
NAA80	0.059822
NAAA	0.045355
NAALAD2	0.040071
NAALADL1	0.049829
NAALADL2	0.043187
NAB1	0.048205
NAB2	0.048759
NABP1	0.049867
NABP2	0.051528
NACA	0.881237
NACA2	0.044068
NACC1	0.046750
NACC2	0.047049
NADK	0.051339
NADK2	0.048481
NADSYN1	0.050976
NAE1	0.076571
NAF1	0.044510
NAGA	0.059412
NAGK	0.045155
NAGLU	0.053421
NAGPA	0.942525
NAGS	0.040501
NAIF1	0.046725
NAIP	0.044501
NALCN	0.049837
NALF1	0.043805
NALF2	0.050147
NAMPT	0.047037
NANOG	0.053572
NANOS1	0.044101
NANOS2	0.045500
NANP	0.044301
NANS	0.058499
NAP1L1	0.045782
NAP1L2	0.049607
NAP1L3	0.096567
NAP1L4	0.045265
NAP1L5	0.053091
NAPA	0.101686
NAPB	0.049093
NAPEPLD	0.081303
NAPG	0.059281
NAPRT	0.101479
NAPSA	0.049707
NARF	0.044925
NARS1	0.050263
NARS2	0.049661
NASP	0.033333
NAT1	0.049224
NAT10	0.050477
NAT14	0.050124
NAT16	0.038310
NAT2	0.060607
NAT8	0.050578
NAT8L	0.052275
NAT9	0.050254
NATD1	0.047359
NAV1	0.048164
NAV2	0.057709
NAV3	0.046361
NAXD	0.033562
NAXE	0.044074
NBEA	0.033040
NBL1	0.048780
NBN	0.050097
NBPF1	0.046498
NBPF10	0.047079
NBPF11	0.038923
NBPF14	0.046533
NBPF15	0.039862
NBPF3	0.067681
NBPF8	0.054322
NBR1	0.048599
NCALD	0.038328
NCAM1	0.051808
NCAM2	0.038114
NCAN	0.054124
NCAPD2	0.042181
NCAPD3	0.054561
NCAPG	0.052559
NCAPG2	0.045637
NCAPH	0.045263
NCAPH2	0.046271
NCBP1	0.047580
NCBP2	0.044111
NCBP3	0.046496
NCCRP1	0.058821
NCDN	0.048362
NCEH1	0.041995
NCF1	0.083028
NCF2	0.034129
NCF4	0.048022
NCK1	0.048584
NCK2	0.052178
NCKAP1	0.936859
NCKAP1L	0.046889
NCKAP5	0.048195
NCKAP5L	0.050184
NCKIPSD	0.036869
NCL	0.075444
NCLN	0.048927
NCMAP	0.048096
NCOA1	0.048100
NCOA2	0.050003
NCOA3	0.047012
NCOA4	0.050866
NCOA5	0.044983
NCOA6	0.048187
NCOA7	0.062737
NCOR1	0.057761
NCOR2	0.047805
NCR1	0.043809
NCR2	0.038094
NCR3	0.036811
NCS1	0.055517
NCSTN	0.040024
NDC1	0.050520
NDC80	0.930993
NDE1	0.049143
NDEL1	0.034248
NDFIP1	0.035819
NDFIP2	0.049179
NDN	0.050348
NDNF	0.053513
NDOR1	0.069987
NDP	0.051934
NDRG1	0.049997
NDRG2	0.055800
NDRG3	0.048762
NDRG4	0.048487
NDST1	0.046794
NDST2	0.048575
NDST3	0.043415
NDST4	0.052624
NDUFA1	0.049240
NDUFA10	0.051772
NDUFA11	0.084074
NDUFA12	0.047098
NDUFA13	0.051310
NDUFA2	0.049224
NDUFA5	0.048311
NDUFA6	0.057689
NDUFA7	0.044828
NDUFA8	0.086889
NDUFA9	0.060699
NDUFAB1	0.046994
NDUFAF1	0.051029
NDUFAF2	0.046874
NDUFAF3	0.039986
NDUFAF4	0.070576
NDUFAF5	0.047323
NDUFAF6	0.039019
NDUFAF7	0.045141
NDUFB1	0.090531
NDUFB10	0.051565
NDUFB11	0.043484
NDUFB2	0.048968
NDUFB3	0.056493
NDUFB4	0.042186
NDUFB5	0.049870
NDUFB6	0.043934
NDUFB7	0.047482
NDUFB8	0.061761
NDUFB9	0.046661
NDUFC1	0.044868
NDUFC2	0.050648
NDUFS1	0.045773
NDUFS2	0.051406
NDUFS3	0.046631
NDUFS4	0.041559
NDUFS5	0.037239
NDUFS6	0.045604
NDUFS7	0.041549
NDUFS8	0.044068
NDUFV1	0.049457
NDUFV2	0.054186
NDUFV3	0.050244
NEB	0.048353
NEBL	0.047626
NECAB1	0.049927
NECAB2	0.043925
NECAB3	0.047631
NECAP1	0.046713
NECAP2	0.051617
NECTIN1	0.033349
NECTIN3	0.046298
NECTIN4	0.055840
NEDD1	0.041934
NEDD4	0.061786
NEDD4L	0.053167
NEDD8	0.039620
NEDD9	0.044571
NEFH	0.072079
NEFL	0.048622
NEFM	0.046276
NEGR1	0.048456
NEIL1	0.075733
NEIL2	0.046793
NEIL3	0.049973
NEK1	0.150046
NEK10	0.044455
NEK11	0.047923
NEK2	0.042359
NEK3	0.057633
NEK4	0.047452
NEK5	0.048351
NEK6	0.052599
NEK7	0.085319
NEK8	0.047022
NEK9	0.044142
NELFA	0.039341
NELFB	0.047029
NELFCD	0.048243
NELFE	0.048682
NELL1	0.050302
NELL2	0.050271
NEMF	0.049907
NEMP1	0.084774
NENF	0.079403
NEO1	0.049485
NES	0.048050
NET1	0.054733
NETO1	0.044164
NETO2	0.037024
NEU1	0.058676
NEU2	0.072166
NEU3	0.039941
NEU4	0.040172
NEURL1	0.056852
NEURL2	0.056563
NEURL4	0.049130
NEUROD1	0.047356
NEUROD2	0.046103
NEUROD4	0.050566
NEUROD6	0.047028
NEUROG1	0.061452
NEUROG2	0.049654
NEUROG3	0.042280
NEXMIF	0.046431
NEXN	0.046570
NF1	0.106375
NF2	0.049387
NFAM1	0.047918
NFASC	0.050211
NFAT5	0.084560
NFATC1	0.048216
NFATC2	0.049121
NFATC2IP	0.049404
NFATC3	0.046336
NFATC4	0.045678
NFE2	0.051707
NFE2L1	0.124553
NFE2L2	0.069286
NFE2L3	0.046414
NFIA	0.043697
NFIB	0.059379
NFIC	0.079902
NFIL3	0.050470
NFIX	0.048031
NFKB1	0.034591
NFKB2	0.051764
NFKBIA	0.060619
NFKBIB	0.047659
NFKBID	0.052956
NFKBIE	0.046218
NFKBIL1	0.039127
NFKBIZ	0.051087
NFRKB	0.076296
NFS1	0.125967
NFU1	0.052830
NFX1	0.052179
NFXL1	0.047914
NFYA	0.049304
NFYB	0.044473
NFYC	0.049788
NGB	0.062480
NGDN	0.056237
NGEF	0.051007
NGF	0.078056
NGFR	0.061999
NGLY1	0.043734
NGRN	0.106547
NHEJ1	0.047978
NHERF1	0.042913
NHERF2	0.040412
NHERF4	0.048721
NHLH1	0.044622
NHLH2	0.053627
NHLRC1	0.045479
NHLRC3	0.422605
NHLRC4	0.036758
NHP2	0.051993
NHS	0.048739
NHSL2	0.050255
NHSL3	0.035156
NIBAN1	0.047198
NIBAN2	0.050902
NIBAN3	0.040830
NICN1	0.049033
NID1	0.042059
NID2	0.058115
NIF3L1	0.047358
NIFK	0.076408
NIM1K	0.045094
NIN	0.052581
NINJ1	0.074080
NINJ2	0.079776
NINL	0.043828
NIP7	0.047942
NIPA1	0.046797
NIPA2	0.043972
NIPAL1	0.047732
NIPAL2	0.050494
NIPAL3	0.040467
NIPBL	0.045225
NIPSNAP1	0.049238
NIPSNAP2	0.049107
NIPSNAP3A	0.088558
NIPSNAP3B	0.034934
NISCH	0.063828
NIT1	0.930866
NIT2	0.045257
NKAIN1	0.048367
NKAIN2	0.049639
NKAIN3	0.051895
NKAIN4	0.044119
NKAP	0.079176
NKAPD1	0.049965
NKAPL	0.054803
NKD1	0.043502
NKD2	0.043348
NKG7	0.059734
NKIRAS1	0.073134
NKIRAS2	0.062202
NKPD1	0.042278
NKRF	0.045150
NKTR	0.068133
NKX2-1	0.049856
NKX2-2	0.038551
NKX2-3	0.049764
NKX2-5	0.103005
NKX2-8	0.048192
NKX3-1	0.047793
NKX3-2	0.050373
NKX6-1	0.053328
NLE1	0.065898
NLGN1	0.047841
NLGN2	0.032901
NLGN3	0.051008
NLGN4X	0.962098
NLGN4Y	0.051393
NLK	0.045820
NLN	0.111321
NLRC3	0.037796
NLRC4	0.050892
NLRC5	0.063847
NLRP1	0.036846
NLRP10	0.178129
NLRP11	0.047978
NLRP12	0.048114
NLRP13	0.050961
NLRP14	0.054053
NLRP2	0.045734
NLRP3	0.036024
NLRP4	0.044345
NLRP5	0.046440
NLRP6	0.050665
NLRP7	0.049666
NLRP8	0.049446
NLRP9	0.048827
NLRX1	0.044248
NMB	0.364073
NMBR	0.049383
NMD3	0.050557
NME1	0.045143
NME1-NME2	0.048503
NME2	0.058685
NME3	0.047607
NME4	0.040299
NME5	0.047931
NME6	0.048602
NME7	0.047700
NME8	0.046514
NME9	0.051212
NMI	0.048240
NMNAT1	0.094230
NMNAT2	0.089686
NMNAT3	0.063017
NMRAL1	0.049938
NMRK1	0.070946
NMRK2	0.045773
NMS	0.048498
NMT1	0.048922
NMT2	0.048048
NMU	0.040700
NMUR1	0.055278
NMUR2	0.045832
NNAT	0.054640
NNMT	0.040062
NNT	0.047250
NOA1	0.045508
NOB1	0.050336
NOBOX	0.049875
NOC2L	0.061204
NOC3L	0.042127
NOC4L	0.048189
NOCT	0.045623
NOD1	0.048767
NOD2	0.063609
NODAL	0.044087
NOG	0.047142
NOL10	0.554672
NOL11	0.066619
NOL12	0.049206
NOL3	0.045632
NOL4	0.056267
NOL4L	0.044662
NOL6	0.066901
NOL8	0.044653
NOL9	0.035492
NOLC1	0.057149
NOM1	0.052628
NOMO1	0.048054
NOMO2	0.036992
NOMO3	0.051162
NONO	0.046358
NOP10	0.046790
NOP14	0.050379
NOP16	0.056507
NOP2	0.048147
NOP53	0.118212
NOP56	0.117499
NOP58	0.091167
NOP9	0.039147
NOPCHAP1	0.074361
NOS1	0.052232
NOS1AP	0.065798
NOS2	0.049794
NOS3	0.042899
NOSIP	0.052496
NOSTRIN	0.038904
NOTCH1	0.032817
NOTCH2	0.051626
NOTCH2NLA	0.054796
NOTCH3	0.051105
NOTCH4	0.054768
NOTUM	0.044980
NOVA1	0.049324
NOVA2	0.049255
NOX1	0.047679
NOX3	0.053229
NOX4	0.044855
NOX5	0.069826
NOXA1	0.050741
NOXO1	0.053693
NOXRED1	0.047941
NPAP1	0.050171
NPAS1	0.047682
NPAS2	0.048442
NPAS3	0.044306
NPAS4	0.053272
NPAT	0.072998
NPBWR1	0.048161
NPBWR2	0.052975
NPC1	0.050295
NPC1L1	0.044189
NPC2	0.041849
NPDC1	0.116622
NPEPL1	0.048980
NPEPPS	0.048887
NPFF	0.048919
NPFFR1	0.075199
NPFFR2	0.045421
NPHP1	0.038472
NPHP3	0.053050
NPHP4	0.048449
NPHS1	0.050483
NPHS2	0.077781
NPIPA1	0.192860
NPIPB15	0.041165
NPIPB5	0.042160
NPIPB7	0.046452
NPL	0.059377
NPLOC4	0.112659
NPM1	0.049679
NPM2	0.052535
NPM3	0.044345
NPNT	0.037967
NPPA	0.049275
NPPB	0.045048
NPPC	0.051620
NPR1	0.048662
NPR2	0.046294
NPR3	0.051736
NPRL2	0.047493
NPRL3	0.049155
NPS	0.046692
NPSR1	0.048877
NPTN	0.042018
NPTX1	0.046544
NPTX2	0.037539
NPTXR	0.047606
NPVF	0.051112
NPY	0.039398
NPY1R	0.051411
NPY2R	0.051967
NPY4R	0.051901
NPY5R	0.061110
NQO1	0.048118
NQO2	0.059130
NR0B1	0.051328
NR0B2	0.060102
NR1D1	0.048127
NR1D2	0.047981
NR1H2	0.042507
NR1H3	0.044388
NR1H4	0.084665
NR1I2	0.057457
NR1I3	0.049798
NR2C1	0.044079
NR2C2	0.048394
NR2C2AP	0.109493
NR2E1	0.050626
NR2E3	0.044153
NR2F1	0.045380
NR2F2	0.047106
NR2F6	0.121486
NR3C1	0.051435
NR3C2	0.049389
NR4A1	0.047401
NR4A2	0.046940
NR4A3	0.043151
NR5A1	0.050442
NR5A2	0.049058
NR6A1	0.051057
NRAP	0.046219
NRARP	0.242446
NRAS	0.039152
NRBF2	0.046414
NRBP1	0.052211
NRBP2	0.050155
NRCAM	0.046030
NRDC	0.049020
NRDE2	0.049764
NREP	0.049888
NRF1	0.089030
NRG1	0.041889
NRG2	0.059131
NRG3	0.049147
NRG4	0.048842
NRGN	0.035034
NRIP1	0.091673
NRIP2	0.038218
NRIP3	0.042451
NRK	0.051081
NRL	0.054375
NRM	0.047706
NRN1	0.050338
NRN1L	0.137440
NRP1	0.054117
NRP2	0.051530
NRROS	0.043977
NRSN1	0.047016
NRSN2	0.045596
NRXN1	0.048507
NRXN2	0.040060
NRXN3	0.044968
NSA2	0.192458
NSD1	0.045961
NSD2	0.050221
NSD3	0.052658
NSDHL	0.046078
NSF	0.041203
NSFL1C	0.051680
NSG1	0.042918
NSG2	0.037038
NSL1	0.050719
NSMAF	0.049194
NSMCE1	0.036397
NSMCE2	0.044929
NSMCE3	0.047991
NSMCE4A	0.071814
NSMF	0.047454
NSRP1	0.049818
NSUN2	0.037063
NSUN3	0.051057
NSUN4	0.047451
NSUN5	0.048363
NSUN6	0.063737
NSUN7	0.049404
NT5C	0.060082
NT5C1A	0.041013
NT5C1B	0.067210
NT5C2	0.049263
NT5C3A	0.048680
NT5C3B	0.042408
NT5DC1	0.068802
NT5DC2	0.041420
NT5DC3	0.049798
NT5E	0.063161
NT5M	0.049206
NTAN1	0.050983
NTAQ1	0.050355
NTF3	0.044052
NTF4	0.049995
NTHL1	0.049959
NTM	0.048450
NTMT1	0.033016
NTN1	0.048979
NTN3	0.103541
NTN4	0.035164
NTN5	0.056726
NTNG1	0.034039
NTNG2	0.058908
NTPCR	0.048005
NTRK1	0.048359
NTRK2	0.088996
NTRK3	0.039618
NTS	0.049876
NTSR1	0.054702
NTSR2	0.092375
NUAK1	0.049316
NUAK2	0.058199
NUB1	0.054406
NUBP1	0.055047
NUBP2	0.047247
NUBPL	0.033978
NUCB1	0.048455
NUCB2	0.047168
NUCKS1	0.048536
NUDC	0.042237
NUDCD1	0.035357
NUDCD2	0.040323
NUDCD3	0.058927
NUDT1	0.053324
NUDT10	0.046446
NUDT11	0.048490
NUDT12	0.052672
NUDT13	0.048942
NUDT14	0.047429
NUDT15	0.053355
NUDT16	0.040643
NUDT16L1	0.055948
NUDT17	0.047206
NUDT18	0.044651
NUDT2	0.063125
NUDT21	0.051868
NUDT22	0.114483
NUDT3	0.041771
NUDT4	0.036896
NUDT5	0.047689
NUDT6	0.047547
NUDT8	0.041287
NUDT9	0.047500
NUF2	0.920657
NUFIP1	0.053596
NUFIP2	0.038517
NUMA1	0.083614
NUMB	0.045908
NUMBL	0.050682
NUP107	0.254913
NUP133	0.050846
NUP153	0.117681
NUP155	0.058569
NUP160	0.067192
NUP188	0.041523
NUP205	0.924552
NUP210	0.044574
NUP210L	0.050805
NUP214	0.079625
NUP35	0.123452
NUP37	0.037313
NUP42	0.049874
NUP43	0.058613
NUP50	0.048655
NUP54	0.071127
NUP58	0.066754
NUP62	0.382378
NUP62CL	0.047375
NUP85	0.038751
NUP88	0.084696
NUP93	0.932918
NUP98	0.078871
NUPR1	0.059743
NUS1	0.049381
NUSAP1	0.140246
NUTF2	0.760951
NUTM1	0.103713
NUTM2G	0.037027
NVL	0.046336
NWD1	0.044300
NXF1	0.912715
NXF3	0.046630
NXN	0.045403
NXNL1	0.050504
NXNL2	0.053656
NXPE1	0.040285
NXPE2	0.046486
NXPE3	0.052647
NXPE4	0.046408
NXPH1	0.047012
NXPH2	0.043001
NXPH3	0.050207
NXPH4	0.048398
NXT1	0.134441
NXT2	0.048524
NYAP1	0.048833
NYNRIN	0.075872
NYX	0.046787
OAF	0.040529
OARD1	0.727318
OAS1	0.097571
OAS2	0.071721
OAS3	0.045603
OASL	0.047985
OAT	0.049832
OAZ1	0.050278
OAZ2	0.048919
OAZ3	0.045008
OBI1	0.047040
OBP2A	0.045029
OBP2B	0.046750
OBSCN	0.047712
OBSL1	0.045407
OC90	0.044640
OCA2	0.049989
OCEL1	0.047669
OCIAD1	0.047353
OCIAD2	0.048634
OCLN	0.045384
OCM2	0.046530
OCRL	0.048613
ODAD1	0.048054
ODAD2	0.036054
ODAD3	0.044396
ODAD4	0.137715
ODAM	0.049699
ODAPH	0.042448
ODC1	0.120683
ODF1	0.047389
ODF2	0.048551
ODF2L	0.048444
ODF4	0.045212
ODR4	0.053605
OFD1	0.049977
OGA	0.048104
OGDH	0.086110
OGDHL	0.049382
OGFOD1	0.067198
OGFOD2	0.050666
OGFOD3	0.035827
OGFR	0.092296
OGFRL1	0.075110
OGG1	0.052725
OGN	0.052415
OGT	0.299682
OIP5	0.051099
OIT3	0.046396
OLA1	0.053460
OLAH	0.052538
OLFM1	0.049120
OLFM2	0.048172
OLFM3	0.050957
OLFM4	0.034189
OLFML1	0.040358
OLFML2A	0.051043
OLFML2B	0.047304
OLFML3	0.048610
OLIG1	0.051404
OLIG2	0.075158
OLIG3	0.049299
OLR1	0.044149
OMA1	0.046670
OMD	0.043684
OMG	0.047479
OMP	0.045415
ONECUT1	0.049526
ONECUT2	0.047569
ONECUT3	0.046442
OOEP	0.051029
OOSP2	0.048479
OPA1	0.061227
OPA3	0.054071
OPALIN	0.048594
OPCML	0.058103
OPHN1	0.051614
OPLAH	0.048790
OPN1LW	0.049727
OPN1MW	0.041462
OPN1MW2	0.046262
OPN1SW	0.047740
OPN3	0.047389
OPN4	0.057243
OPN5	0.046553
OPRD1	0.047562
OPRK1	0.048654
OPRL1	0.048286
OPRM1	0.049993
OPRPN	0.050208
OPTC	0.041555
OPTN	0.046764
OR10A2	0.055404
OR10A3	0.048619
OR10A4	0.040298
OR10A5	0.460942
OR10A6	0.046511
OR10A7	0.039061
OR10AD1	0.057737
OR10AG1	0.046381
OR10C1	0.048044
OR10G3	0.036701
OR10G4	0.046330
OR10G8	0.047466
OR10G9	0.087076
OR10H1	0.052637
OR10H2	0.042305
OR10H3	0.053419
OR10H4	0.043915
OR10H5	0.050051
OR10J1	0.047929
OR10J5	0.034365
OR10K1	0.046363
OR10K2	0.064813
OR10P1	0.070617
OR10Q1	0.038378
OR10R2	0.048680
OR10S1	0.046468
OR10T2	0.046350
OR10V1	0.044443
OR10W1	0.046604
OR10X1	0.050113
OR10Z1	0.046553
OR11A1	0.048520
OR11G2	0.050603
OR11H1	0.061469
OR11H12	0.080193
OR11H4	0.049066
OR11H6	0.055722
OR11L1	0.046646
OR12D2	0.045949
OR12D3	0.050148
OR13A1	0.051092
OR13C2	0.038034
OR13C3	0.047506
OR13C4	0.048749
OR13C5	0.050030
OR13C8	0.092450
OR13C9	0.046836
OR13D1	0.050752
OR13F1	0.079194
OR13G1	0.046807
OR13H1	0.045292
OR13J1	0.047272
OR14A16	0.045733
OR14C36	0.041140
OR14I1	0.042242
OR14J1	0.044617
OR14K1	0.049533
OR1A1	0.047971
OR1A2	0.043340
OR1B1	0.039890
OR1C1	0.051311
OR1D2	0.049230
OR1D4	0.051498
OR1D5	0.038102
OR1E1	0.045094
OR1E2	0.048721
OR1F1	0.051121
OR1G1	0.037010
OR1I1	0.049741
OR1J1	0.038610
OR1J2	0.045704
OR1J4	0.041276
OR1K1	0.056922
OR1L1	0.041345
OR1L3	0.047755
OR1L4	0.093928
OR1L6	0.046305
OR1L8	0.047170
OR1M1	0.048480
OR1N1	0.049894
OR1N2	0.048866
OR1Q1	0.047250
OR1S1	0.070094
OR1S2	0.059589
OR2A1	0.051911
OR2A12	0.052295
OR2A14	0.066893
OR2A2	0.042625
OR2A25	0.046384
OR2A4	0.036009
OR2A42	0.046651
OR2A5	0.047529
OR2A7	0.041862
OR2AE1	0.046125
OR2AG1	0.147771
OR2AG2	0.063503
OR2AK2	0.047448
OR2AT4	0.049091
OR2B11	0.054040
OR2B2	0.048812
OR2B3	0.051170
OR2B6	0.051466
OR2C1	0.040489
OR2C3	0.037545
OR2D2	0.046811
OR2D3	0.051476
OR2F1	0.066559
OR2F2	0.048330
OR2G2	0.047836
OR2G3	0.049908
OR2G6	0.051071
OR2H1	0.050282
OR2H2	0.082842
OR2J2	0.128136
OR2J3	0.037236
OR2K2	0.051092
OR2L13	0.049814
OR2L2	0.047759
OR2L3	0.050274
OR2L8	0.058553
OR2M2	0.047903
OR2M4	0.047338
OR2M7	0.040338
OR2S2	0.038076
OR2T1	0.051206
OR2T10	0.054223
OR2T11	0.047793
OR2T12	0.034672
OR2T2	0.050732
OR2T27	0.047878
OR2T29	0.052127
OR2T3	0.054983
OR2T33	0.047702
OR2T34	0.050389
OR2T35	0.048706
OR2T4	0.055060
OR2T5	0.050178
OR2T6	0.068181
OR2T8	0.048083
OR2V2	0.048790
OR2W1	0.056110
OR2W3	0.061240
OR2Y1	0.051326
OR2Z1	0.050707
OR3A1	0.060903
OR3A2	0.193522
OR3A3	0.068081
OR4A15	0.031105
OR4A16	0.041558
OR4A47	0.055486
OR4A5	0.046550
OR4B1	0.046662
OR4C11	0.053974
OR4C12	0.051707
OR4C15	0.046476
OR4C16	0.048211
OR4C3	0.042185
OR4C45	0.061545
OR4C46	0.048615
OR4C6	0.049773
OR4D1	0.057109
OR4D10	0.053270
OR4D11	0.041303
OR4D2	0.051287
OR4D5	0.049842
OR4D6	0.050158
OR4D9	0.053730
OR4E2	0.039560
OR4F15	0.046457
OR4F16	0.046719
OR4F17	0.039551
OR4F21	0.049200
OR4F29	0.055564
OR4F3	0.050919
OR4F5	0.042746
OR4F6	0.045211
OR4K1	0.030986
OR4K13	0.047541
OR4K14	0.049589
OR4K15	0.034095
OR4K17	0.083181
OR4K2	0.051145
OR4K5	0.055897
OR4L1	0.036069
OR4M1	0.047723
OR4N2	0.052208
OR4N4	0.050224
OR4N5	0.046903
OR4P4	0.036031
OR4Q3	0.060010
OR4S1	0.049599
OR4S2	0.031547
OR4X1	0.037852
OR4X2	0.114544
OR51A2	0.050736
OR51A4	0.037103
OR51A7	0.039643
OR51B2	0.045688
OR51B4	0.047594
OR51B5	0.052418
OR51B6	0.051293
OR51D1	0.050797
OR51E1	0.050955
OR51E2	0.047225
OR51F1	0.044287
OR51F2	0.047581
OR51G1	0.048370
OR51G2	0.040454
OR51I1	0.050414
OR51I2	0.097670
OR51L1	0.048550
OR51M1	0.057207
OR51Q1	0.048312
OR51S1	0.054186
OR51T1	0.049539
OR51V1	0.053603
OR52A1	0.055720
OR52A5	0.046762
OR52B2	0.068842
OR52B4	0.053899
OR52B6	0.040916
OR52D1	0.061652
OR52E2	0.078612
OR52E4	0.047987
OR52E6	0.041992
OR52H1	0.054027
OR52I2	0.041612
OR52J3	0.050804
OR52K1	0.052161
OR52K2	0.048745
OR52L1	0.048787
OR52M1	0.052843
OR52N1	0.055687
OR52N2	0.046945
OR52N4	0.050799
OR52N5	0.048097
OR52R1	0.046555
OR52W1	0.051979
OR56A1	0.048167
OR56A3	0.071269
OR56A4	0.074305
OR56B1	0.048898
OR56B4	0.052256
OR5A1	0.049297
OR5A2	0.050640
OR5AC2	0.051740
OR5AK2	0.036327
OR5AN1	0.094021
OR5AP2	0.054100
OR5AR1	0.063254
OR5AS1	0.045855
OR5AU1	0.046438
OR5B12	0.064740
OR5B17	0.045107
OR5B2	0.049191
OR5B21	0.047972
OR5B3	0.038819
OR5C1	0.047504
OR5D13	0.035677
OR5D14	0.044970
OR5D16	0.045331
OR5D18	0.037922
OR5F1	0.046240
OR5H1	0.049713
OR5H14	0.047907
OR5H15	0.046690
OR5H2	0.051525
OR5H6	0.047875
OR5I1	0.036410
OR5J2	0.071663
OR5K1	0.055970
OR5K2	0.050792
OR5K3	0.048499
OR5K4	0.034839
OR5L1	0.048697
OR5M1	0.036417
OR5M10	0.058107
OR5M11	0.048295
OR5M3	0.049847
OR5M8	0.046822
OR5M9	0.087051
OR5P2	0.104481
OR5P3	0.164972
OR5T1	0.054225
OR5T2	0.039428
OR5T3	0.043512
OR5V1	0.114599
OR5W2	0.049505
OR6A2	0.048830
OR6B1	0.049336
OR6B2	0.106840
OR6B3	0.195630
OR6C1	0.046625
OR6C2	0.075238
OR6C3	0.051821
OR6C4	0.050184
OR6C6	0.051349
OR6C65	0.040811
OR6C68	0.048927
OR6C70	0.051514
OR6C74	0.047780
OR6C75	0.063189
OR6C76	0.031207
OR6F1	0.043433
OR6K2	0.047839
OR6K3	0.046008
OR6K6	0.063317
OR6M1	0.061466
OR6N1	0.038020
OR6N2	0.041084
OR6Q1	0.051922
OR6S1	0.048677
OR6T1	0.049383
OR6V1	0.037341
OR6X1	0.046533
OR6Y1	0.068070
OR7A10	0.048764
OR7A17	0.048568
OR7A5	0.047759
OR7C1	0.045762
OR7C2	0.045214
OR7D2	0.050660
OR7D4	0.044602
OR7E24	0.049088
OR7G1	0.048233
OR7G2	0.042092
OR7G3	0.049061
OR8A1	0.050420
OR8B12	0.052018
OR8B2	0.041660
OR8B3	0.048023
OR8B4	0.040139
OR8B8	0.048792
OR8D1	0.047271
OR8D2	0.049022
OR8D4	0.047967
OR8G1	0.047988
OR8G5	0.050416
OR8H1	0.042076
OR8H2	0.044704
OR8J1	0.046730
OR8J3	0.054369
OR8K1	0.050727
OR8K3	0.039742
OR8K5	0.042336
OR8S1	0.052428
OR8U1	0.058205
OR8U3	0.050497
OR8U8	0.039153
OR8U9	0.056009
OR9A2	0.040960
OR9A4	0.047289
OR9G1	0.033865
OR9G4	0.043024
OR9G9	0.038030
OR9I1	0.105615
OR9K2	0.043250
OR9Q1	0.050342
OR9Q2	0.056166
ORAI1	0.052912
ORAI2	0.113617
ORAI3	0.044377
ORC1	0.065283
ORC2	0.046657
ORC3	0.040444
ORC4	0.047347
ORC5	0.048146
ORC6	0.040384
ORM1	0.048860
ORM2	0.044393
ORMDL2	0.541045
ORMDL3	0.806259
OS9	0.050352
OSBP	0.043124
OSBP2	0.043695
OSBPL10	0.043410
OSBPL11	0.052101
OSBPL1A	0.035816
OSBPL2	0.046852
OSBPL3	0.052995
OSBPL5	0.043877
OSBPL6	0.043245
OSBPL7	0.047438
OSBPL8	0.047958
OSBPL9	0.068980
OSCAR	0.046560
OSCP1	0.047242
OSER1	0.049720
OSGEP	0.052036
OSGEPL1	0.038663
OSGIN1	0.046059
OSGIN2	0.047588
OSM	0.048514
OSMR	0.048405
OSR1	0.051259
OSR2	0.049646
OST4	0.048506
OSTC	0.050454
OSTF1	0.046454
OSTM1	0.051837
OSTN	0.047602
OTC	0.048879
OTOA	0.042977
OTOF	0.056404
OTOG	0.047425
OTOGL	0.032052
OTOL1	0.048555
OTOP1	0.049622
OTOP2	0.049579
OTOR	0.040181
OTOS	0.045687
OTP	0.050629
OTUB1	0.034536
OTUB2	0.033389
OTUD3	0.045818
OTUD4	0.047343
OTUD5	0.120660
OTUD6A	0.047855
OTUD6B	0.048829
OTUD7A	0.046449
OTUD7B	0.047541
OTULIN	0.042842
OTULINL	0.062305
OTX1	0.091890
OTX2	0.075073
OVCA2	0.044586
OVCH1	0.051126
OVCH2	0.048883
OVGP1	0.050444
OVOL1	0.046535
OVOL2	0.063921
OXA1L	0.046351
OXCT1	0.049479
OXCT2	0.049406
OXER1	0.045617
OXGR1	0.046397
OXLD1	0.046735
OXNAD1	0.057451
OXR1	0.043837
OXSM	0.046395
OXSR1	0.050098
OXT	0.057704
OXTR	0.103438
P2RX1	0.052902
P2RX2	0.040414
P2RX3	0.035718
P2RX4	0.042562
P2RX5	0.033387
P2RX6	0.059479
P2RX7	0.048633
P2RY1	0.049265
P2RY10	0.056028
P2RY11	0.050881
P2RY12	0.051628
P2RY13	0.048332
P2RY14	0.049331
P2RY2	0.045817
P2RY4	0.044371
P2RY6	0.041296
P2RY8	0.054907
P3H1	0.051986
P3H2	0.044595
P3H3	0.040743
P3H4	0.073905
P4HA1	0.047703
P4HA2	0.066561
P4HA3	0.048578
P4HB	0.051906
P4HTM	0.055388
PA2G4	0.046654
PAAF1	0.046566
PABIR1	0.048707
PABIR2	0.052244
PABIR3	0.049614
PABPC1	0.056888
PABPC1L2A	0.047323
PABPC1L2B	0.958520
PABPC3	0.050236
PABPC4	0.050521
PABPC4L	0.045595
PABPC5	0.049347
PABPN1	0.053070
PABPN1L	0.045187
PACC1	0.050700
PACRG	0.046574
PACRGL	0.038106
PACS1	0.043597
PACS2	0.047565
PACSIN1	0.049977
PACSIN2	0.041124
PACSIN3	0.073397
PADI1	0.045948
PADI2	0.047817
PADI3	0.046669
PADI4	0.050839
PADI6	0.045711
PAEP	0.041218
PAF1	0.049577
PAFAH1B1	0.061407
PAFAH1B2	0.038728
PAFAH1B3	0.047013
PAFAH2	0.050837
PAG1	0.074479
PAGE1	0.049197
PAGE2	0.053780
PAGE2B	0.050432
PAGE3	0.067692
PAGE4	0.047519
PAGE5	0.052685
PAGR1	0.046488
PAH	0.052988
PAICS	0.047931
PAIP1	0.048856
PAIP2	0.724522
PAK1	0.048602
PAK1IP1	0.047694
PAK2	0.046985
PAK3	0.054843
PAK4	0.046621
PAK5	0.046627
PAK6	0.055134
PALB2	0.050567
PALD1	0.047162
PALLD	0.048014
PALM	0.048167
PALM2AKAP2	0.041028
PALMD	0.050319
PALS1	0.047681
PALS2	0.036843
PAM	0.304988
PAM16	0.091073
PAMR1	0.046656
PAN2	0.084985
PAN3	0.048384
PANK1	0.051120
PANK2	0.065903
PANK3	0.039504
PANK4	0.060935
PANX1	0.077975
PANX2	0.044750
PANX3	0.046545
PAOX	0.056890
PAPLN	0.045618
PAPOLA	0.045339
PAPOLB	0.047484
PAPOLG	0.050650
PAPPA	0.052353
PAPPA2	0.154765
PAPSS1	0.043548
PAPSS2	0.045751
PAQR3	0.055606
PAQR4	0.062774
PAQR5	0.049661
PAQR6	0.067438
PAQR7	0.050742
PAQR8	0.048390
PAQR9	0.046896
PARD3	0.049770
PARD3B	0.045872
PARD6A	0.052868
PARD6B	0.042915
PARD6G	0.046980
PARG	0.051329
PARK7	0.051137
PARL	0.050214
PARM1	0.044252
PARN	0.048337
PARP1	0.048885
PARP10	0.053218
PARP11	0.036729
PARP12	0.069674
PARP14	0.047894
PARP15	0.048888
PARP16	0.052193
PARP2	0.036597
PARP3	0.067760
PARP4	0.049676
PARP6	0.064937
PARP8	0.045710
PARP9	0.034214
PARPBP	0.053472
PARS2	0.047930
PARVA	0.047809
PARVB	0.049683
PARVG	0.063414
PASD1	0.065199
PASK	0.039899
PATE1	0.048855
PATE2	0.047035
PATE3	0.049050
PATJ	0.048979
PATL1	0.051874
PATZ1	0.053426
PAWR	0.038030
PAX1	0.173643
PAX2	0.047789
PAX3	0.051331
PAX4	0.044383
PAX5	0.044349
PAX6	0.047597
PAX7	0.047453
PAX8	0.101662
PAX9	0.052229
PAXBP1	0.048693
PAXIP1	0.039106
PAXX	0.035491
PBDC1	0.044520
PBK	0.045674
PBLD	0.036428
PBOV1	0.048245
PBRM1	0.037652
PBX1	0.045331
PBX2	0.046759
PBX3	0.159482
PBX4	0.044684
PBXIP1	0.060164
PC	0.054325
PCARE	0.042188
PCBD1	0.051726
PCBD2	0.093605
PCBP1	0.042762
PCBP2	0.044209
PCBP3	0.046887
PCBP4	0.040147
PCCA	0.048240
PCCB	0.044754
PCDH1	0.040495
PCDH10	0.046998
PCDH11X	0.045065
PCDH11Y	0.045141
PCDH12	0.052540
PCDH15	0.046831
PCDH17	0.048263
PCDH18	0.049380
PCDH19	0.044639
PCDH20	0.044748
PCDH7	0.089734
PCDH8	0.036446
PCDH9	0.044169
PCDHA1	0.046413
PCDHA10	0.078472
PCDHA11	0.050087
PCDHA12	0.050466
PCDHA13	0.053519
PCDHA2	0.047902
PCDHA3	0.038135
PCDHA4	0.046707
PCDHA5	0.048754
PCDHA6	0.039655
PCDHA7	0.124538
PCDHA8	0.050828
PCDHA9	0.112504
PCDHAC1	0.056024
PCDHAC2	0.051016
PCDHB1	0.053793
PCDHB10	0.113302
PCDHB11	0.035331
PCDHB12	0.044112
PCDHB13	0.049883
PCDHB14	0.049895
PCDHB15	0.050806
PCDHB16	0.047838
PCDHB2	0.053162
PCDHB3	0.052099
PCDHB4	0.044910
PCDHB5	0.046574
PCDHB6	0.048569
PCDHB7	0.042144
PCDHB8	0.050549
PCDHB9	0.037467
PCDHGA1	0.046229
PCDHGA10	0.046788
PCDHGA11	0.035063
PCDHGA12	0.049914
PCDHGA2	0.041948
PCDHGA3	0.045671
PCDHGA4	0.049283
PCDHGA5	0.084376
PCDHGA6	0.048219
PCDHGA7	0.053864
PCDHGA8	0.045305
PCDHGA9	0.049781
PCDHGB1	0.056014
PCDHGB2	0.046287
PCDHGB3	0.043129
PCDHGB4	0.034599
PCDHGB5	0.272522
PCDHGB6	0.039098
PCDHGB7	0.037251
PCDHGC4	0.052840
PCDHGC5	0.055235
PCED1A	0.047152
PCED1B	0.045088
PCF11	0.937213
PCGF1	0.049960
PCGF2	0.057603
PCGF3	0.042861
PCGF5	0.048429
PCGF6	0.043981
PCID2	0.041565
PCIF1	0.048611
PCK1	0.056354
PCK2	0.058585
PCLAF	0.045713
PCM1	0.050875
PCMT1	0.048002
PCMTD1	0.049542
PCMTD2	0.045766
PCNA	0.043192
PCNP	0.125919
PCNT	0.050586
PCNX1	0.037806
PCNX2	0.048758
PCNX4	0.047850
PCOLCE	0.052087
PCOLCE2	0.039129
PCP2	0.049264
PCP4	0.076885
PCSK1	0.047545
PCSK1N	0.037756
PCSK2	0.050223
PCSK4	0.049488
PCSK5	0.040391
PCSK6	0.059261
PCSK7	0.049250
PCSK9	0.051088
PCTP	0.045666
PCYOX1	0.103019
PCYOX1L	0.037449
PCYT1A	0.049615
PCYT1B	0.053665
PCYT2	0.044998
PDAP1	0.045247
PDC	0.046660
PDCD1	0.048092
PDCD10	0.047708
PDCD11	0.085836
PDCD1LG2	0.055793
PDCD2	0.048425
PDCD2L	0.054218
PDCD4	0.041451
PDCD5	0.966616
PDCD6	0.043656
PDCD6IP	0.073753
PDCD7	0.047087
PDCL	0.047010
PDCL2	0.033684
PDCL3	0.051671
PDE10A	0.047107
PDE11A	0.047841
PDE12	0.052123
PDE1A	0.087519
PDE1B	0.053718
PDE1C	0.050755
PDE2A	0.055997
PDE3A	0.050640
PDE3B	0.080810
PDE4A	0.043620
PDE4B	0.049970
PDE4C	0.049396
PDE4D	0.055269
PDE5A	0.057373
PDE6A	0.048783
PDE6B	0.048574
PDE6C	0.048507
PDE6D	0.058225
PDE6G	0.048086
PDE6H	0.064630
PDE7A	0.047898
PDE7B	0.048680
PDE8A	0.049373
PDE8B	0.047407
PDE9A	0.051199
PDF	0.047127
PDGFA	0.081537
PDGFB	0.050134
PDGFC	0.039022
PDGFD	0.046808
PDGFRA	0.041798
PDGFRB	0.082076
PDGFRL	0.057571
PDHA1	0.046555
PDHA2	0.092111
PDHB	0.047525
PDHX	0.046291
PDIA2	0.050508
PDIA3	0.045569
PDIA4	0.049393
PDIA5	0.051067
PDIA6	0.047065
PDIK1L	0.049548
PDILT	0.051654
PDK1	0.093169
PDK2	0.057987
PDK3	0.048555
PDK4	0.050628
PDLIM1	0.046786
PDLIM2	0.075785
PDLIM3	0.039192
PDLIM4	0.066602
PDLIM5	0.049689
PDLIM7	0.048850
PDP1	0.051618
PDP2	0.049058
PDPK1	0.046529
PDPN	0.043808
PDPR	0.831204
PDRG1	0.043103
PDS5A	0.049176
PDS5B	0.043549
PDSS1	0.048673
PDSS2	0.048252
PDX1	0.052682
PDXDC1	0.049350
PDXK	0.045531
PDXP	0.050847
PDYN	0.052368
PDZD11	0.052565
PDZD2	0.044507
PDZD4	0.048022
PDZD7	0.105509
PDZD8	0.047064
PDZD9	0.037400
PDZK1	0.039631
PDZK1IP1	0.050404
PDZRN3	0.044186
PDZRN4	0.059289
PEA15	0.064073
PEAK1	0.074336
PEAK3	0.043120
PEAR1	0.045753
PEBP1	0.044601
PEBP4	0.051608
PECAM1	0.049978
PECR	0.051651
PEDS1	0.049783
PEF1	0.044245
PEG10	0.047031
PEG3	0.048738
PELI1	0.050895
PELI2	0.054338
PELI3	0.042823
PELO	0.046570
PELP1	0.048178
PEMT	0.051450
PENK	0.052758
PEPD	0.055697
PER1	0.045509
PER2	0.034522
PER3	0.048831
PERP	0.047488
PES1	0.092636
PEX1	0.045458
PEX10	0.723131
PEX11A	0.049528
PEX11B	0.052927
PEX11G	0.049535
PEX12	0.048415
PEX13	0.093879
PEX14	0.040888
PEX16	0.049441
PEX19	0.037077
PEX2	0.050086
PEX26	0.041900
PEX3	0.042669
PEX39	0.064788
PEX5	0.047583
PEX5L	0.044964
PEX6	0.045400
PEX7	0.058400
PF4	0.048254
PF4V1	0.092253
PFAS	0.036348
PFDN1	0.048725
PFDN2	0.046948
PFDN4	0.050748
PFDN5	0.056875
PFDN6	0.048280
PFKFB1	0.045206
PFKFB2	0.094599
PFKFB3	0.048348
PFKFB4	0.047930
PFKL	0.050829
PFKM	0.051134
PFKP	0.057098
PFN1	0.050360
PFN2	0.053269
PFN3	0.048524
PFN4	0.048049
PGA3	0.050661
PGA4	0.046897
PGA5	0.045953
PGAM1	0.040394
PGAM2	0.051182
PGAM4	0.064304
PGAM5	0.041010
PGAP1	0.084664
PGAP2	0.047559
PGAP3	0.032461
PGAP4	0.143639
PGAP6	0.047481
PGBD1	0.054345
PGBD2	0.038218
PGBD3	0.047016
PGBD4	0.049988
PGBD5	0.045532
PGC	0.045742
PGCKA1	0.113878
PGD	0.050772
PGF	0.045693
PGGHG	0.049971
PGGT1B	0.050573
PGK1	0.044668
PGK2	0.046737
PGLS	0.049597
PGLYRP1	0.086890
PGLYRP2	0.055861
PGLYRP3	0.048133
PGLYRP4	0.045714
PGM1	0.050053
PGM2	0.056191
PGM2L1	0.049092
PGM3	0.047233
PGM5	0.048202
PGP	0.059768
PGPEP1	0.043952
PGR	0.049287
PGRMC1	0.068891
PGRMC2	0.047893
PGS1	0.045396
PHACTR1	0.047424
PHACTR3	0.046198
PHACTR4	0.048730
PHAF1	0.055345
PHAX	0.046144
PHB1	0.046857
PHB2	0.620302
PHC1	0.047354
PHC2	0.084978
PHC3	0.050574
PHETA1	0.066045
PHETA2	0.050974
PHEX	0.051816
PHF1	0.300813
PHF10	0.045702
PHF11	0.047832
PHF12	0.060437
PHF13	0.050596
PHF14	0.056745
PHF19	0.088122
PHF2	0.049535
PHF20	0.047862
PHF20L1	0.036305
PHF21A	0.101285
PHF21B	0.049000
PHF23	0.049735
PHF3	0.050594
PHF5A	0.226818
PHF6	0.046730
PHF7	0.048289
PHF8	0.048032
PHGDH	0.052559
PHIP	0.047095
PHKA1	0.035489
PHKA2	0.039050
PHKB	0.045076
PHKG1	0.062192
PHKG2	0.044008
PHLDA1	0.051248
PHLDA2	0.047435
PHLDA3	0.048412
PHLDB1	0.047486
PHLDB2	0.045224
PHLPP1	0.050051
PHLPP2	0.045551
PHOSPHO1	0.041984
PHOSPHO2	0.859266
PHOX2A	0.048155
PHOX2B	0.044575
PHPT1	0.042926
PHRF1	0.048738
PHTF1	0.038544
PHTF2	0.047895
PHYH	0.049513
PHYHD1	0.040627
PHYHIP	0.035669
PHYHIPL	0.050391
PHYKPL	0.047945
PI16	0.053800
PI3	0.049916
PI4K2A	0.051132
PI4K2B	0.039167
PI4KA	0.044421
PI4KB	0.038517
PIANP	0.035165
PIAS1	0.050430
PIAS2	0.046276
PIAS3	0.043067
PIAS4	0.043544
PIBF1	0.046508
PICALM	0.060724
PICK1	0.049679
PID1	0.046961
PIDD1	0.050843
PIERCE1	0.043984
PIEZO1	0.053508
PIEZO2	0.044574
PIF1	0.049928
PIGA	0.045431
PIGB	0.053549
PIGC	0.045595
PIGF	0.045755
PIGG	0.076954
PIGH	0.200301
PIGK	0.051035
PIGL	0.038601
PIGM	0.048727
PIGN	0.048198
PIGO	0.064637
PIGP	0.051240
PIGQ	0.047820
PIGR	0.048648
PIGS	0.066145
PIGT	0.048336
PIGU	0.056322
PIGV	0.047333
PIGW	0.046878
PIGX	0.048550
PIGY	0.053186
PIGZ	0.047674
PIH1D1	0.050047
PIH1D2	0.055230
PIK3AP1	0.053030
PIK3C2A	0.046473
PIK3C2B	0.045781
PIK3C2G	0.042052
PIK3C3	0.047377
PIK3CA	0.148913
PIK3CB	0.049928
PIK3CD	0.046595
PIK3CG	0.045044
PIK3IP1	0.048975
PIK3R1	0.048446
PIK3R2	0.797024
PIK3R3	0.050074
PIK3R4	0.054361
PIK3R5	0.057842
PIK3R6	0.049306
PIKFYVE	0.075536
PILRA	0.048284
PILRB	0.037023
PIM1	0.049360
PIM2	0.045569
PIM3	0.055441
PIMREG	0.054734
PIN1	0.056243
PIN4	0.033908
PINK1	0.050207
PINX1	0.044513
PIP	0.038446
PIP4K2A	0.046480
PIP4K2B	0.043846
PIP4K2C	0.047143
PIP4P1	0.050372
PIP4P2	0.078974
PIP5K1A	0.086624
PIP5K1B	0.040392
PIP5K1C	0.048710
PIP5KL1	0.056035
PIPOX	0.046831
PIR	0.051374
PISD	0.050907
PITHD1	0.037778
PITPNA	0.045818
PITPNB	0.232422
PITPNC1	0.045129
PITPNM1	0.045359
PITPNM2	0.158077
PITPNM3	0.044388
PITRM1	0.047302
PITX1	0.054233
PITX2	0.048411
PITX3	0.039539
PIWIL1	0.049149
PIWIL2	0.046154
PIWIL3	0.052147
PIWIL4	0.032099
PJA1	0.059493
PJA2	0.045274
PJVK	0.044125
PKD1	0.037361
PKD1L1	0.052410
PKD1L2	0.048740
PKD1L3	0.039416
PKD2	0.050113
PKD2L1	0.045542
PKD2L2	0.049405
PKDCC	0.112615
PKDREJ	0.058796
PKHD1	0.045106
PKHD1L1	0.120761
PKIA	0.052052
PKIB	0.046107
PKIG	0.050553
PKLR	0.043956
PKM	0.044144
PKMYT1	0.821322
PKN1	0.044064
PKN2	0.055745
PKN3	0.049651
PKNOX1	0.038041
PKNOX2	0.054069
PKP1	0.050782
PKP2	0.047060
PKP3	0.042875
PKP4	0.044236
PLA1A	0.047249
PLA2G10	0.049765
PLA2G12A	0.048696
PLA2G12B	0.049284
PLA2G15	0.131484
PLA2G1B	0.062612
PLA2G2A	0.049181
PLA2G2D	0.048967
PLA2G2E	0.057102
PLA2G2F	0.047083
PLA2G3	0.049898
PLA2G4A	0.052616
PLA2G4B	0.060042
PLA2G4C	0.045496
PLA2G4D	0.046693
PLA2G4E	0.061156
PLA2G4F	0.045343
PLA2G5	0.048464
PLA2G6	0.058452
PLA2G7	0.052252
PLA2R1	0.058934
PLAA	0.103986
PLAAT1	0.050270
PLAAT2	0.050444
PLAAT3	0.042299
PLAAT4	0.056899
PLAAT5	0.052657
PLAC1	0.054010
PLAC8	0.039191
PLAC8L1	0.047818
PLAC9	0.055776
PLAG1	0.046334
PLAGL1	0.047479
PLAGL2	0.044914
PLAT	0.049774
PLAU	0.056762
PLAUR	0.049073
PLB1	0.049870
PLBD1	0.044531
PLBD2	0.046465
PLCB1	0.055185
PLCB2	0.046607
PLCB3	0.042364
PLCB4	0.050790
PLCD1	0.084888
PLCD3	0.951728
PLCD4	0.056936
PLCE1	0.045321
PLCG1	0.045024
PLCG2	0.035515
PLCH1	0.044558
PLCH2	0.058495
PLCL1	0.046343
PLCL2	0.965745
PLCXD1	0.041658
PLCXD2	0.051085
PLCXD3	0.053110
PLCZ1	0.052496
PLD1	0.050225
PLD2	0.046975
PLD3	0.057577
PLD4	0.047641
PLD5	0.050910
PLD6	0.038165
PLEC	0.047680
PLEK	0.036720
PLEK2	0.034323
PLEKHA1	0.046422
PLEKHA3	0.047421
PLEKHA4	0.048694
PLEKHA5	0.051798
PLEKHA6	0.053776
PLEKHA7	0.049440
PLEKHA8	0.052909
PLEKHB1	0.048774
PLEKHB2	0.050426
PLEKHF1	0.038985
PLEKHF2	0.044057
PLEKHG1	0.053491
PLEKHG2	0.047724
PLEKHG3	0.048478
PLEKHG4	0.048985
PLEKHG4B	0.052564
PLEKHG5	0.042828
PLEKHG6	0.045674
PLEKHG7	0.048028
PLEKHH1	0.048160
PLEKHH2	0.043004
PLEKHH3	0.042932
PLEKHJ1	0.044988
PLEKHM1	0.045339
PLEKHM3	0.043594
PLEKHN1	0.046606
PLEKHO1	0.045512
PLEKHO2	0.044678
PLEKHS1	0.050946
PLG	0.045586
PLGLB1	0.055786
PLGLB2	0.052029
PLGRKT	0.040565
PLIN1	0.048656
PLIN2	0.044243
PLIN3	0.053044
PLIN4	0.045342
PLIN5	0.047601
PLK1	0.931943
PLK2	0.049024
PLK3	0.044039
PLK4	0.069618
PLLP	0.051595
PLN	0.048199
PLOD1	0.099654
PLOD2	0.060527
PLOD3	0.052409
PLP1	0.045008
PLP2	0.105360
PLPBP	0.052782
PLPP1	0.053146
PLPP2	0.119963
PLPP3	0.049445
PLPP4	0.050335
PLPP5	0.045994
PLPP6	0.048658
PLPP7	0.081399
PLPPR1	0.044567
PLPPR2	0.051859
PLPPR3	0.166228
PLPPR4	0.036239
PLRG1	0.064390
PLS1	0.145688
PLS3	0.051283
PLSCR1	0.050467
PLSCR2	0.055109
PLSCR3	0.050033
PLSCR4	0.046275
PLSCR5	0.044752
PLTP	0.050345
PLVAP	0.049085
PLXDC1	0.045119
PLXDC2	0.132054
PLXNA1	0.046876
PLXNA2	0.034223
PLXNA3	0.061795
PLXNA4	0.046635
PLXNB1	0.054638
PLXNB3	0.048662
PLXNC1	0.063268
PLXND1	0.040386
PM20D1	0.070955
PM20D2	0.037955
PMAIP1	0.393791
PMCH	0.048302
PMEL	0.048843
PMEPA1	0.070548
PMF1	0.045893
PMFBP1	0.045385
PML	0.148346
PMM1	0.041643
PMM2	0.038507
PMP2	0.057430
PMP22	0.033796
PMPCA	0.039623
PMPCB	0.047380
PMS1	0.051298
PMS2	0.050340
PMVK	0.057953
PNCK	0.053561
PNISR	0.050393
PNKD	0.048370
PNKP	0.052944
PNLDC1	0.047994
PNLIP	0.049947
PNLIPRP1	0.042221
PNLIPRP2	0.043487
PNLIPRP3	0.045097
PNMA1	0.052878
PNMA2	0.045868
PNMA3	0.042493
PNMA5	0.038753
PNMA6A	0.049404
PNMA8A	0.043731
PNMA8B	0.165004
PNMT	0.082374
PNN	0.086507
PNO1	0.083024
PNOC	0.050325
PNP	0.034703
PNPLA1	0.061730
PNPLA2	0.050220
PNPLA3	0.047796
PNPLA4	0.049093
PNPLA5	0.038675
PNPLA6	0.047858
PNPLA7	0.049150
PNPLA8	0.046273
PNPO	0.047274
PNPT1	0.051470
PNRC1	0.043042
PNRC2	0.033268
POC1A	0.048605
POC1B	0.047449
POC5	0.044785
PODN	0.032736
PODNL1	0.059591
PODXL	0.055982
PODXL2	0.049622
POF1B	0.045218
POFUT1	0.105554
POFUT2	0.049479
POFUT3	0.038194
POFUT4	0.044880
POGK	0.039435
POGLUT1	0.050922
POGLUT2	0.044161
POGLUT3	0.052030
POGZ	0.047172
POLA1	0.068788
POLA2	0.049005
POLB	0.045115
POLD1	0.048872
POLD2	0.054244
POLD3	0.049158
POLD4	0.070956
POLDIP2	0.044996
POLDIP3	0.046126
POLE	0.090832
POLE2	0.067924
POLE3	0.044853
POLE4	0.174273
POLG	0.072648
POLG2	0.050182
POLH	0.054100
POLI	0.046987
POLK	0.045380
POLL	0.049574
POLM	0.045719
POLN	0.048107
POLQ	0.066407
POLR1A	0.046064
POLR1B	0.073558
POLR1C	0.044011
POLR1D	0.050459
POLR1E	0.045972
POLR1F	0.048341
POLR1G	0.040142
POLR1H	0.051285
POLR2A	0.050206
POLR2B	0.041803
POLR2C	0.249479
POLR2D	0.042603
POLR2E	0.043332
POLR2F	0.130831
POLR2G	0.371180
POLR2H	0.041845
POLR2I	0.046188
POLR2J	0.068908
POLR2J3	0.045084
POLR2K	0.047183
POLR2L	0.049521
POLR3A	0.048338
POLR3B	0.060658
POLR3C	0.047412
POLR3D	0.049087
POLR3E	0.057441
POLR3F	0.947643
POLR3G	0.046199
POLR3GL	0.049242
POLR3H	0.053659
POLR3K	0.054785
POLRMT	0.046767
POM121L12	0.082493
POM121L2	0.041265
POMC	0.050653
POMGNT1	0.048145
POMGNT2	0.924306
POMK	0.046919
POMP	0.047585
POMT1	0.044424
POMT2	0.033119
PON1	0.123269
PON2	0.110963
PON3	0.055851
POP1	0.049792
POP4	0.047558
POP5	0.050231
POP7	0.045966
POPDC1	0.048186
POPDC2	0.038996
POPDC3	0.051361
POR	0.049416
PORCN	0.415923
POSTN	0.056817
POT1	0.043701
POTEA	0.049045
POTEB3	0.046487
POTED	0.048563
POTEE	0.048680
POU1F1	0.052667
POU2AF1	0.050416
POU2AF2	0.048684
POU2F1	0.044792
POU2F2	0.073054
POU2F3	0.061246
POU3F1	0.927873
POU3F2	0.049603
POU3F3	0.077740
POU3F4	0.064959
POU4F1	0.076726
POU4F2	0.050947
POU4F3	0.067280
POU5F1	0.046655
POU5F2	0.049365
POU6F1	0.109897
POU6F2	0.046608
PP2D1	0.046391
PPA1	0.054997
PPA2	0.054179
PPAN	0.071171
PPAN-P2RY11	0.042077
PPARA	0.117889
PPARD	0.052770
PPARG	0.048938
PPARGC1A	0.050367
PPARGC1B	0.043364
PPAT	0.050292
PPBP	0.043484
PPCDC	0.034339
PPCS	0.051375
PPDPF	0.040417
PPDPFL	0.049797
PPEF1	0.048693
PPEF2	0.039496
PPFIA1	0.051578
PPFIA2	0.049106
PPFIA3	0.036768
PPFIA4	0.051827
PPFIBP1	0.047030
PPFIBP2	0.044622
PPHLN1	0.066957
PPIA	0.056507
PPIAL4A	0.051422
PPIB	0.047477
PPIC	0.048779
PPID	0.035224
PPIE	0.049621
PPIF	0.049534
PPIG	0.049833
PPIH	0.108552
PPIL1	0.055974
PPIL2	0.045921
PPIL3	0.056454
PPIL4	0.049401
PPIL6	0.048093
PPIP5K1	0.048089
PPIP5K2	0.056057
PPL	0.055221
PPM1A	0.037203
PPM1B	0.050505
PPM1D	0.042629
PPM1E	0.048271
PPM1F	0.050705
PPM1G	0.048910
PPM1H	0.036846
PPM1J	0.049441
PPM1K	0.036942
PPM1L	0.049261
PPM1M	0.047550
PPM1N	0.044415
PPME1	0.051177
PPOX	0.050856
PPP1CA	0.038865
PPP1CB	0.054284
PPP1CC	0.270379
PPP1R10	0.071287
PPP1R11	0.036727
PPP1R12A	0.845035
PPP1R12B	0.075000
PPP1R12C	0.047807
PPP1R13B	0.046704
PPP1R13L	0.056148
PPP1R14A	0.052344
PPP1R14B	0.058262
PPP1R14C	0.047235
PPP1R14D	0.051324
PPP1R15A	0.038596
PPP1R15B	0.075465
PPP1R16A	0.045945
PPP1R16B	0.049201
PPP1R17	0.187738
PPP1R18	0.055109
PPP1R1A	0.056899
PPP1R1B	0.048300
PPP1R1C	0.053213
PPP1R2	0.047078
PPP1R21	0.047011
PPP1R26	0.047983
PPP1R27	0.073653
PPP1R35	0.109047
PPP1R36	0.050045
PPP1R3A	0.048098
PPP1R3B	0.139810
PPP1R3C	0.041981
PPP1R3D	0.205478
PPP1R3F	0.147111
PPP1R42	0.049506
PPP1R7	0.050223
PPP1R8	0.048258
PPP1R9A	0.048003
PPP1R9B	0.043966
PPP2CA	0.043787
PPP2CB	0.047906
PPP2R1A	0.060169
PPP2R1B	0.105542
PPP2R2A	0.043568
PPP2R2B	0.061163
PPP2R2C	0.051999
PPP2R2D	0.049130
PPP2R3A	0.057781
PPP2R3B	0.047409
PPP2R3C	0.047961
PPP2R5A	0.051930
PPP2R5B	0.040090
PPP2R5C	0.053725
PPP2R5D	0.044821
PPP2R5E	0.041682
PPP3CA	0.039602
PPP3CB	0.053313
PPP3CC	0.055487
PPP3R1	0.041716
PPP3R2	0.831160
PPP4C	0.043254
PPP4R1	0.050856
PPP4R2	0.048063
PPP4R3A	0.048844
PPP4R3B	0.056791
PPP4R4	0.047747
PPP5C	0.041999
PPP6C	0.048481
PPP6R1	0.036764
PPP6R2	0.046359
PPP6R3	0.035834
PPRC1	0.056119
PPT1	0.057922
PPT2	0.047149
PPTC7	0.050446
PPWD1	0.032560
PPY	0.037160
PQBP1	0.048856
PRADC1	0.049838
PRAF2	0.047879
PRAG1	0.034039
PRAM1	0.044824
PRAME	0.055378
PRAMEF1	0.033128
PRAMEF10	0.047484
PRAMEF12	0.046910
PRAMEF2	0.042936
PRAMEF4	0.053451
PRAMEF6	0.049730
PRAMEF7	0.050296
PRAMEF8	0.051850
PRAMEF9	0.040626
PRAP1	0.048180
PRB1	0.045459
PRB2	0.045301
PRB3	0.045388
PRB4	0.037250
PRC1	0.047349
PRCC	0.048233
PRCD	0.037394
PRCP	0.043812
PRDM1	0.045958
PRDM10	0.137518
PRDM11	0.037953
PRDM12	0.049155
PRDM13	0.048939
PRDM14	0.047818
PRDM15	0.050537
PRDM16	0.047613
PRDM2	0.045792
PRDM4	0.048642
PRDM5	0.048635
PRDM6	0.056313
PRDM7	0.034140
PRDM8	0.061744
PRDM9	0.076862
PRDX1	0.051224
PRDX3	0.078428
PRDX4	0.046976
PRDX5	0.050518
PRDX6	0.047590
PREB	0.047905
PRELID1	0.043994
PRELID2	0.036231
PRELID3A	0.062948
PRELID3B	0.046854
PRELP	0.047101
PREP	0.050268
PREPL	0.367703
PREX1	0.043088
PREX2	0.048579
PRF1	0.065723
PRG2	0.062416
PRG3	0.050648
PRG4	0.047924
PRH1	0.048504
PRH2	0.045403
PRICKLE1	0.047580
PRICKLE2	0.084144
PRICKLE3	0.052111
PRICKLE4	0.047958
PRIM1	0.062974
PRIM2	0.050438
PRIMA1	0.049302
PRIMPOL	0.185621
PRKAA1	0.050171
PRKAA2	0.102849
PRKAB1	0.048074
PRKAB2	0.052230
PRKACA	0.052085
PRKACB	0.048755
PRKACG	0.047851
PRKAG1	0.227817
PRKAG2	0.053175
PRKAG3	0.483955
PRKAR1A	0.108076
PRKAR1B	0.040971
PRKAR2A	0.045615
PRKAR2B	0.058436
PRKCA	0.051833
PRKCB	0.047406
PRKCD	0.038676
PRKCE	0.062178
PRKCG	0.053388
PRKCH	0.053554
PRKCI	0.046170
PRKCQ	0.043875
PRKCSH	0.075337
PRKCZ	0.058699
PRKD1	0.049747
PRKD2	0.050137
PRKD3	0.048050
PRKDC	0.033013
PRKG1	0.048343
PRKG2	0.056301
PRKN	0.048451
PRKRA	0.045653
PRKRIP1	0.071650
PRKX	0.050594
PRL	0.045121
PRLH	0.043883
PRLHR	0.035656
PRLR	0.047158
PRM1	0.051203
PRM2	0.047567
PRMT1	0.042829
PRMT2	0.046243
PRMT3	0.047720
PRMT5	0.143916
PRMT6	0.042551
PRMT7	0.055808
PRMT8	0.050070
PRMT9	0.053484
PRND	0.087235
PRNP	0.205856
PROC	0.045354
PROCA1	0.033906
PROCR	0.040193
PRODH	0.075388
PRODH2	0.051103
PROK1	0.056744
PROK2	0.053981
PROKR1	0.057927
PROKR2	0.093575
PROM1	0.052501
PROM2	0.061796
PROP1	0.127213
PRORP	0.038899
PROS1	0.048783
PROSER1	0.048716
PROSER2	0.044309
PROSER3	0.049023
PROX1	0.050057
PROX2	0.050089
PROZ	0.050383
PRP4K	0.044403
PRPF18	0.047294
PRPF19	0.072023
PRPF3	0.051735
PRPF31	0.082269
PRPF38A	0.044861
PRPF38B	0.057206
PRPF39	0.050451
PRPF4	0.044606
PRPF40B	0.048219
PRPF6	0.076368
PRPF8	0.929917
PRPH	0.047506
PRPH2	0.050531
PRPS1	0.042141
PRPS1L1	0.048892
PRPS2	0.047658
PRPSAP1	0.050886
PRPSAP2	0.847303
PRR11	0.048684
PRR13	0.047061
PRR14	0.045358
PRR14L	0.034031
PRR15	0.048124
PRR15L	0.060261
PRR16	0.043875
PRR18	0.048116
PRR19	0.043314
PRR20A	0.039069
PRR22	0.051073
PRR23B	0.059791
PRR23E	0.057713
PRR27	0.040003
PRR3	0.833352
PRR30	0.044270
PRR32	0.037698
PRR35	0.052037
PRR36	0.049497
PRR4	0.048592
PRR5	0.041767
PRR5-ARHGAP8	0.046889
PRR7	0.050688
PRRC1	0.051785
PRRC2A	0.049000
PRRC2C	0.053005
PRRG1	0.048878
PRRG2	0.036552
PRRG3	0.053220
PRRG4	0.044766
PRRT1	0.047190
PRRT2	0.048495
PRRT3	0.048699
PRRX1	0.061655
PRRX2	0.168509
PRSS1	0.071988
PRSS12	0.049498
PRSS16	0.046248
PRSS2	0.053822
PRSS21	0.045819
PRSS22	0.038180
PRSS23	0.044844
PRSS27	0.050597
PRSS3	0.053908
PRSS33	0.621332
PRSS35	0.047115
PRSS36	0.047558
PRSS37	0.052863
PRSS38	0.048882
PRSS48	0.089129
PRSS50	0.045646
PRSS53	0.083311
PRSS54	0.063804
PRSS55	0.053138
PRSS57	0.053486
PRSS58	0.042036
PRSS8	0.054821
PRTFDC1	0.107255
PRTG	0.046349
PRTN3	0.050493
PRUNE1	0.071175
PRUNE2	0.052041
PRX	0.046292
PRXL2A	0.054503
PRXL2B	0.047908
PRXL2C	0.074922
PSAP	0.047404
PSAPL1	0.045567
PSAT1	0.037385
PSCA	0.049522
PSD	0.050096
PSD2	0.047932
PSD3	0.050318
PSD4	0.047503
PSEN1	0.043226
PSEN2	0.052325
PSENEN	0.036715
PSG1	0.052698
PSG11	0.075836
PSG3	0.051905
PSG4	0.063540
PSG5	0.050675
PSG6	0.079556
PSG7	0.046363
PSG8	0.049118
PSG9	0.116886
PSIP1	0.049892
PSKH1	0.043466
PSKH2	0.047612
PSMA1	0.664148
PSMA2	0.941090
PSMA3	0.965133
PSMA4	0.702425
PSMA5	0.047627
PSMA6	0.935888
PSMA7	0.937562
PSMA8	0.048660
PSMB1	0.923586
PSMB10	0.129324
PSMB2	0.050788
PSMB3	0.963534
PSMB4	0.526599
PSMB5	0.073400
PSMB6	0.949866
PSMB7	0.281556
PSMB8	0.051188
PSMB9	0.037730
PSMC1	0.939009
PSMC2	0.734777
PSMC3	0.050547
PSMC3IP	0.054458
PSMC4	0.036946
PSMC5	0.961329
PSMC6	0.960524
PSMD1	0.913209
PSMD10	0.048766
PSMD11	0.915969
PSMD12	0.827851
PSMD13	0.094422
PSMD14	0.915461
PSMD2	0.946745
PSMD3	0.913453
PSMD4	0.206832
PSMD5	0.055833
PSMD6	0.925995
PSMD7	0.918976
PSMD8	0.910928
PSMD9	0.050310
PSME1	0.035867
PSME2	0.032792
PSME3	0.822964
PSME4	0.041532
PSMF1	0.052106
PSMG1	0.050415
PSMG2	0.035424
PSMG3	0.049459
PSORS1C1	0.050194
PSORS1C2	0.047162
PSPC1	0.048305
PSPH	0.051632
PSRC1	0.041805
PSTK	0.045942
PSTPIP1	0.054450
PSTPIP2	0.040086
PTAFR	0.048642
PTBP1	0.043777
PTBP2	0.032642
PTBP3	0.050161
PTCD1	0.042452
PTCD2	0.042495
PTCD3	0.050490
PTCH1	0.049200
PTCH2	0.046455
PTCHD1	0.049889
PTCHD3	0.038795
PTCHD4	0.051592
PTCRA	0.040840
PTDSS1	0.052564
PTDSS2	0.033914
PTEN	0.046401
PTER	0.045988
PTF1A	0.047625
PTGDR	0.086434
PTGDR2	0.094499
PTGDS	0.048402
PTGER1	0.293411
PTGER2	0.046594
PTGER3	0.044267
PTGER4	0.049685
PTGES	0.049084
PTGES2	0.049204
PTGES3	0.050050
PTGFR	0.046329
PTGFRN	0.057066
PTGIR	0.049535
PTGIS	0.067201
PTGR1	0.044260
PTGR2	0.055247
PTGR3	0.040389
PTGS1	0.045258
PTGS2	0.041796
PTH	0.048363
PTH1R	0.045641
PTH2R	0.041589
PTHLH	0.044227
PTK2	0.051441
PTK2B	0.046188
PTK6	0.048323
PTK7	0.047254
PTMA	0.059950
PTMS	0.047971
PTN	0.053124
PTOV1	0.048757
PTP4A1	0.121211
PTP4A2	0.039101
PTP4A3	0.040042
PTPA	0.046923
PTPDC1	0.048258
PTPMT1	0.087679
PTPN1	0.043147
PTPN11	0.056672
PTPN12	0.180953
PTPN13	0.060125
PTPN14	0.048573
PTPN18	0.054037
PTPN2	0.048760
PTPN20	0.058542
PTPN21	0.039707
PTPN22	0.054925
PTPN23	0.048821
PTPN3	0.040337
PTPN4	0.042424
PTPN5	0.049980
PTPN6	0.081916
PTPN7	0.045922
PTPN9	0.075749
PTPRA	0.052756
PTPRB	0.046932
PTPRC	0.059847
PTPRD	0.048148
PTPRE	0.042107
PTPRF	0.055267
PTPRG	0.044883
PTPRH	0.049125
PTPRJ	0.041560
PTPRK	0.041591
PTPRM	0.043836
PTPRN	0.069157
PTPRN2	0.044888
PTPRO	0.043283
PTPRR	0.066632
PTPRS	0.042466
PTPRT	0.048435
PTPRU	0.049453
PTPRZ1	0.036183
PTRH1	0.053419
PTRH2	0.057411
PTS	0.046484
PTTG1	0.046615
PTTG1IP	0.048668
PTTG2	0.054735
PTX3	0.050473
PTX4	0.052891
PUDP	0.050578
PUF60	0.945521
PUM1	0.045565
PUM2	0.055402
PUM3	0.040167
PURA	0.047574
PURB	0.052507
PURG	0.049760
PUS1	0.050065
PUS10	0.052811
PUS3	0.106252
PUS7	0.048625
PUS7L	0.050747
PUSL1	0.065539
PVALB	0.048353
PVR	0.955767
PVRIG	0.057788
PWP1	0.048315
PWP2	0.048665
PWWP2B	0.045646
PWWP3A	0.071359
PWWP3B	0.038715
PXDC1	0.045488
PXDN	0.112537
PXDNL	0.049995
PXK	0.040115
PXMP2	0.045824
PXMP4	0.051451
PXN	0.188070
PXT1	0.047137
PXYLP1	0.032479
PYCARD	0.045588
PYCR1	0.045656
PYCR2	0.043127
PYCR3	0.035339
PYDC1	0.049546
PYDC2	0.050782
PYGB	0.047986
PYGL	0.044938
PYGM	0.045651
PYGO1	0.050762
PYGO2	0.056357
PYHIN1	0.035527
PYM1	0.047896
PYROXD1	0.046120
PYROXD2	0.048346
PYY	0.054029
PZP	0.049689
QARS1	0.067577
QDPR	0.047131
QKI	0.049492
QNG1	0.046024
QPCT	0.080798
QPCTL	0.048682
QPRT	0.054143
QRFP	0.051173
QRFPR	0.050020
QRICH1	0.047610
QRICH2	0.060455
QRSL1	0.038784
QSER1	0.047709
QSOX1	0.060135
QSOX2	0.044936
QTGAL	0.043852
QTMAN	0.051229
QTRT1	0.044272
QTRT2	0.055930
R3HCC1L	0.048155
R3HDM1	0.045571
R3HDM2	0.050093
R3HDM4	0.043203
R3HDML	0.068400
RAB10	0.335284
RAB11A	0.172152
RAB11B	0.093780
RAB11FIP1	0.051328
RAB11FIP2	0.041801
RAB11FIP3	0.050055
RAB11FIP4	0.048125
RAB11FIP5	0.049055
RAB12	0.046319
RAB13	0.047165
RAB14	0.045686
RAB15	0.040445
RAB17	0.084422
RAB18	0.054617
RAB19	0.040792
RAB1A	0.048570
RAB1B	0.079692
RAB20	0.095195
RAB21	0.051010
RAB22A	0.051513
RAB23	0.051783
RAB24	0.047130
RAB25	0.041021
RAB26	0.047188
RAB27A	0.055362
RAB27B	0.051066
RAB28	0.045543
RAB29	0.093217
RAB2A	0.059058
RAB2B	0.046560
RAB30	0.049314
RAB31	0.048355
RAB32	0.041272
RAB33A	0.053181
RAB33B	0.050696
RAB34	0.053306
RAB35	0.046684
RAB36	0.047550
RAB37	0.050919
RAB38	0.056837
RAB39A	0.045691
RAB39B	0.049529
RAB3A	0.048258
RAB3B	0.082902
RAB3C	0.046506
RAB3D	0.064043
RAB3GAP1	0.050416
RAB3GAP2	0.042183
RAB3IL1	0.044905
RAB3IP	0.049792
RAB40A	0.048142
RAB40AL	0.046293
RAB40B	0.043402
RAB40C	0.044775
RAB41	0.048144
RAB42	0.071081
RAB43	0.057838
RAB44	0.051363
RAB4A	0.047689
RAB4B	0.044416
RAB5A	0.050409
RAB5B	0.037600
RAB5C	0.087951
RAB5IF	0.053456
RAB6A	0.051375
RAB6B	0.051050
RAB6C	0.041983
RAB6D	0.062279
RAB7A	0.078924
RAB7B	0.043663
RAB8A	0.049262
RAB8B	0.044085
RAB9A	0.034776
RAB9B	0.061257
RABAC1	0.042414
RABEP1	0.046597
RABEP2	0.042297
RABEPK	0.049476
RABGAP1	0.048948
RABGAP1L	0.038553
RABGEF1	0.057442
RABGGTA	0.053779
RABGGTB	0.045931
RABIF	0.043266
RABL2A	0.071264
RABL2B	0.649675
RABL3	0.034085
RABL6	0.058318
RAC1	0.500637
RAC2	0.048989
RAC3	0.077418
RACGAP1	0.045398
RACK1	0.042485
RAD1	0.049475
RAD17	0.058574
RAD18	0.052423
RAD21	0.049247
RAD23A	0.050767
RAD23B	0.045975
RAD50	0.046270
RAD51	0.048513
RAD51AP1	0.043566
RAD51B	0.098191
RAD51C	0.050503
RAD51D	0.048450
RAD52	0.050441
RAD54B	0.045287
RAD54L	0.050496
RAD54L2	0.082420
RAD9A	0.049367
RAD9B	0.048643
RADIL	0.050914
RADX	0.050280
RAE1	0.300367
RAET1E	0.048009
RAET1G	0.045268
RAF1	0.046969
RAG1	0.048125
RAG2	0.044976
RAI1	0.051273
RAI14	0.050183
RAI2	0.048202
RALA	0.044463
RALB	0.051125
RALBP1	0.048010
RALGAPA1	0.111660
RALGAPA2	0.046919
RALGAPB	0.055029
RALGDS	0.046516
RALGPS1	0.049163
RALGPS2	0.099206
RALY	0.426897
RALYL	0.044684
RAMAC	0.041062
RAMP1	0.044501
RAMP2	0.051922
RAMP3	0.047299
RAN	0.910461
RANBP1	0.077094
RANBP10	0.034937
RANBP17	0.052477
RANBP2	0.857436
RANBP3	0.050486
RANBP3L	0.033309
RANBP6	0.051323
RANBP9	0.044915
RANGAP1	0.053163
RANGRF	0.055244
RAP1A	0.068769
RAP1B	0.035257
RAP1GAP	0.049881
RAP1GAP2	0.050910
RAP1GDS1	0.051680
RAP2A	0.049239
RAP2B	0.049613
RAP2C	0.055707
RAPGEF1	0.043891
RAPGEF3	0.045839
RAPGEF4	0.048363
RAPGEF6	0.049866
RAPGEFL1	0.045289
RAPH1	0.048329
RAPSN	0.067651
RARA	0.052181
RARB	0.038909
RARG	0.064142
RARRES1	0.084082
RARRES2	0.063594
RARS1	0.046101
RARS2	0.047938
RASA1	0.047750
RASA2	0.054814
RASA3	0.106073
RASA4	0.043788
RASAL1	0.049792
RASAL2	0.068971
RASAL3	0.046262
RASD1	0.048779
RASD2	0.039046
RASEF	0.043166
RASGEF1A	0.042204
RASGEF1B	0.047308
RASGEF1C	0.051364
RASGRF1	0.048119
RASGRF2	0.049193
RASGRP1	0.055572
RASGRP2	0.054718
RASGRP3	0.049510
RASGRP4	0.036662
RASIP1	0.086028
RASL10A	0.050612
RASL10B	0.046219
RASL11B	0.046833
RASL12	0.040555
RASSF1	0.080059
RASSF10	0.061360
RASSF2	0.049527
RASSF3	0.049296
RASSF4	0.046608
RASSF5	0.046256
RASSF6	0.055090
RASSF7	0.056748
RASSF8	0.142887
RASSF9	0.043968
RAVER1	0.049144
RAVER2	0.047632
RAX	0.046723
RAX2	0.052602
RB1	0.043020
RB1CC1	0.912549
RBAK	0.043977
RBBP4	0.045691
RBBP5	0.067303
RBBP6	0.047430
RBBP7	0.795268
RBBP8	0.037855
RBBP8NL	0.034708
RBBP9	0.489813
RBCK1	0.049925
RBFA	0.246218
RBFOX1	0.047838
RBFOX2	0.036562
RBFOX3	0.047276
RBKS	0.079243
RBL1	0.047894
RBL2	0.051283
RBM10	0.047947
RBM11	0.047283
RBM12	0.045242
RBM12B	0.034853
RBM14	0.942422
RBM15	0.034875
RBM15B	0.049013
RBM17	0.051047
RBM18	0.049253
RBM19	0.046629
RBM22	0.120769
RBM23	0.050789
RBM24	0.053960
RBM25	0.042269
RBM26	0.052992
RBM28	0.047474
RBM3	0.048236
RBM33	0.036989
RBM34	0.035405
RBM38	0.042508
RBM39	0.928824
RBM4	0.050138
RBM41	0.052110
RBM42	0.069765
RBM43	0.042901
RBM44	0.048025
RBM45	0.056065
RBM46	0.049919
RBM47	0.171521
RBM48	0.032775
RBM4B	0.047485
RBM5	0.041557
RBM6	0.044531
RBM7	0.047238
RBM8A	0.930356
RBMS1	0.049516
RBMS2	0.048636
RBMS3	0.052609
RBMX	0.043357
RBMX2	0.046155
RBMXL2	0.047380
RBMY1A1	0.046926
RBMY1B	0.049438
RBMY1D	0.044905
RBMY1E	0.111104
RBMY1F	0.048513
RBMY1J	0.043637
RBP1	0.049725
RBP2	0.046782
RBP3	0.058387
RBP4	0.044394
RBP5	0.049703
RBP7	0.054019
RBPJ	0.049775
RBPJL	0.045830
RBPMS	0.046363
RBPMS2	0.046813
RBSN	0.080373
RBX1	0.129103
RC3H1	0.057869
RC3H2	0.055832
RCAN1	0.048236
RCAN2	0.050138
RCAN3	0.049377
RCBTB1	0.057515
RCBTB2	0.053044
RCC1	0.048562
RCC1L	0.038460
RCC2	0.056657
RCCD1	0.051433
RCE1	0.038200
RCHY1	0.066430
RCL1	0.047223
RCN1	0.047321
RCN2	0.046039
RCN3	0.049867
RCOR1	0.041785
RCOR2	0.046256
RCOR3	0.057060
RCSD1	0.047074
RCVRN	0.083114
RD3	0.046714
RDH10	0.053700
RDH11	0.050733
RDH12	0.942212
RDH13	0.047540
RDH14	0.048201
RDH16	0.063952
RDH5	0.053006
RDH8	0.047358
RDM1	0.047634
RDX	0.055126
REC114	0.048067
REC8	0.034368
RECK	0.049598
RECQL	0.038228
RECQL4	0.045296
RECQL5	0.043558
REDIC1	0.054676
REEP1	0.045959
REEP2	0.050831
REEP3	0.047953
REEP4	0.049553
REEP5	0.047073
REEP6	0.035009
REG1A	0.060218
REG1B	0.053877
REG3A	0.052424
REG3G	0.050523
REG4	0.039230
REL	0.050551
RELA	0.057896
RELB	0.046228
RELCH	0.045782
RELL1	0.048508
RELL2	0.054714
RELN	0.068441
RELT	0.051126
REM1	0.049294
REM2	0.034740
REN	0.049505
RENBP	0.045043
REP15	0.054720
REPIN1	0.050471
REPS1	0.045710
REPS2	0.098417
RER1	0.046817
RERE	0.045863
RERG	0.037617
RERGL	0.049123
RESF1	0.045547
REST	0.050267
RET	0.077958
RETN	0.045335
RETNLB	0.043982
RETREG1	0.052533
RETREG2	0.050390
RETREG3	0.048252
RETSAT	0.061318
REV1	0.051876
REV3L	0.052027
REXO1	0.042017
REXO2	0.040244
REXO4	0.051886
REXO5	0.096807
RFC1	0.049233
RFC2	0.048480
RFC3	0.100406
RFC4	0.046343
RFC5	0.036409
RFESD	0.049453
RFFL	0.049612
RFK	0.044081
RFLNA	0.724290
RFLNB	0.048771
RFNG	0.053033
RFPL1	0.047206
RFPL2	0.054671
RFPL3	0.050388
RFPL4A	0.044959
RFPL4AL1	0.073089
RFPL4B	0.045197
RFT1	0.052391
RFTN1	0.039137
RFTN2	0.047134
RFWD3	0.093133
RFX1	0.051871
RFX2	0.090469
RFX3	0.046603
RFX4	0.036036
RFX5	0.055148
RFX6	0.048553
RFX7	0.047464
RFXANK	0.051623
RFXAP	0.049385
RGCC	0.050078
RGL1	0.050805
RGL2	0.047991
RGL3	0.049233
RGL4	0.054860
RGMA	0.064849
RGMB	0.048193
RGN	0.050774
RGP1	0.047789
RGPD1	0.054585
RGPD2	0.733008
RGPD5	0.064413
RGR	0.111989
RGS1	0.052950
RGS10	0.051428
RGS11	0.047742
RGS12	0.050587
RGS13	0.036362
RGS14	0.042701
RGS16	0.048852
RGS17	0.049019
RGS18	0.043126
RGS19	0.041148
RGS2	0.082149
RGS20	0.911339
RGS21	0.047377
RGS22	0.049673
RGS4	0.102140
RGS5	0.048119
RGS6	0.040389
RGS7	0.035679
RGS7BP	0.051110
RGS8	0.045075
RGS9	0.055586
RGS9BP	0.048332
RHAG	0.045991
RHBDD1	0.052163
RHBDD2	0.038731
RHBDD3	0.038044
RHBDF1	0.039816
RHBDF2	0.056559
RHBDL1	0.036167
RHBDL2	0.045936
RHBDL3	0.049438
RHBG	0.040572
RHCE	0.046896
RHCG	0.049042
RHD	0.045842
RHEB	0.068509
RHEBL1	0.053111
RHEX	0.045931
RHNO1	0.044838
RHO	0.049835
RHOA	0.044644
RHOB	0.040234
RHOBTB1	0.076615
RHOBTB2	0.047725
RHOBTB3	0.048417
RHOC	0.048494
RHOD	0.079233
RHOF	0.065751
RHOG	0.053256
RHOH	0.044265
RHOJ	0.046868
RHOQ	0.040218
RHOT1	0.051651
RHOT2	0.051400
RHOU	0.043855
RHOV	0.049147
RHOXF1	0.046198
RHOXF2	0.049399
RHPN1	0.049408
RHPN2	0.049481
RIBC1	0.041767
RIBC2	0.047878
RIC1	0.049672
RIC3	0.051398
RIC8A	0.046494
RIC8B	0.051374
RICTOR	0.046976
RIDA	0.046748
RIF1	0.046271
RIGI	0.044898
RILP	0.045862
RILPL1	0.038972
RILPL2	0.047367
RIMBP2	0.045081
RIMKLA	0.049177
RIMKLB	0.046324
RIMOC1	0.041800
RIMS1	0.042987
RIMS2	0.046551
RIMS3	0.042188
RIMS4	0.066124
RIN1	0.044127
RIN2	0.051715
RIN3	0.048726
RING1	0.045276
RINL	0.053549
RINT1	0.052861
RIOK1	0.344375
RIOK2	0.060456
RIOK3	0.052173
RIOX1	0.048384
RIOX2	0.061525
RIPK1	0.060669
RIPK2	0.051688
RIPK3	0.048596
RIPK4	0.054957
RIPOR1	0.043829
RIPOR2	0.071796
RIPOR3	0.046543
RIPPLY2	0.048291
RIPPLY3	0.046100
RIT1	0.036645
RIT2	0.058998
RITA1	0.063700
RLBP1	0.037639
RLF	0.057037
RLIG1	0.577509
RLIM	0.056330
RLN1	0.044349
RLN2	0.044653
RLN3	0.057827
RMC1	0.046945
RMDN1	0.049431
RMDN2	0.049418
RMDN3	0.047468
RMI1	0.034021
RMI2	0.044113
RMND1	0.047278
RMND5A	0.053610
RMND5B	0.039683
RMP24	0.047418
RMP64	0.142557
RNASE1	0.045686
RNASE10	0.058880
RNASE11	0.049218
RNASE12	0.050970
RNASE13	0.051840
RNASE2	0.045833
RNASE3	0.053586
RNASE4	0.034996
RNASE6	0.065529
RNASE7	0.052502
RNASE8	0.048605
RNASE9	0.038434
RNASEH1	0.049749
RNASEH2A	0.035976
RNASEH2B	0.059411
RNASEH2C	0.039362
RNASEK	0.040993
RNASEL	0.047900
RNASET2	0.040759
RND1	0.047059
RND2	0.044472
RND3	0.066450
RNF10	0.045879
RNF103	0.047849
RNF11	0.047792
RNF111	0.047215
RNF112	0.070279
RNF113A	0.044837
RNF113B	0.052170
RNF114	0.046610
RNF115	0.059183
RNF121	0.053378
RNF122	0.044605
RNF123	0.058099
RNF125	0.049487
RNF126	0.039667
RNF128	0.039729
RNF13	0.049946
RNF130	0.052000
RNF133	0.053203
RNF135	0.049201
RNF138	0.053966
RNF139	0.049005
RNF14	0.035461
RNF141	0.057095
RNF144A	0.048183
RNF144B	0.053713
RNF145	0.045874
RNF146	0.034007
RNF148	0.044246
RNF149	0.045022
RNF150	0.057243
RNF151	0.122684
RNF152	0.040511
RNF157	0.046316
RNF166	0.048569
RNF167	0.044148
RNF168	0.046004
RNF169	0.043285
RNF17	0.049076
RNF170	0.062379
RNF175	0.074689
RNF180	0.038886
RNF181	0.047223
RNF182	0.043833
RNF183	0.045525
RNF185	0.051467
RNF186	0.055434
RNF19A	0.039217
RNF19B	0.047466
RNF2	0.032541
RNF20	0.047787
RNF207	0.049727
RNF208	0.045852
RNF212	0.054370
RNF213	0.048150
RNF214	0.058020
RNF215	0.036880
RNF216	0.046947
RNF217	0.049629
RNF220	0.050457
RNF222	0.129731
RNF24	0.045608
RNF25	0.047753
RNF26	0.047228
RNF31	0.052464
RNF32	0.048801
RNF34	0.037236
RNF38	0.049128
RNF39	0.044364
RNF4	0.050475
RNF40	0.050326
RNF41	0.038134
RNF43	0.049474
RNF44	0.055081
RNF5	0.077491
RNF6	0.051352
RNF7	0.048494
RNF8	0.047492
RNFT1	0.057301
RNFT2	0.049953
RNGTT	0.052382
RNH1	0.041830
RNLS	0.049307
RNMT	0.047903
RNPC3	0.044763
RNPEP	0.045330
RNPEPL1	0.035907
RNPS1	0.073857
RO60	0.048135
ROBO1	0.038868
ROBO2	0.045813
ROBO3	0.045655
ROBO4	0.054149
ROCK1	0.043885
ROCK2	0.891193
ROGDI	0.051659
ROM1	0.044421
ROMO1	0.049481
ROPN1	0.048856
ROPN1B	0.047749
ROPN1L	0.045633
ROR1	0.045581
ROR2	0.038950
RORA	0.048914
RORB	0.050528
RORC	0.064881
ROS1	0.047054
RP1	0.032843
RP1L1	0.040732
RP2	0.068149
RP9	0.049000
RPA1	0.140215
RPA2	0.122611
RPA4	0.034872
RPAIN	0.048042
RPAP1	0.046179
RPAP2	0.958300
RPAP3	0.045871
RPE	0.041684
RPE65	0.049222
RPF1	0.039570
RPF2	0.045259
RPGR	0.040924
RPGRIP1	0.051396
RPGRIP1L	0.046599
RPH3A	0.048379
RPH3AL	0.050487
RPIA	0.047018
RPL10	0.113537
RPL10A	0.135536
RPL10L	0.103399
RPL11	0.932987
RPL12	0.965060
RPL13	0.224755
RPL13A	0.050975
RPL14	0.859348
RPL15	0.045576
RPL17	0.262545
RPL18	0.949098
RPL19	0.177416
RPL21	0.946992
RPL22	0.048435
RPL23	0.948696
RPL23A	0.047622
RPL24	0.163113
RPL26	0.316120
RPL26L1	0.049223
RPL27	0.198264
RPL27A	0.048547
RPL28	0.043520
RPL3	0.164713
RPL30	0.619049
RPL32	0.075797
RPL34	0.051981
RPL35A	0.221867
RPL36	0.962289
RPL36AL	0.040336
RPL37	0.048346
RPL37A	0.519506
RPL38	0.144271
RPL39L	0.049641
RPL3L	0.049306
RPL4	0.591541
RPL41	0.055687
RPL5	0.875728
RPL6	0.663257
RPL7	0.171565
RPL7A	0.461904
RPL7L1	0.046337
RPL8	0.936155
RPL9	0.264868
RPLP0	0.778574
RPN1	0.044765
RPN2	0.046429
RPP14	0.044526
RPP21	0.048207
RPP25	0.052884
RPP25L	0.063062
RPP30	0.058629
RPP38	0.050984
RPP40	0.040517
RPRD1A	0.042550
RPRD1B	0.051432
RPRD2	0.054840
RPRM	0.045372
RPRML	0.081294
RPS10	0.928761
RPS11	0.941812
RPS12	0.813294
RPS13	0.945942
RPS14	0.748524
RPS16	0.957774
RPS17	0.911405
RPS18	0.961045
RPS19	0.929873
RPS19BP1	0.051194
RPS2	0.052634
RPS21	0.943946
RPS23	0.050806
RPS24	0.938512
RPS25	0.046396
RPS27A	0.924512
RPS27L	0.042884
RPS28	0.921643
RPS29	0.932806
RPS3	0.962904
RPS3A	0.804906
RPS4X	0.957365
RPS4Y1	0.932853
RPS4Y2	0.050311
RPS5	0.966601
RPS6	0.939691
RPS6KA1	0.051016
RPS6KA2	0.045383
RPS6KA3	0.047932
RPS6KA4	0.055649
RPS6KA5	0.048963
RPS6KA6	0.047331
RPS6KB1	0.048503
RPS6KB2	0.049937
RPS6KC1	0.087331
RPS6KL1	0.068826
RPS7	0.953282
RPS9	0.940257
RPSA	0.125083
RPTOR	0.047172
RPUSD1	0.051812
RPUSD2	0.041181
RPUSD3	0.055566
RPUSD4	0.056583
RRAD	0.048845
RRAGA	0.052148
RRAGB	0.045559
RRAGC	0.044332
RRAGD	0.050263
RRAS	0.036478
RRAS2	0.044710
RRBP1	0.086231
RREB1	0.045528
RRH	0.048937
RRM1	0.046709
RRM2	0.381644
RRM2B	0.048835
RRN3	0.060685
RRP1	0.069705
RRP12	0.072969
RRP15	0.047719
RRP1B	0.047033
RRP36	0.048824
RRP7A	0.066983
RRP8	0.046565
RRP9	0.059741
RRS1	0.047534
RS1	0.047270
RSAD1	0.048870
RSAD2	0.055961
RSBN1	0.035536
RSBN1L	0.047129
RSC1A1	0.086516
RSF1	0.231426
RSKR	0.054292
RSL1D1	0.044060
RSL24D1	0.076633
RSPH1	0.049315
RSPH10B	0.057382
RSPH14	0.060351
RSPH3	0.083884
RSPH4A	0.049085
RSPH6A	0.050311
RSPH9	0.050102
RSPO1	0.047863
RSPO2	0.043740
RSPO3	0.042857
RSPO4	0.051335
RSPRY1	0.043697
RSRC1	0.039701
RSRC2	0.043952
RSRP1	0.051337
RSU1	0.044133
RTBDN	0.049211
RTCA	0.047104
RTCB	0.037001
RTEL1	0.055284
RTF1	0.057544
RTF2	0.046091
RTKN	0.051324
RTKN2	0.053062
RTL10	0.056161
RTL3	0.061998
RTL4	0.050253
RTL5	0.043179
RTL6	0.049452
RTL8A	0.049625
RTL8B	0.074242
RTL8C	0.056740
RTL9	0.045294
RTN1	0.049346
RTN2	0.050139
RTN3	0.044222
RTN4	0.035827
RTN4IP1	0.091681
RTN4R	0.048988
RTN4RL1	0.053439
RTP1	0.054301
RTP2	0.049672
RTP3	0.043541
RTP4	0.037062
RTP5	0.046796
RTRAF	0.050126
RTTN	0.038067
RUBCNL	0.046419
RUFY1	0.048212
RUFY2	0.046538
RUFY3	0.044086
RUFY4	0.036697
RUNDC1	0.047531
RUNDC3A	0.955543
RUNDC3B	0.039781
RUNX1	0.049554
RUNX1T1	0.058369
RUNX2	0.049513
RUNX3	0.051223
RUSC1	0.049278
RUSC2	0.075656
RUSF1	0.048481
RUVBL1	0.118743
RUVBL2	0.067876
RWDD1	0.081052
RWDD2A	0.035022
RWDD2B	0.046623
RWDD3	0.036323
RWDD4	0.047693
RXFP1	0.045603
RXFP2	0.048000
RXFP3	0.043689
RXFP4	0.050067
RXRA	0.046691
RXRB	0.061305
RXYLT1	0.057347
RYBP	0.058913
RYK	0.036251
RYR1	0.047228
RYR2	0.044912
RYR3	0.050625
S100A1	0.051460
S100A10	0.053970
S100A11	0.049961
S100A12	0.050082
S100A13	0.039770
S100A14	0.047671
S100A16	0.048824
S100A2	0.053018
S100A3	0.042247
S100A4	0.046710
S100A5	0.038632
S100A6	0.053190
S100A7	0.045234
S100A7A	0.042339
S100A8	0.053257
S100A9	0.036944
S100B	0.049957
S100G	0.033439
S100P	0.045652
S100PBP	0.043634
S100Z	0.050067
S1PR1	0.049240
S1PR2	0.127660
S1PR3	0.056092
S1PR4	0.050301
S1PR5	0.052057
SAA2	0.052810
SAA4	0.033431
SAAL1	0.048987
SAC3D1	0.044062
SACM1L	0.050511
SACS	0.046554
SAE1	0.054950
SAFB	0.047761
SAFB2	0.041803
SAG	0.054710
SAGE1	0.043841
SALL1	0.049060
SALL2	0.041272
SALL3	0.098895
SALL4	0.034344
SAMD1	0.061988
SAMD10	0.062253
SAMD11	0.050004
SAMD12	0.050216
SAMD13	0.051839
SAMD14	0.047607
SAMD15	0.042585
SAMD3	0.041599
SAMD4A	0.051656
SAMD4B	0.048752
SAMD5	0.046150
SAMD7	0.057501
SAMD8	0.092864
SAMD9	0.048402
SAMD9L	0.051840
SAMHD1	0.037295
SAMM50	0.049170
SAMSN1	0.066362
SAMTOR	0.050140
SANBR	0.051286
SAP130	0.056035
SAP30	0.047654
SAP30BP	0.059547
SAP30L	0.055397
SAPCD1	0.047907
SAPCD2	0.050043
SAR1A	0.034422
SAR1B	0.932609
SARAF	0.054086
SARDH	0.040304
SARM1	0.048308
SARNP	0.048343
SARS1	0.039758
SARS2	0.033647
SART1	0.113031
SART3	0.047091
SASH1	0.042985
SASH3	0.048126
SASS6	0.049655
SAT1	0.053479
SAT2	0.050243
SATB1	0.039306
SATB2	0.048700
SATL1	0.037715
SAXO1	0.046116
SAXO2	0.038486
SAXO4	0.053894
SAXO5	0.046693
SAYSD1	0.038542
SBDS	0.049709
SBF1	0.045715
SBF2	0.049937
SBK1	0.122045
SBNO1	0.052644
SBNO2	0.049113
SBSN	0.053863
SBSPON	0.044888
SC5D	0.041512
SCAF1	0.048939
SCAF11	0.044261
SCAF4	0.063028
SCAF8	0.050988
SCAI	0.049832
SCAMP1	0.051887
SCAMP2	0.125938
SCAMP3	0.051420
SCAMP4	0.046661
SCAMP5	0.046520
SCAND1	0.048961
SCAND3	0.065788
SCAP	0.055974
SCAPER	0.056217
SCARA3	0.191629
SCARA5	0.040260
SCARB1	0.048994
SCARB2	0.051970
SCARF1	0.060328
SCARF2	0.047621
SCCPDH	0.048413
SCD	0.078714
SCD5	0.043936
SCEL	0.050277
SCFD1	0.060122
SCFD2	0.054838
SCG2	0.051371
SCG5	0.047595
SCGB1A1	0.053145
SCGB1C1	0.054334
SCGB1D1	0.039434
SCGB1D2	0.042287
SCGB1D4	0.047064
SCGB2A1	0.050225
SCGB2A2	0.047505
SCGB2B2	0.048419
SCGB3A1	0.047155
SCGB3A2	0.049013
SCGN	0.049082
SCHIP1	0.038222
SCIMP	0.064754
SCIN	0.044492
SCLT1	0.055061
SCLY	0.940810
SCMH1	0.047824
SCML1	0.064155
SCML2	0.048384
SCML4	0.050383
SCN10A	0.045046
SCN11A	0.048905
SCN1A	0.047706
SCN1B	0.062323
SCN2A	0.046616
SCN2B	0.043867
SCN3A	0.037963
SCN3B	0.046788
SCN4A	0.046953
SCN4B	0.045031
SCN5A	0.047824
SCN7A	0.047420
SCN8A	0.043625
SCN9A	0.045566
SCNM1	0.049310
SCNN1A	0.050907
SCNN1B	0.049362
SCNN1D	0.056032
SCNN1G	0.049115
SCO1	0.049637
SCO2	0.053816
SCOC	0.049395
SCP2D1	0.046680
SCPEP1	0.034163
SCRG1	0.042339
SCRIB	0.048445
SCRN1	0.048582
SCRN2	0.051438
SCRN3	0.036704
SCRT1	0.041306
SCRT2	0.059120
SCT	0.227149
SCTR	0.052738
SCUBE1	0.051611
SCUBE2	0.040713
SCUBE3	0.046704
SCX	0.045273
SCYL1	0.049771
SCYL2	0.054631
SCYL3	0.053145
SDAD1	0.060884
SDC1	0.055718
SDC2	0.042212
SDC3	0.074030
SDC4	0.054659
SDCBP	0.042705
SDCBP2	0.046005
SDCCAG8	0.051623
SDE2	0.039652
SDF2	0.047030
SDF4	0.039009
SDHA	0.048306
SDHAF1	0.039190
SDHAF2	0.046968
SDHAF3	0.045307
SDHAF4	0.048868
SDHB	0.048485
SDHC	0.047905
SDHD	0.061716
SDK1	0.051388
SDK2	0.048669
SDR16C5	0.055459
SDR39U1	0.049187
SDR42E1	0.054913
SDR9C7	0.033819
SDS	0.040919
SDSL	0.041890
SEBOX	0.044856
SEC11A	0.051770
SEC11C	0.048043
SEC13	0.085014
SEC14L1	0.069338
SEC14L2	0.048667
SEC14L3	0.045750
SEC14L4	0.074109
SEC16A	0.054298
SEC16B	0.046724
SEC22A	0.040828
SEC22B	0.054546
SEC22C	0.041181
SEC23A	0.037456
SEC23B	0.045102
SEC23IP	0.042271
SEC24A	0.048337
SEC24B	0.046836
SEC24C	0.046582
SEC24D	0.050434
SEC31A	0.046590
SEC31B	0.033039
SEC61A1	0.056491
SEC61A2	0.052256
SEC61B	0.051422
SEC61G	0.044066
SEC62	0.040641
SEC63	0.035152
SECISBP2	0.045660
SECISBP2L	0.043255
SECTM1	0.045690
SEH1L	0.083010
SEL1L	0.083940
SEL1L3	0.048132
SELE	0.046172
SELENBP1	0.047227
SELENOF	0.067552
SELENOH	0.059514
SELENOI	0.043370
SELENOK	0.051728
SELENOM	0.045516
SELENON	0.050247
SELENOO	0.038051
SELENOP	0.047334
SELENOS	0.058451
SELENOT	0.048038
SELENOV	0.052018
SELENOW	0.051270
SELL	0.063372
SELP	0.045661
SELPLG	0.088097
SEM1	0.137702
SEMA3A	0.049318
SEMA3B	0.045412
SEMA3C	0.048369
SEMA3D	0.049134
SEMA3E	0.042160
SEMA3F	0.047396
SEMA3G	0.429491
SEMA4A	0.052094
SEMA4B	0.051442
SEMA4C	0.048983
SEMA4D	0.038223
SEMA4F	0.049196
SEMA4G	0.047309
SEMA5A	0.048079
SEMA5B	0.043181
SEMA6A	0.046629
SEMA6B	0.048456
SEMA6C	0.048824
SEMA6D	0.049281
SEMA7A	0.046292
SEMG1	0.314429
SEMG2	0.053790
SENP1	0.047059
SENP2	0.047501
SENP3	0.047983
SENP5	0.049488
SENP6	0.047352
SENP7	0.045522
SENP8	0.063557
SEPHS1	0.052018
SEPHS2	0.048217
SEPSECS	0.042115
SEPTIN1	0.047212
SEPTIN10	0.048861
SEPTIN11	0.049863
SEPTIN12	0.033225
SEPTIN14	0.047327
SEPTIN2	0.044265
SEPTIN3	0.076564
SEPTIN4	0.049966
SEPTIN5	0.046268
SEPTIN6	0.045192
SEPTIN7	0.047430
SEPTIN9	0.052950
SERAC1	0.053490
SERBP1	0.046003
SERF1A	0.050648
SERF2	0.050023
SERGEF	0.268915
SERHL2	0.043716
SERINC1	0.050557
SERINC2	0.124877
SERINC3	0.049432
SERINC4	0.037296
SERINC5	0.049510
SERP1	0.049313
SERP2	0.057234
SERPINA1	0.102844
SERPINA10	0.047664
SERPINA11	0.051040
SERPINA12	0.045810
SERPINA3	0.073346
SERPINA4	0.146476
SERPINA5	0.046549
SERPINA6	0.040942
SERPINA7	0.047322
SERPINA9	0.046845
SERPINB1	0.042817
SERPINB10	0.049441
SERPINB11	0.049103
SERPINB12	0.049994
SERPINB13	0.073474
SERPINB2	0.050148
SERPINB3	0.048491
SERPINB4	0.048078
SERPINB5	0.047907
SERPINB6	0.044462
SERPINB7	0.049055
SERPINB8	0.046003
SERPINB9	0.052229
SERPINC1	0.047841
SERPIND1	0.051259
SERPINE1	0.045090
SERPINE2	0.045200
SERPINF1	0.041100
SERPINF2	0.090685
SERPING1	0.046361
SERPINH1	0.045883
SERPINI1	0.048205
SERPINI2	0.043847
SERTAD1	0.046813
SERTAD2	0.044949
SERTAD3	0.065130
SERTAD4	0.049157
SERTM1	0.044794
SESN1	0.053829
SESN2	0.046161
SESN3	0.046980
SESTD1	0.048522
SET	0.107506
SETBP1	0.048865
SETD1A	0.053804
SETD2	0.061071
SETD3	0.039625
SETD4	0.082524
SETD5	0.048534
SETD6	0.054933
SETD7	0.045464
SETD9	0.051300
SETDB1	0.064383
SETDB2	0.046705
SETMAR	0.039971
SETX	0.044692
SEZ6	0.051943
SEZ6L	0.043828
SEZ6L2	0.050204
SF1	0.032749
SF3A1	0.932808
SF3A2	0.930466
SF3A3	0.933279
SF3B1	0.917681
SF3B2	0.929577
SF3B3	0.933983
SF3B4	0.232672
SF3B5	0.921971
SF3B6	0.934428
SFI1	0.047182
SFMBT1	0.045556
SFMBT2	0.055059
SFN	0.035436
SFPQ	0.922033
SFR1	0.046491
SFRP1	0.133521
SFRP2	0.045892
SFRP4	0.044811
SFRP5	0.048277
SFSWAP	0.050661
SFT2D1	0.042933
SFT2D2	0.048453
SFT2D3	0.051233
SFTA2	0.049062
SFTPA1	0.048045
SFTPB	0.071654
SFTPC	0.062686
SFTPD	0.071411
SFXN1	0.038404
SFXN2	0.048933
SFXN3	0.078890
SFXN4	0.066395
SFXN5	0.051617
SGCA	0.084571
SGCB	0.041395
SGCD	0.061262
SGCE	0.419230
SGCG	0.044927
SGCZ	0.046522
SGF29	0.048435
SGIP1	0.047401
SGK1	0.048571
SGK2	0.045990
SGK3	0.043403
SGMS1	0.053534
SGMS2	0.045609
SGO1	0.923036
SGO2	0.050205
SGPL1	0.047056
SGPP1	0.049161
SGPP2	0.046614
SGSH	0.050095
SGSM1	0.049501
SGSM2	0.051109
SGSM3	0.048368
SGTA	0.046246
SGTB	0.048492
SH2B1	0.044129
SH2B2	0.035690
SH2B3	0.046004
SH2D1A	0.049479
SH2D1B	0.057040
SH2D2A	0.048449
SH2D3A	0.047953
SH2D3C	0.044299
SH2D4B	0.050322
SH2D6	0.038473
SH3BGR	0.051380
SH3BGRL	0.048604
SH3BGRL2	0.050661
SH3BGRL3	0.045316
SH3BP1	0.039020
SH3BP2	0.064296
SH3BP4	0.045660
SH3BP5	0.048417
SH3BP5L	0.045410
SH3D19	0.039417
SH3D21	0.046081
SH3GL1	0.054381
SH3GL2	0.134222
SH3GL3	0.083510
SH3GLB1	0.034494
SH3GLB2	0.057559
SH3KBP1	0.047998
SH3PXD2A	0.071318
SH3PXD2B	0.056457
SH3RF1	0.035111
SH3RF2	0.118225
SH3RF3	0.032590
SH3TC1	0.055480
SH3TC2	0.049596
SH3YL1	0.045995
SHANK1	0.047833
SHANK2	0.054255
SHANK3	0.051045
SHARPIN	0.044456
SHB	0.053241
SHBG	0.039775
SHC1	0.046534
SHC2	0.094841
SHC3	0.044615
SHC4	0.050494
SHCBP1	0.049690
SHCBP1L	0.039400
SHD	0.040233
SHE	0.048922
SHF	0.047924
SHFL	0.041005
SHH	0.037363
SHISA2	0.046315
SHISA3	0.083177
SHISA4	0.050546
SHISA5	0.033404
SHISA6	0.048878
SHISAL2A	0.048105
SHKBP1	0.050505
SHLD1	0.048574
SHLD2	0.045223
SHMT1	0.059160
SHMT2	0.060422
SHOC1	0.046421
SHOC2	0.046572
SHOX	0.052653
SHOX2	0.924674
SHPK	0.050903
SHPRH	0.049535
SHQ1	0.049009
SHROOM1	0.046152
SHROOM2	0.048018
SHROOM3	0.032301
SHROOM4	0.033473
SHTN1	0.045115
SI	0.045577
SIAE	0.048441
SIAH1	0.047486
SIAH2	0.242151
SIAH3	0.052862
SIDT1	0.037027
SIDT2	0.038795
SIGIRR	0.043247
SIGLEC1	0.042045
SIGLEC10	0.033998
SIGLEC11	0.048948
SIGLEC12	0.045431
SIGLEC15	0.045805
SIGLEC5	0.051777
SIGLEC6	0.050020
SIGLEC7	0.038818
SIGLEC8	0.036431
SIGLEC9	0.073250
SIGLECL1	0.054742
SIGMAR1	0.082345
SIK1	0.040663
SIK2	0.041330
SIK3	0.070053
SIKE1	0.048242
SIL1	0.032184
SIM1	0.053289
SIM2	0.046797
SIMC1	0.049655
SIN3A	0.048047
SIN3B	0.046709
SINHCAF	0.050023
SIPA1	0.072265
SIPA1L1	0.049828
SIPA1L2	0.037204
SIPA1L3	0.061059
SIRPA	0.033414
SIRPB1	0.048739
SIRPD	0.048989
SIRPG	0.051965
SIRT1	0.937769
SIRT2	0.076812
SIRT3	0.315878
SIRT4	0.047852
SIRT5	0.058804
SIRT6	0.054360
SIRT7	0.044852
SIT1	0.052225
SIVA1	0.049859
SIX1	0.048370
SIX2	0.049651
SIX3	0.047761
SIX4	0.041438
SIX5	0.075661
SIX6	0.048354
SKA1	0.048945
SKA2	0.041434
SKA3	0.839430
SKAP1	0.096605
SKAP2	0.040964
SKI	0.048874
SKIC2	0.040633
SKIC3	0.047157
SKIC8	0.054728
SKIDA1	0.055782
SKIL	0.046245
SKOR1	0.054638
SKOR2	0.050838
SKP1	0.049652
SKP2	0.046049
SLA	0.056842
SLA2	0.055543
SLAIN1	0.037565
SLAMF1	0.048340
SLAMF6	0.080433
SLAMF7	0.055104
SLAMF8	0.075347
SLAMF9	0.050642
SLBP	0.065426
SLC10A1	0.049511
SLC10A2	0.046442
SLC10A3	0.305989
SLC10A4	0.051188
SLC10A5	0.045693
SLC10A6	0.046816
SLC10A7	0.047282
SLC11A1	0.049189
SLC11A2	0.045580
SLC12A1	0.052320
SLC12A2	0.055486
SLC12A3	0.059484
SLC12A4	0.070664
SLC12A5	0.050934
SLC12A6	0.052541
SLC12A7	0.055558
SLC12A8	0.042846
SLC12A9	0.037484
SLC13A1	0.049397
SLC13A2	0.049416
SLC13A3	0.072197
SLC13A4	0.049540
SLC13A5	0.103087
SLC14A1	0.090472
SLC14A2	0.096125
SLC15A1	0.339279
SLC15A2	0.046569
SLC15A3	0.044853
SLC15A4	0.047844
SLC16A1	0.097110
SLC16A10	0.048415
SLC16A11	0.050398
SLC16A12	0.050007
SLC16A13	0.037810
SLC16A14	0.050101
SLC16A2	0.045673
SLC16A3	0.064254
SLC16A4	0.041792
SLC16A5	0.054387
SLC16A6	0.047174
SLC16A7	0.047860
SLC16A8	0.050763
SLC16A9	0.045784
SLC17A1	0.043813
SLC17A2	0.046527
SLC17A3	0.049031
SLC17A4	0.056750
SLC17A5	0.046065
SLC17A6	0.045053
SLC17A7	0.053944
SLC17A8	0.048874
SLC17A9	0.048419
SLC18A1	0.048357
SLC18A2	0.042805
SLC18A3	0.048135
SLC18B1	0.054535
SLC19A1	0.044706
SLC19A2	0.063355
SLC19A3	0.079756
SLC1A1	0.047578
SLC1A2	0.032879
SLC1A3	0.048954
SLC1A4	0.049040
SLC1A5	0.046357
SLC1A6	0.046360
SLC1A7	0.049562
SLC20A1	0.054096
SLC20A2	0.048040
SLC22A1	0.051245
SLC22A10	0.034317
SLC22A11	0.042467
SLC22A12	0.053978
SLC22A13	0.059044
SLC22A14	0.050417
SLC22A15	0.047393
SLC22A16	0.041488
SLC22A17	0.037101
SLC22A2	0.039153
SLC22A23	0.063830
SLC22A24	0.041448
SLC22A25	0.046740
SLC22A3	0.041754
SLC22A4	0.054457
SLC22A5	0.960591
SLC22A6	0.056806
SLC22A7	0.050607
SLC22A8	0.051636
SLC22A9	0.054241
SLC23A1	0.048422
SLC23A2	0.112476
SLC23A3	0.043719
SLC24A1	0.045132
SLC24A2	0.037001
SLC24A3	0.075226
SLC24A4	0.046417
SLC24A5	0.051331
SLC25A1	0.045263
SLC25A10	0.047211
SLC25A11	0.046167
SLC25A12	0.081389
SLC25A13	0.056617
SLC25A14	0.046624
SLC25A15	0.047303
SLC25A16	0.039304
SLC25A17	0.046071
SLC25A18	0.046897
SLC25A19	0.055582
SLC25A2	0.050280
SLC25A20	0.045502
SLC25A21	0.047496
SLC25A22	0.100497
SLC25A23	0.048669
SLC25A24	0.046523
SLC25A25	0.050453
SLC25A26	0.047937
SLC25A27	0.044923
SLC25A28	0.054731
SLC25A29	0.080793
SLC25A3	0.048477
SLC25A30	0.044564
SLC25A31	0.039410
SLC25A32	0.048525
SLC25A33	0.033897
SLC25A34	0.038049
SLC25A35	0.034585
SLC25A36	0.046485
SLC25A37	0.038421
SLC25A38	0.050726
SLC25A39	0.057928
SLC25A4	0.035101
SLC25A40	0.051049
SLC25A41	0.039709
SLC25A42	0.051734
SLC25A43	0.057829
SLC25A44	0.053322
SLC25A45	0.038803
SLC25A46	0.041007
SLC25A47	0.053097
SLC25A48	0.054113
SLC25A5	0.054506
SLC25A51	0.049528
SLC25A52	0.042477
SLC25A53	0.055787
SLC25A6	0.061376
SLC26A11	0.046351
SLC26A2	0.055933
SLC26A3	0.047817
SLC26A4	0.036519
SLC26A5	0.045348
SLC26A6	0.052818
SLC26A7	0.045745
SLC26A8	0.051149
SLC26A9	0.051279
SLC27A1	0.069026
SLC27A2	0.043157
SLC27A3	0.051978
SLC27A4	0.053374
SLC27A5	0.044609
SLC27A6	0.041787
SLC28A2	0.052389
SLC28A3	0.096570
SLC29A1	0.049917
SLC29A2	0.075117
SLC29A3	0.043361
SLC29A4	0.070601
SLC2A1	0.087209
SLC2A10	0.075130
SLC2A11	0.051205
SLC2A12	0.044985
SLC2A13	0.046316
SLC2A14	0.049377
SLC2A2	0.093863
SLC2A3	0.043258
SLC2A4	0.043867
SLC2A4RG	0.039632
SLC2A5	0.044027
SLC2A6	0.050044
SLC2A7	0.058377
SLC2A8	0.039263
SLC2A9	0.052601
SLC30A1	0.051375
SLC30A10	0.050393
SLC30A2	0.042038
SLC30A3	0.095369
SLC30A4	0.056203
SLC30A5	0.093889
SLC30A6	0.048989
SLC30A7	0.043873
SLC30A8	0.052091
SLC30A9	0.049886
SLC31A1	0.041983
SLC31A2	0.045490
SLC32A1	0.047043
SLC33A1	0.050251
SLC33A2	0.053155
SLC34A1	0.073527
SLC34A2	0.051632
SLC34A3	0.043846
SLC35A1	0.048219
SLC35A2	0.048677
SLC35A3	0.047941
SLC35A4	0.042347
SLC35A5	0.048492
SLC35B1	0.060451
SLC35B2	0.047474
SLC35B3	0.049802
SLC35B4	0.045346
SLC35C1	0.043475
SLC35D1	0.054945
SLC35D2	0.040669
SLC35D3	0.045719
SLC35D4	0.050933
SLC35E1	0.050516
SLC35E3	0.045910
SLC35E4	0.051339
SLC35F1	0.077458
SLC35F2	0.045098
SLC35F3	0.045039
SLC35F4	0.039169
SLC35F5	0.031848
SLC35F6	0.045066
SLC35G1	0.041457
SLC35G2	0.055983
SLC35G3	0.062841
SLC35G5	0.960877
SLC35H1	0.941102
SLC36A1	0.043946
SLC36A2	0.051195
SLC36A3	0.052050
SLC36A4	0.056550
SLC37A1	0.068998
SLC37A2	0.050578
SLC37A3	0.050321
SLC37A4	0.109579
SLC38A1	0.042596
SLC38A10	0.056743
SLC38A11	0.041078
SLC38A12	0.047049
SLC38A2	0.044477
SLC38A3	0.049190
SLC38A4	0.043339
SLC38A5	0.052400
SLC38A6	0.048588
SLC38A7	0.051383
SLC38A8	0.046452
SLC38A9	0.053537
SLC39A1	0.048066
SLC39A10	0.046099
SLC39A11	0.069187
SLC39A12	0.258825
SLC39A13	0.045421
SLC39A14	0.044290
SLC39A2	0.065145
SLC39A3	0.060952
SLC39A4	0.050599
SLC39A5	0.034087
SLC39A6	0.043203
SLC39A7	0.050702
SLC39A8	0.039106
SLC39A9	0.051249
SLC3A1	0.046795
SLC3A2	0.061062
SLC40A1	0.048388
SLC41A1	0.050041
SLC41A2	0.048154
SLC41A3	0.046495
SLC43A1	0.074810
SLC43A2	0.055652
SLC43A3	0.037036
SLC44A1	0.051715
SLC44A2	0.091337
SLC44A3	0.047317
SLC44A4	0.032368
SLC44A5	0.055486
SLC45A1	0.050803
SLC45A2	0.049825
SLC45A3	0.053649
SLC45A4	0.050010
SLC46A1	0.209046
SLC46A2	0.051394
SLC46A3	0.040425
SLC47A1	0.046618
SLC47A2	0.053633
SLC48A1	0.040669
SLC49A3	0.049521
SLC49A4	0.048281
SLC4A1	0.047523
SLC4A10	0.049879
SLC4A11	0.037649
SLC4A1AP	0.118377
SLC4A2	0.045385
SLC4A3	0.040468
SLC4A4	0.050320
SLC4A5	0.032463
SLC4A7	0.039316
SLC4A8	0.035889
SLC4A9	0.078712
SLC50A1	0.040597
SLC51A	0.046652
SLC51B	0.037506
SLC52A1	0.050034
SLC52A2	0.052680
SLC52A3	0.033748
SLC5A1	0.049668
SLC5A10	0.046388
SLC5A11	0.050743
SLC5A12	0.056148
SLC5A2	0.051948
SLC5A3	0.044409
SLC5A4	0.050177
SLC5A5	0.055176
SLC5A6	0.038647
SLC5A7	0.040158
SLC5A8	0.050122
SLC5A9	0.049081
SLC60A1	0.059732
SLC60A2	0.047495
SLC61A1	0.047507
SLC66A1	0.055050
SLC66A2	0.053495
SLC66A3	0.047417
SLC67A1	0.945516
SLC67A2	0.048850
SLC68A1	0.042675
SLC6A1	0.039247
SLC6A11	0.048686
SLC6A12	0.039365
SLC6A13	0.111171
SLC6A14	0.048452
SLC6A15	0.037895
SLC6A16	0.050183
SLC6A17	0.047417
SLC6A18	0.048052
SLC6A19	0.049107
SLC6A2	0.063670
SLC6A20	0.053954
SLC6A3	0.048517
SLC6A4	0.056210
SLC6A5	0.046538
SLC6A6	0.048859
SLC6A7	0.054848
SLC6A8	0.047481
SLC6A9	0.049153
SLC71A1	0.052962
SLC71A2	0.050739
SLC75A1	0.044675
SLC7A1	0.048051
SLC7A10	0.060479
SLC7A11	0.061215
SLC7A13	0.047415
SLC7A14	0.044455
SLC7A2	0.049486
SLC7A3	0.049407
SLC7A4	0.050374
SLC7A5	0.052827
SLC7A6	0.072416
SLC7A6OS	0.044584
SLC7A7	0.039096
SLC7A8	0.049156
SLC7A9	0.049123
SLC8A1	0.048216
SLC8A2	0.045832
SLC8A3	0.047930
SLC8B1	0.046799
SLC9A1	0.048811
SLC9A2	0.048715
SLC9A3	0.064253
SLC9A4	0.051212
SLC9A5	0.044154
SLC9A6	0.049526
SLC9A7	0.048708
SLC9A8	0.044142
SLC9A9	0.051089
SLC9B1	0.048868
SLC9B2	0.048198
SLC9C1	0.046159
SLC9C2	0.049623
SLC9D1	0.048818
SLCO1A2	0.052821
SLCO1B1	0.054096
SLCO1B3	0.049428
SLCO1C1	0.046802
SLCO2A1	0.038770
SLCO2B1	0.048224
SLCO3A1	0.044067
SLCO4A1	0.051367
SLCO4C1	0.056954
SLCO5A1	0.054344
SLCO6A1	0.053259
SLF1	0.036607
SLF2	0.048324
SLFN11	0.044009
SLFN12	0.048953
SLFN13	0.048845
SLFN5	0.053162
SLFNL1	0.034425
SLIRP	0.051259
SLIT1	0.074545
SLIT2	0.045628
SLIT3	0.055285
SLITRK1	0.049048
SLITRK2	0.033916
SLITRK3	0.049632
SLITRK4	0.049778
SLITRK5	0.047621
SLITRK6	0.071330
SLK	0.063797
SLMAP	0.092699
SLN	0.040621
SLPI	0.038838
SLTM	0.051737
SLU7	0.947925
SLURP1	0.101908
SLX1A	0.059713
SLX1B	0.101345
SLX4	0.064978
SLX4IP	0.046455
SLX9	0.053653
SMAD1	0.050388
SMAD2	0.054321
SMAD3	0.944739
SMAD4	0.052024
SMAD5	0.046903
SMAD6	0.049185
SMAD7	0.042862
SMAD9	0.045907
SMAGP	0.051753
SMAP1	0.048529
SMAP2	0.056598
SMARCA1	0.074503
SMARCA2	0.047228
SMARCA4	0.120037
SMARCA5	0.048023
SMARCAD1	0.050672
SMARCAL1	0.047603
SMARCB1	0.116389
SMARCC1	0.079681
SMARCC2	0.045779
SMARCD1	0.045901
SMARCD2	0.051317
SMARCD3	0.044051
SMARCE1	0.055610
SMC1A	0.050086
SMC1B	0.045928
SMC2	0.089741
SMC3	0.050796
SMC4	0.112879
SMC5	0.047038
SMC6	0.048995
SMCO1	0.044731
SMCO3	0.050362
SMCO4	0.047554
SMCP	0.277515
SMCR8	0.054586
SMDT1	0.048410
SMG1	0.068669
SMG5	0.048326
SMG6	0.048236
SMG7	0.035018
SMG8	0.160421
SMG9	0.040355
SMIM11	0.048430
SMIM12	0.046857
SMIM13	0.046407
SMIM14	0.048888
SMIM15	0.050138
SMIM19	0.048329
SMIM21	0.054439
SMIM29	0.963233
SMIM3	0.046077
SMIM43	0.054023
SMIM7	0.045788
SMIM8	0.033570
SMN1	0.045808
SMN2	0.047158
SMNDC1	0.096329
SMO	0.044157
SMOC1	0.053862
SMOC2	0.035637
SMOX	0.039688
SMPD1	0.058503
SMPD2	0.055207
SMPD3	0.035951
SMPD4	0.098514
SMPDL3A	0.053530
SMPDL3B	0.050708
SMPX	0.048927
SMR3B	0.061607
SMS	0.048551
SMTN	0.045829
SMTNL2	0.072327
SMU1	0.159386
SMUG1	0.070071
SMURF1	0.058851
SMURF2	0.047504
SMYD1	0.051447
SMYD2	0.043735
SMYD3	0.923558
SMYD4	0.047576
SMYD5	0.048642
SNAI1	0.060991
SNAI2	0.051124
SNAI3	0.050139
SNAP23	0.050566
SNAP25	0.045079
SNAP29	0.052859
SNAP47	0.044578
SNAP91	0.046107
SNAPC1	0.050541
SNAPC2	0.046828
SNAPC3	0.049346
SNAPC4	0.048428
SNAPC5	0.039349
SNAPIN	0.056771
SNCA	0.034326
SNCAIP	0.044885
SNCB	0.033498
SNCG	0.049766
SND1	0.033029
SNED1	0.049607
SNF8	0.045541
SNIP1	0.087725
SNN	0.054815
SNPH	0.931977
SNRK	0.045493
SNRNP200	0.928552
SNRNP25	0.051590
SNRNP27	0.041467
SNRNP35	0.048233
SNRNP40	0.061720
SNRNP48	0.049489
SNRNP70	0.044251
SNRPA	0.056054
SNRPA1	0.934327
SNRPB	0.936810
SNRPB2	0.053541
SNRPC	0.148176
SNRPD1	0.530375
SNRPD2	0.926651
SNRPD3	0.922545
SNRPE	0.054848
SNRPF	0.949537
SNRPG	0.054363
SNRPN	0.048664
SNTA1	0.051371
SNTB1	0.050811
SNTB2	0.056079
SNTG1	0.046197
SNTG2	0.046869
SNTN	0.045782
SNU13	0.916013
SNUPN	0.044535
SNURF	0.046091
SNW1	0.042567
SNX1	0.050458
SNX10	0.049054
SNX11	0.050818
SNX12	0.045301
SNX13	0.050539
SNX14	0.040115
SNX15	0.049329
SNX16	0.039785
SNX17	0.059239
SNX18	0.390887
SNX19	0.036850
SNX2	0.049024
SNX20	0.047230
SNX21	0.049506
SNX22	0.107045
SNX24	0.048140
SNX25	0.040940
SNX27	0.037673
SNX29	0.049076
SNX3	0.047853
SNX31	0.045819
SNX32	0.053505
SNX33	0.049161
SNX4	0.074267
SNX5	0.047981
SNX6	0.098519
SNX7	0.053196
SNX8	0.036196
SNX9	0.058241
SOAT1	0.065797
SOAT2	0.943570
SOBP	0.053574
SOCS1	0.047634
SOCS2	0.149105
SOCS3	0.039220
SOCS4	0.048183
SOCS5	0.042104
SOCS6	0.049991
SOCS7	0.043721
SOD1	0.072320
SOD2	0.079870
SOHLH1	0.048146
SOHLH2	0.044580
SON	0.911207
SORBS1	0.048638
SORBS2	0.039746
SORBS3	0.065188
SORCS1	0.047714
SORCS2	0.129466
SORCS3	0.048249
SORD	0.053153
SORL1	0.087384
SORT1	0.043326
SOS1	0.052214
SOS2	0.049693
SOST	0.045762
SOSTDC1	0.054802
SOWAHA	0.047653
SOWAHB	0.039695
SOWAHC	0.049570
SOX10	0.048830
SOX11	0.049857
SOX12	0.049670
SOX13	0.045757
SOX14	0.042484
SOX15	0.046994
SOX17	0.048668
SOX18	0.042272
SOX2	0.109818
SOX21	0.044302
SOX3	0.050038
SOX30	0.050116
SOX4	0.049050
SOX5	0.055210
SOX6	0.052049
SOX7	0.048876
SOX8	0.060383
SOX9	0.057043
SP1	0.119667
SP100	0.049771
SP110	0.048978
SP140	0.040494
SP140L	0.047690
SP2	0.047570
SP3	0.041875
SP4	0.051257
SP5	0.034078
SP6	0.049645
SP7	0.046355
SP8	0.047968
SPA17	0.046577
SPACA1	0.033250
SPACA3	0.048504
SPACA4	0.048684
SPACA5	0.055252
SPACA5B	0.052507
SPACA7	0.041927
SPACA9	0.045021
SPACDR	0.062154
SPAG1	0.051669
SPAG11A	0.244541
SPAG16	0.072380
SPAG17	0.039788
SPAG4	0.045668
SPAG5	0.073696
SPAG6	0.043114
SPAG7	0.038851
SPAG8	0.050937
SPAG9	0.049191
SPAM1	0.214801
SPANXA1	0.070050
SPANXA2	0.071304
SPANXB1	0.044392
SPANXC	0.074490
SPANXN1	0.036737
SPANXN2	0.047294
SPANXN3	0.048209
SPANXN4	0.051464
SPANXN5	0.047546
SPARC	0.088935
SPARCL1	0.047620
SPART	0.050908
SPAST	0.048466
SPATA1	0.047273
SPATA12	0.046615
SPATA13	0.047113
SPATA16	0.041541
SPATA17	0.048607
SPATA18	0.056369
SPATA19	0.048484
SPATA2	0.127736
SPATA20	0.054181
SPATA21	0.046473
SPATA22	0.048478
SPATA25	0.067943
SPATA2L	0.051909
SPATA31A1	0.055945
SPATA31A3	0.050660
SPATA31A7	0.048601
SPATA31D1	0.050489
SPATA31E1	0.072197
SPATA31G1	0.045167
SPATA31H1	0.070292
SPATA32	0.059555
SPATA33	0.052359
SPATA4	0.048010
SPATA45	0.051038
SPATA46	0.047220
SPATA6	0.052917
SPATA6L	0.051848
SPATA7	0.048168
SPATA9	0.057057
SPATC1	0.047794
SPATC1L	0.048634
SPATS1	0.042907
SPATS2	0.050715
SPATS2L	0.049335
SPC24	0.057517
SPC25	0.943928
SPCS1	0.050839
SPCS2	0.052283
SPCS3	0.055301
SPDEF	0.051275
SPDL1	0.071096
SPDYA	0.048385
SPDYC	0.048556
SPDYE2	0.043940
SPDYE3	0.035282
SPECC1	0.039467
SPECC1L	0.047466
SPEF1	0.058335
SPEF2	0.140113
SPEG	0.043618
SPEM1	0.040616
SPEM2	0.063857
SPEN	0.056065
SPESP1	0.050404
SPG11	0.045221
SPG21	0.057282
SPG7	0.053414
SPHK1	0.048837
SPHK2	0.077182
SPHKAP	0.062648
SPI1	0.048371
SPIB	0.045699
SPIC	0.050265
SPICE1	0.047682
SPIDR	0.052739
SPIN1	0.098648
SPIN2A	0.046593
SPIN2B	0.037339
SPIN3	0.946993
SPIN4	0.044703
SPINDOC	0.042061
SPINK1	0.049555
SPINK13	0.051268
SPINK14	0.052629
SPINK2	0.049050
SPINK4	0.049118
SPINK5	0.065974
SPINK6	0.046595
SPINK7	0.047523
SPINK8	0.048538
SPINK9	0.051455
SPINT1	0.049842
SPINT2	0.038964
SPINT3	0.048582
SPINT4	0.052487
SPIRE1	0.048225
SPIRE2	0.807649
SPMAP1	0.038259
SPMAP2	0.050107
SPMIP10	0.046677
SPMIP2	0.047505
SPMIP3	0.048149
SPMIP4	0.049638
SPMIP5	0.047061
SPMIP6	0.044637
SPMIP8	0.089457
SPMIP9	0.051122
SPN	0.048413
SPNS1	0.049088
SPNS2	0.037031
SPNS3	0.073203
SPO11	0.044601
SPOCD1	0.033508
SPOCK1	0.071841
SPOCK3	0.048157
SPON1	0.048635
SPON2	0.047760
SPOP	0.053995
SPOPL	0.048423
SPOUT1	0.045257
SPP1	0.051045
SPP2	0.039836
SPPL2A	0.049191
SPPL2B	0.045534
SPPL2C	0.050005
SPPL3	0.061782
SPR	0.047051
SPRED1	0.047186
SPRED2	0.034112
SPRED3	0.042030
SPRING1	0.049617
SPRN	0.047663
SPRR1A	0.059534
SPRR1B	0.053141
SPRR2B	0.048035
SPRR2E	0.046612
SPRR2G	0.047684
SPRR3	0.038664
SPRR4	0.045913
SPRTN	0.048153
SPRY1	0.048296
SPRY2	0.049724
SPRY3	0.049765
SPRY4	0.044145
SPRYD3	0.047661
SPRYD4	0.046170
SPRYD7	0.051616
SPSB1	0.044011
SPSB2	0.047494
SPSB3	0.064140
SPSB4	0.072534
SPTA1	0.048989
SPTAN1	0.048562
SPTB	0.050867
SPTBN1	0.063957
SPTBN2	0.047607
SPTBN4	0.048013
SPTBN5	0.051553
SPTLC1	0.048073
SPTLC2	0.033393
SPTLC3	0.042934
SPTSSA	0.050412
SPTSSB	0.047305
SPTY2D1	0.045284
SPX	0.049560
SPZ1	0.039384
SQLE	0.049335
SQOR	0.091784
SQSTM1	0.047063
SRA1	0.036481
SRARP	0.063649
SRBD1	0.052853
SRC	0.060108
SRCAP	0.049648
SRCIN1	0.047969
SRD5A1	0.076953
SRD5A2	0.045150
SRD5A3	0.047260
SREBF1	0.130914
SREBF2	0.046627
SREK1	0.051190
SREK1IP1	0.048514
SRF	0.054688
SRFBP1	0.065191
SRGAP1	0.052062
SRGAP2	0.047034
SRGAP3	0.049519
SRGN	0.066605
SRI	0.048106
SRM	0.033322
SRMS	0.081367
SRP14	0.051819
SRP19	0.058081
SRP54	0.096378
SRP68	0.918848
SRP72	0.064819
SRPK1	0.045319
SRPK2	0.047650
SRPK3	0.049093
SRPRA	0.049265
SRPRB	0.053290
SRPX	0.044618
SRPX2	0.087662
SRR	0.051296
SRRD	0.052476
SRRM1	0.047746
SRRM2	0.051311
SRRM3	0.045737
SRRM4	0.046858
SRRT	0.046724
SRSF1	0.075236
SRSF10	0.056128
SRSF11	0.058606
SRSF12	0.049309
SRSF2	0.136966
SRSF3	0.936526
SRSF4	0.050296
SRSF5	0.048866
SRSF6	0.053792
SRSF7	0.098292
SRSF8	0.047984
SRSF9	0.046983
SRXN1	0.044751
SRY	0.052010
SS18	0.042798
SS18L1	0.030761
SS18L2	0.052613
SSB	0.053042
SSBP2	0.059144
SSBP3	0.045315
SSBP4	0.044894
SSC4D	0.053719
SSH1	0.041291
SSH2	0.043453
SSH3	0.050257
SSMEM1	0.049596
SSNA1	0.053867
SSPN	0.057236
SSR1	0.054720
SSR2	0.047913
SSR3	0.049380
SSR4	0.045595
SSRP1	0.044816
SST	0.048781
SSTR1	0.043606
SSTR2	0.094976
SSTR3	0.055576
SSTR4	0.053161
SSTR5	0.421946
SSU72	0.052571
SSUH2	0.044696
SSX1	0.051275
SSX2IP	0.050921
SSX4	0.055180
SSX4B	0.064552
SSX5	0.051222
ST13	0.047839
ST14	0.044878
ST18	0.054463
ST3GAL1	0.083038
ST3GAL2	0.049896
ST3GAL3	0.047070
ST3GAL4	0.051040
ST3GAL5	0.047129
ST3GAL6	0.051769
ST6GAL1	0.044969
ST6GAL2	0.047243
ST6GALNAC1	0.049507
ST6GALNAC2	0.061844
ST6GALNAC3	0.042102
ST6GALNAC4	0.047481
ST6GALNAC5	0.051711
ST6GALNAC6	0.070011
ST7	0.061189
ST7L	0.057761
ST8SIA1	0.038241
ST8SIA2	0.068620
ST8SIA3	0.080143
ST8SIA4	0.047462
ST8SIA5	0.051596
ST8SIA6	0.065705
STAB1	0.047512
STAB2	0.069320
STAC	0.041058
STAC2	0.086147
STAC3	0.038283
STAG1	0.045113
STAG2	0.042749
STAG3	0.048241
STAM	0.058927
STAM2	0.046120
STAMBP	0.050548
STAMBPL1	0.049212
STAP1	0.051283
STAP2	0.047899
STAR	0.071180
STARD10	0.038874
STARD13	0.066410
STARD3	0.091058
STARD3NL	0.046900
STARD4	0.047314
STARD5	0.043535
STARD6	0.047976
STARD7	0.054995
STARD8	0.042572
STAT1	0.044308
STAT2	0.034515
STAT3	0.047433
STAT4	0.058121
STAT5A	0.048001
STAT5B	0.047884
STAT6	0.046110
STATH	0.047255
STAU1	0.076183
STAU2	0.050214
STBD1	0.044914
STC1	0.047061
STC2	0.049619
STEAP1	0.042851
STEAP2	0.045133
STEAP3	0.117878
STEAP4	0.048491
STEEP1	0.049485
STH	0.092237
STIL	0.045858
STIM1	0.049270
STIM2	0.046593
STIMATE	0.037923
STING1	0.042218
STIP1	0.048558
STK10	0.046855
STK11	0.046596
STK11IP	0.946764
STK16	0.115595
STK17A	0.048247
STK17B	0.037540
STK24	0.049267
STK25	0.043504
STK26	0.046651
STK3	0.062178
STK31	0.047901
STK32A	0.045296
STK32B	0.043591
STK32C	0.051493
STK33	0.044044
STK35	0.049630
STK36	0.050133
STK38	0.101270
STK38L	0.040648
STK39	0.039010
STK4	0.045932
STK40	0.048241
STKLD1	0.039844
STMN1	0.054640
STMN2	0.048165
STMN3	0.082826
STMN4	0.051296
STN1	0.033372
STOM	0.044196
STOML1	0.064886
STOML2	0.048772
STOML3	0.039787
STON1	0.045827
STON2	0.071211
STOX1	0.050337
STOX2	0.046762
STPG1	0.042698
STPG2	0.049221
STPG3	0.045335
STPG4	0.046893
STRA6	0.136385
STRA8	0.053783
STRADA	0.038774
STRADB	0.050837
STRAP	0.043857
STRBP	0.048977
STRC	0.039446
STRIP1	0.053866
STRIP2	0.042452
STRN	0.050041
STRN3	0.046416
STRN4	0.046235
STS	0.155440
STT3A	0.041167
STT3B	0.048944
STUB1	0.045784
STUM	0.064866
STX10	0.040930
STX11	0.051529
STX12	0.046098
STX16	0.042586
STX17	0.050692
STX18	0.053098
STX19	0.052281
STX1A	0.136686
STX1B	0.047632
STX2	0.089229
STX3	0.048039
STX4	0.096772
STX5	0.045176
STX6	0.043946
STX7	0.055334
STX8	0.050205
STXBP1	0.043181
STXBP2	0.048373
STXBP3	0.037149
STXBP4	0.036402
STXBP5	0.045434
STXBP6	0.048505
STYK1	0.048721
STYX	0.048714
STYXL1	0.042998
STYXL2	0.057312
SUB1	0.050125
SUCLA2	0.069963
SUCLG1	0.044984
SUCLG2	0.050354
SUCNR1	0.055600
SUCO	0.057625
SUDS3	0.053989
SUFU	0.045295
SUGCT	0.050543
SUGP1	0.058531
SUGP2	0.044177
SUGT1	0.045949
SULF1	0.045539
SULF2	0.054234
SULT1A3	0.044745
SULT1A4	0.049712
SULT1B1	0.040890
SULT1C2	0.044687
SULT1C3	0.051458
SULT1C4	0.042438
SULT1E1	0.032907
SULT2A1	0.047225
SULT2B1	0.053148
SULT4A1	0.043003
SULT6B1	0.052883
SUMF1	0.039638
SUMF2	0.048320
SUMO1	0.048373
SUMO2	0.045264
SUMO3	0.053327
SUMO4	0.039761
SUN1	0.044621
SUN2	0.043606
SUN3	0.049718
SUN5	0.037659
SUOX	0.065292
SUPT16H	0.039043
SUPT20H	0.049914
SUPT20HL1	0.042840
SUPT3H	0.048705
SUPT4H1	0.045364
SUPT5H	0.082592
SUPT6H	0.056459
SUPT7L	0.048021
SUPV3L1	0.048807
SURF1	0.045248
SURF2	0.058605
SURF4	0.048210
SURF6	0.052727
SUSD1	0.050521
SUSD2	0.045789
SUSD3	0.046580
SUSD4	0.034969
SUSD6	0.043919
SUV39H1	0.054272
SUV39H2	0.049160
SUZ12	0.048304
SV2A	0.048123
SV2B	0.049535
SV2C	0.035492
SVBP	0.076273
SVEP1	0.048924
SVIL	0.041564
SVOP	0.054723
SVOPL	0.051906
SWAP70	0.049651
SWSAP1	0.043279
SWT1	0.048129
SYAP1	0.034874
SYBU	0.050904
SYCE1	0.041640
SYCE1L	0.059352
SYCN	0.054190
SYCP1	0.044734
SYCP2	0.042879
SYCP2L	0.052072
SYCP3	0.063375
SYDE1	0.053636
SYF2	0.043336
SYK	0.043704
SYMPK	0.047687
SYN1	0.053824
SYN3	0.093652
SYNC	0.048688
SYNCRIP	0.056360
SYNDIG1	0.053039
SYNE1	0.051781
SYNE2	0.053408
SYNE3	0.050619
SYNE4	0.050561
SYNGAP1	0.052289
SYNGR1	0.051078
SYNGR2	0.138465
SYNGR3	0.047234
SYNGR4	0.406200
SYNJ1	0.051299
SYNJ2	0.049194
SYNJ2BP	0.044497
SYNM	0.048860
SYNPO	0.046197
SYNPO2	0.045024
SYNPO2L	0.048242
SYNPR	0.048475
SYNRG	0.040283
SYP	0.051773
SYPL1	0.033047
SYPL2	0.079327
SYS1	0.049343
SYT1	0.052544
SYT10	0.047418
SYT11	0.047366
SYT12	0.044455
SYT13	0.045639
SYT14	0.051130
SYT15	0.049782
SYT16	0.040545
SYT17	0.032990
SYT2	0.048537
SYT3	0.246817
SYT4	0.044540
SYT5	0.050112
SYT6	0.054554
SYT7	0.039511
SYT8	0.038924
SYT9	0.050828
SYTL1	0.038909
SYTL2	0.049185
SYTL3	0.038432
SYTL4	0.045401
SYTL5	0.068083
SYVN1	0.107709
SZRD1	0.058625
SZT2	0.062865
TAAR1	0.102116
TAAR2	0.048983
TAAR5	0.048142
TAAR6	0.059727
TAAR8	0.045068
TAAR9	0.098504
TAB1	0.042363
TAB2	0.051792
TAB3	0.053796
TAC1	0.040135
TAC3	0.050498
TAC4	0.041819
TACC1	0.041892
TACC2	0.045405
TACC3	0.050885
TACO1	0.048996
TACR1	0.050597
TACR2	0.044544
TACR3	0.046997
TACSTD2	0.039558
TADA1	0.043820
TADA2A	0.047834
TADA3	0.049479
TAF1	0.058750
TAF10	0.051273
TAF11	0.922772
TAF12	0.043337
TAF13	0.049700
TAF15	0.044251
TAF1A	0.071615
TAF1B	0.045690
TAF1C	0.053239
TAF1D	0.047897
TAF1L	0.049662
TAF2	0.048836
TAF4	0.051793
TAF4B	0.038962
TAF5	0.037451
TAF5L	0.045330
TAF6	0.049490
TAF6L	0.044058
TAF7	0.053475
TAF7L	0.052426
TAF8	0.050807
TAF9B	0.076203
TAFA1	0.046637
TAFA2	0.034965
TAFA3	0.044210
TAFA4	0.050373
TAFA5	0.047831
TAFAZZIN	0.050373
TAGAP	0.046504
TAGLN	0.045106
TAGLN2	0.048761
TAGLN3	0.052639
TAL1	0.260969
TAL2	0.050270
TALDO1	0.047682
TAMALIN	0.047885
TAMM41	0.050321
TANC1	0.044515
TANGO2	0.048022
TANK	0.047347
TAOK1	0.041547
TAOK2	0.046925
TAOK3	0.048881
TAP1	0.055776
TAP2	0.050437
TAPBP	0.050544
TAPBPL	0.046086
TAPT1	0.047392
TARBP1	0.045486
TARBP2	0.040265
TARDBP	0.044130
TARP	0.037312
TARS1	0.146754
TARS2	0.047258
TARS3	0.048400
TAS1R1	0.046090
TAS1R2	0.043734
TAS1R3	0.047546
TAS2R1	0.051859
TAS2R10	0.042633
TAS2R13	0.046560
TAS2R14	0.053001
TAS2R16	0.045994
TAS2R19	0.062024
TAS2R20	0.043754
TAS2R3	0.049055
TAS2R38	0.045335
TAS2R39	0.047882
TAS2R4	0.049274
TAS2R40	0.045976
TAS2R41	0.040146
TAS2R42	0.043556
TAS2R43	0.056656
TAS2R45	0.043009
TAS2R46	0.038168
TAS2R5	0.045952
TAS2R50	0.095638
TAS2R60	0.049306
TAS2R7	0.034835
TAS2R8	0.044777
TAS2R9	0.049259
TASL	0.046689
TASOR	0.050158
TASP1	0.048796
TAT	0.053896
TATDN1	0.051619
TATDN2	0.053017
TATDN3	0.049159
TAX1BP1	0.050643
TAX1BP3	0.046082
TBATA	0.048797
TBC1D1	0.048023
TBC1D10A	0.041823
TBC1D10B	0.055099
TBC1D10C	0.091673
TBC1D13	0.034288
TBC1D14	0.049167
TBC1D15	0.051132
TBC1D16	0.170081
TBC1D17	0.048202
TBC1D19	0.044944
TBC1D2	0.053995
TBC1D20	0.046722
TBC1D21	0.044810
TBC1D22A	0.050315
TBC1D22B	0.046766
TBC1D23	0.047385
TBC1D24	0.057443
TBC1D25	0.049649
TBC1D26	0.045437
TBC1D28	0.045640
TBC1D2B	0.048849
TBC1D31	0.048511
TBC1D32	0.045107
TBC1D3B	0.034738
TBC1D3C	0.048275
TBC1D3F	0.044622
TBC1D3G	0.049531
TBC1D4	0.059435
TBC1D5	0.043392
TBC1D7	0.049557
TBC1D8	0.044465
TBC1D8B	0.046259
TBC1D9	0.051344
TBC1D9B	0.033705
TBCA	0.057322
TBCB	0.042895
TBCC	0.047221
TBCCD1	0.039210
TBCD	0.044500
TBCE	0.043154
TBCEL	0.048346
TBCK	0.051009
TBK1	0.052582
TBKBP1	0.045997
TBL1X	0.045932
TBL1XR1	0.045689
TBL1Y	0.045386
TBL2	0.053126
TBL3	0.066190
TBP	0.049025
TBPL1	0.052996
TBPL2	0.047661
TBR1	0.049239
TBRG1	0.052269
TBRG4	0.050661
TBX1	0.049280
TBX10	0.052509
TBX15	0.039407
TBX18	0.049130
TBX19	0.050531
TBX2	0.050116
TBX20	0.059530
TBX21	0.047194
TBX22	0.048603
TBX3	0.050754
TBX4	0.039684
TBX5	0.047267
TBX6	0.090018
TBXA2R	0.054541
TBXAS1	0.049013
TBXT	0.048787
TC2N	0.050582
TCAF1	0.103912
TCAF2	0.047959
TCAP	0.046645
TCEA1	0.045877
TCEA2	0.051768
TCEA3	0.063240
TCEAL1	0.044705
TCEAL2	0.055345
TCEAL3	0.048144
TCEAL4	0.051361
TCEAL5	0.049931
TCEAL6	0.056632
TCEAL7	0.048474
TCEAL8	0.054642
TCEAL9	0.047710
TCEANC2	0.045931
TCERG1	0.035177
TCERG1L	0.038373
TCF12	0.051397
TCF15	0.048847
TCF19	0.048664
TCF20	0.046000
TCF21	0.073637
TCF23	0.053071
TCF25	0.048710
TCF3	0.050423
TCF4	0.057204
TCF7	0.077821
TCF7L1	0.048107
TCF7L2	0.045548
TCFL5	0.072812
TCHHL1	0.053186
TCHP	0.046223
TCIM	0.044989
TCIRG1	0.055736
TCL1A	0.042840
TCL1B	0.046455
TCN1	0.048352
TCN2	0.049247
TCOF1	0.045732
TCP1	0.966638
TCP10L	0.032218
TCP11	0.065883
TCP11L1	0.048919
TCP11L2	0.057822
TCTA	0.046720
TCTN1	0.044985
TCTN2	0.045267
TCTN3	0.046789
TDG	0.045379
TDO2	0.048619
TDP1	0.048434
TDP2	0.048170
TDRD1	0.049145
TDRD10	0.038931
TDRD12	0.039932
TDRD3	0.049886
TDRD5	0.049369
TDRD6	0.044474
TDRD7	0.049184
TDRD9	0.048552
TDRKH	0.036019
TDRP	0.053147
TEAD1	0.210680
TEAD2	0.067178
TEAD3	0.061530
TEAD4	0.039865
TEC	0.036408
TECPR1	0.053794
TECPR2	0.049660
TECR	0.121600
TECRL	0.073465
TECTA	0.041789
TECTB	0.053636
TEDC1	0.048468
TEDC2	0.052877
TEDDM1	0.136089
TEF	0.038689
TEFM	0.049295
TEK	0.044822
TEKT1	0.045007
TEKT3	0.048809
TEKT4	0.043654
TEKT5	0.059997
TEKTIP1	0.047953
TEKTL1	0.045390
TELO2	0.051956
TEN1	0.066592
TENM1	0.053517
TENM2	0.050889
TENM3	0.047007
TENT2	0.046589
TENT4A	0.048118
TENT4B	0.051187
TENT5A	0.143815
TENT5B	0.046057
TENT5C	0.045241
TENT5D	0.036925
TEP1	0.150553
TEPSIN	0.040713
TERB2	0.051150
TERF1	0.068003
TERF2	0.048872
TERF2IP	0.054829
TERT	0.054112
TES	0.311699
TESC	0.048926
TESK1	0.084765
TESK2	0.051079
TESMIN	0.049419
TET1	0.049639
TET2	0.048698
TEX10	0.049521
TEX101	0.050659
TEX11	0.053246
TEX12	0.039489
TEX13A	0.044820
TEX13B	0.045008
TEX14	0.044702
TEX15	0.049125
TEX19	0.059749
TEX2	0.048091
TEX26	0.048315
TEX261	0.036999
TEX264	0.082880
TEX28	0.085473
TEX29	0.046089
TEX30	0.044232
TEX35	0.050546
TEX44	0.046194
TEX47	0.056312
TEX55	0.045729
TEX9	0.034715
TF	0.051540
TFAM	0.050312
TFAP2A	0.035671
TFAP2B	0.046360
TFAP2C	0.045196
TFAP2D	0.083169
TFAP2E	0.035975
TFAP4	0.116879
TFB1M	0.047791
TFB2M	0.056190
TFCP2	0.044309
TFCP2L1	0.050225
TFDP1	0.080513
TFDP2	0.070470
TFDP3	0.059636
TFE3	0.051157
TFEB	0.051752
TFEC	0.036016
TFF1	0.047185
TFF2	0.044736
TFF3	0.043796
TFG	0.080205
TFIP11	0.063631
TFPI	0.042557
TFPI2	0.048984
TFPT	0.038842
TFR2	0.034231
TFRC	0.038360
TG	0.077846
TGDS	0.049907
TGFA	0.057590
TGFB1	0.046762
TGFB1I1	0.033071
TGFB2	0.045173
TGFB3	0.047799
TGFBI	0.088764
TGFBR1	0.048175
TGFBR2	0.048616
TGFBR3	0.053155
TGFBRAP1	0.066994
TGIF1	0.100534
TGIF2	0.043960
TGIF2LX	0.062269
TGIF2LY	0.048272
TGM1	0.045970
TGM2	0.052948
TGM3	0.055701
TGM4	0.049667
TGM5	0.045697
TGM6	0.085542
TGM7	0.318448
TGOLN2	0.048491
TGS1	0.054161
TH	0.053144
THADA	0.053222
THAP1	0.050873
THAP10	0.035367
THAP11	0.056340
THAP12	0.048546
THAP2	0.047750
THAP3	0.049576
THAP4	0.064353
THAP5	0.032714
THAP6	0.041096
THAP7	0.047387
THAP8	0.047592
THAP9	0.050794
THBD	0.049265
THBS1	0.053665
THBS2	0.048248
THBS3	0.097760
THBS4	0.058729
THEM4	0.048364
THEM5	0.054098
THEM6	0.198572
THEMIS	0.048862
THEMIS2	0.048382
THG1L	0.052911
THNSL1	0.051913
THNSL2	0.048740
THOC1	0.055775
THOC2	0.091958
THOC3	0.044279
THOC5	0.058573
THOC6	0.076084
THOC7	0.048172
THOP1	0.050493
THPO	0.057104
THRA	0.056062
THRAP3	0.043081
THRB	0.048235
THRSP	0.061080
THSD1	0.042528
THSD4	0.048371
THSD7B	0.054189
THTPA	0.046392
THUMPD1	0.046833
THUMPD2	0.050337
THUMPD3	0.050338
THY1	0.053948
THYN1	0.045917
TIA1	0.050437
TIAL1	0.048758
TIAM1	0.047733
TIAM2	0.043324
TICAM1	0.050747
TICAM2	0.033738
TICRR	0.048988
TIE1	0.044869
TIFA	0.037895
TIGAR	0.043714
TIGD1	0.147130
TIGD2	0.046044
TIGD3	0.099452
TIGD4	0.052906
TIGD5	0.049500
TIGD6	0.049062
TIGD7	0.049699
TIGIT	0.058805
TIMD4	0.047750
TIMELESS	0.047006
TIMM10	0.035065
TIMM10B	0.063949
TIMM13	0.047515
TIMM17A	0.078395
TIMM17B	0.054892
TIMM21	0.051071
TIMM22	0.040088
TIMM23B	0.092127
TIMM29	0.099191
TIMM44	0.081878
TIMM50	0.054338
TIMM8A	0.263994
TIMM8B	0.044510
TIMM9	0.044542
TIMMDC1	0.074332
TIMP1	0.049126
TIMP2	0.048041
TIMP3	0.083611
TIMP4	0.040036
TINAG	0.040515
TINAGL1	0.088833
TINF2	0.047643
TIPARP	0.048169
TIPIN	0.056615
TIPRL	0.049889
TIRAP	0.050015
TJAP1	0.037729
TJP1	0.039997
TJP2	0.049380
TJP3	0.053445
TK1	0.031744
TK2	0.039892
TKFC	0.040595
TKT	0.038480
TKTL1	0.045232
TKTL2	0.065471
TLCD1	0.048365
TLCD3A	0.048581
TLCD3B	0.046262
TLCD4	0.043153
TLCD5	0.049145
TLDC2	0.066870
TLE1	0.066497
TLE2	0.046801
TLE3	0.046587
TLE4	0.045731
TLE5	0.044728
TLE6	0.076480
TLK1	0.043300
TLK2	0.039909
TLL1	0.042191
TLL2	0.049892
TLN1	0.055312
TLN2	0.048807
TLNRD1	0.041872
TLR1	0.050111
TLR10	0.050854
TLR2	0.046782
TLR3	0.045487
TLR4	0.047803
TLR5	0.052552
TLR6	0.048313
TLR7	0.042333
TLR8	0.049819
TLR9	0.149919
TLX1	0.062878
TLX2	0.056037
TLX3	0.060560
TM2D1	0.044117
TM2D2	0.053853
TM2D3	0.049181
TM4SF1	0.049770
TM4SF18	0.066917
TM4SF19	0.114471
TM4SF20	0.046558
TM4SF4	0.044881
TM4SF5	0.048514
TM6SF1	0.048583
TM6SF2	0.049250
TM7SF2	0.056902
TM7SF3	0.051542
TM9SF1	0.038975
TM9SF2	0.943016
TM9SF3	0.057736
TM9SF4	0.048101
TMA16	0.048182
TMA7	0.063207
TMBIM1	0.048268
TMBIM4	0.075416
TMBIM6	0.045528
TMC1	0.059843
TMC2	0.050546
TMC3	0.033854
TMC4	0.046953
TMC5	0.044166
TMC6	0.049173
TMC7	0.044338
TMC8	0.326938
TMCC1	0.091222
TMCC2	0.054998
TMCC3	0.032628
TMCO1	0.054390
TMCO2	0.047960
TMCO4	0.032007
TMCO5A	0.044359
TMCO6	0.048986
TMED1	0.039050
TMED10	0.108865
TMED2	0.083275
TMED3	0.054267
TMED4	0.048714
TMED5	0.046494
TMED6	0.049103
TMED7	0.053079
TMED8	0.048238
TMED9	0.052312
TMEFF1	0.045743
TMEFF2	0.048017
TMEM100	0.039245
TMEM101	0.052924
TMEM102	0.053875
TMEM106A	0.041592
TMEM106B	0.045456
TMEM106C	0.048038
TMEM107	0.047232
TMEM108	0.055272
TMEM109	0.167139
TMEM11	0.050167
TMEM115	0.053891
TMEM116	0.048731
TMEM117	0.048147
TMEM119	0.043998
TMEM120A	0.045816
TMEM120B	0.048885
TMEM121	0.049182
TMEM121B	0.045936
TMEM123	0.047931
TMEM125	0.048034
TMEM126A	0.055030
TMEM126B	0.056656
TMEM127	0.046740
TMEM128	0.046266
TMEM129	0.052243
TMEM130	0.042117
TMEM131L	0.058346
TMEM132A	0.043738
TMEM132B	0.048059
TMEM132D	0.043148
TMEM132E	0.048574
TMEM134	0.053952
TMEM135	0.046746
TMEM138	0.034395
TMEM139	0.039243
TMEM140	0.045353
TMEM141	0.056786
TMEM143	0.048458
TMEM144	0.049033
TMEM145	0.049378
TMEM147	0.063194
TMEM14A	0.036401
TMEM14B	0.040713
TMEM14C	0.044716
TMEM150A	0.032681
TMEM150C	0.044534
TMEM151A	0.034962
TMEM151B	0.035657
TMEM154	0.046251
TMEM156	0.053361
TMEM158	0.047946
TMEM160	0.048068
TMEM161A	0.046936
TMEM161B	0.419430
TMEM163	0.051968
TMEM164	0.049550
TMEM165	0.051195
TMEM167A	0.046831
TMEM167B	0.046315
TMEM168	0.041998
TMEM169	0.048657
TMEM17	0.046898
TMEM170A	0.049183
TMEM171	0.049315
TMEM174	0.054329
TMEM175	0.047205
TMEM176A	0.050416
TMEM176B	0.087988
TMEM177	0.068646
TMEM178A	0.050373
TMEM179	0.060473
TMEM179B	0.035327
TMEM18	0.048244
TMEM182	0.045899
TMEM183A	0.050181
TMEM184A	0.041548
TMEM184B	0.050754
TMEM184C	0.039921
TMEM185A	0.044647
TMEM186	0.041441
TMEM187	0.058180
TMEM19	0.049701
TMEM190	0.045774
TMEM192	0.090634
TMEM196	0.055044
TMEM198	0.045979
TMEM200A	0.045805
TMEM200B	0.046159
TMEM200C	0.050041
TMEM201	0.064188
TMEM202	0.049750
TMEM203	0.050108
TMEM204	0.048631
TMEM205	0.053778
TMEM207	0.056442
TMEM208	0.046738
TMEM209	0.047250
TMEM213	0.049188
TMEM214	0.038048
TMEM215	0.050710
TMEM216	0.049312
TMEM217	0.047954
TMEM218	0.044275
TMEM219	0.040764
TMEM220	0.048658
TMEM222	0.046823
TMEM223	0.062085
TMEM225	0.052483
TMEM229B	0.049849
TMEM230	0.051393
TMEM231	0.049213
TMEM232	0.046637
TMEM234	0.047820
TMEM236	0.033042
TMEM237	0.057399
TMEM242	0.079493
TMEM243	0.033157
TMEM244	0.046109
TMEM245	0.048352
TMEM248	0.065743
TMEM25	0.048369
TMEM252	0.053306
TMEM254	0.041466
TMEM255A	0.034628
TMEM255B	0.049422
TMEM256	0.037250
TMEM258	0.045211
TMEM259	0.044769
TMEM26	0.036833
TMEM260	0.048691
TMEM263	0.047014
TMEM266	0.049099
TMEM267	0.044813
TMEM268	0.073638
TMEM270	0.070835
TMEM30A	0.048774
TMEM30B	0.043446
TMEM31	0.059257
TMEM33	0.046553
TMEM35A	0.046301
TMEM37	0.046988
TMEM38A	0.047590
TMEM38B	0.036309
TMEM39A	0.044202
TMEM39B	0.048768
TMEM40	0.044425
TMEM41A	0.043663
TMEM41B	0.048765
TMEM42	0.044740
TMEM43	0.043450
TMEM44	0.047692
TMEM45A	0.050217
TMEM45B	0.045900
TMEM47	0.042271
TMEM50A	0.048126
TMEM50B	0.043586
TMEM51	0.051270
TMEM52	0.048347
TMEM52B	0.041877
TMEM53	0.055022
TMEM54	0.115160
TMEM59	0.047125
TMEM59L	0.049850
TMEM60	0.049746
TMEM61	0.053334
TMEM62	0.046497
TMEM63A	0.065105
TMEM63B	0.047400
TMEM63C	0.049814
TMEM64	0.046167
TMEM65	0.048128
TMEM67	0.049283
TMEM68	0.048304
TMEM69	0.036209
TMEM70	0.052660
TMEM71	0.050854
TMEM74	0.048746
TMEM74B	0.051672
TMEM79	0.038025
TMEM80	0.057603
TMEM81	0.045014
TMEM82	0.061222
TMEM86A	0.041824
TMEM86B	0.068859
TMEM87A	0.053649
TMEM87B	0.048727
TMEM88	0.051003
TMEM89	0.107011
TMEM8B	0.041405
TMEM9	0.061276
TMEM91	0.036936
TMEM92	0.041663
TMEM94	0.045182
TMEM95	0.047472
TMEM97	0.046864
TMEM98	0.041464
TMEM9B	0.033104
TMF1	0.075812
TMIE	0.067448
TMIGD1	0.046618
TMIGD2	0.049476
TMLHE	0.065566
TMOD1	0.052746
TMOD2	0.048522
TMOD3	0.051420
TMOD4	0.066409
TMPO	0.045400
TMPPE	0.399354
TMPRSS11A	0.045844
TMPRSS11B	0.211552
TMPRSS11D	0.068294
TMPRSS11E	0.033769
TMPRSS11F	0.052910
TMPRSS12	0.049157
TMPRSS13	0.048740
TMPRSS15	0.049861
TMPRSS2	0.048960
TMPRSS3	0.049549
TMPRSS4	0.045040
TMPRSS5	0.046574
TMPRSS6	0.058213
TMPRSS7	0.042225
TMPRSS9	0.963229
TMSB10	0.045345
TMSB15A	0.056052
TMSB4X	0.047114
TMSB4Y	0.149251
TMT1A	0.043767
TMT1B	0.048660
TMTC1	0.042331
TMTC2	0.045279
TMTC3	0.048936
TMTC4	0.048899
TMUB1	0.045229
TMUB2	0.048150
TMX1	0.047224
TMX2	0.071283
TMX3	0.049333
TMX4	0.050447
TNC	0.032964
TNF	0.052506
TNFAIP1	0.045174
TNFAIP2	0.066239
TNFAIP3	0.049235
TNFAIP6	0.047455
TNFAIP8	0.035682
TNFAIP8L1	0.048150
TNFAIP8L2	0.046667
TNFAIP8L3	0.050115
TNFRSF10A	0.054865
TNFRSF10B	0.051317
TNFRSF10C	0.052691
TNFRSF10D	0.053255
TNFRSF11A	0.043313
TNFRSF11B	0.050491
TNFRSF12A	0.082128
TNFRSF13B	0.042998
TNFRSF13C	0.115483
TNFRSF14	0.044209
TNFRSF17	0.054479
TNFRSF19	0.042184
TNFRSF1A	0.050244
TNFRSF1B	0.058619
TNFRSF21	0.048133
TNFRSF25	0.052376
TNFRSF4	0.047695
TNFRSF6B	0.048348
TNFRSF8	0.048209
TNFRSF9	0.045727
TNFSF10	0.057984
TNFSF11	0.048757
TNFSF12	0.050406
TNFSF12-TNFSF13	0.097887
TNFSF13	0.034417
TNFSF13B	0.071728
TNFSF14	0.036420
TNFSF15	0.049591
TNFSF18	0.046129
TNFSF4	0.043192
TNFSF8	0.046904
TNFSF9	0.053413
TNIK	0.045543
TNIP1	0.064209
TNIP2	0.044159
TNIP3	0.142211
TNK1	0.913566
TNK2	0.045131
TNKS	0.049739
TNKS1BP1	0.048120
TNKS2	0.049466
TNMD	0.043384
TNN	0.035628
TNNC1	0.043895
TNNC2	0.049185
TNNI1	0.032654
TNNI2	0.059721
TNNI3	0.129442
TNNI3K	0.061718
TNNT1	0.053222
TNNT2	0.052968
TNNT3	0.050540
TNP1	0.048889
TNP2	0.036453
TNPO1	0.109928
TNPO2	0.046981
TNPO3	0.049732
TNR	0.110943
TNRC18	0.047773
TNRC6A	0.052294
TNRC6B	0.045179
TNRC6C	0.060992
TNS1	0.049840
TNS2	0.048999
TNS3	0.097751
TNS4	0.053959
TNXB	0.089135
TOB1	0.045532
TOB2	0.038402
TOE1	0.051221
TOGARAM1	0.053100
TOGARAM2	0.042323
TOLLIP	0.045286
TOM1	0.056591
TOM1L1	0.049608
TOM1L2	0.046701
TOMM20	0.046194
TOMM20L	0.033727
TOMM22	0.054699
TOMM34	0.044670
TOMM40	0.050357
TOMM40L	0.047896
TOMM6	0.055670
TOMM7	0.046095
TOMM70	0.049086
TONSL	0.058368
TOP1	0.051751
TOP1MT	0.080695
TOP2A	0.074498
TOP2B	0.053106
TOP3A	0.036709
TOP3B	0.034082
TOP6BL	0.038475
TOPBP1	0.049852
TOPORS	0.046924
TOR1A	0.038838
TOR1AIP1	0.049840
TOR1AIP2	0.049023
TOR1B	0.051834
TOR2A	0.074075
TOR3A	0.050425
TOR4A	0.061266
TOX	0.051251
TOX2	0.038503
TOX3	0.049416
TOX4	0.944163
TP53	0.251710
TP53AIP1	0.060393
TP53BP1	0.049522
TP53BP2	0.049777
TP53I11	0.050685
TP53I13	0.048362
TP53I3	0.055785
TP53INP1	0.045931
TP53INP2	0.048967
TP53RK	0.047367
TP53TG3	0.050289
TP53TG5	0.060895
TP63	0.072838
TP73	0.039653
TPBG	0.042954
TPCN1	0.046795
TPCN2	0.283374
TPD52	0.035557
TPD52L1	0.050171
TPD52L2	0.047809
TPD52L3	0.055852
TPGS1	0.051520
TPGS2	0.046689
TPH1	0.043999
TPH2	0.047462
TPI1	0.047318
TPK1	0.054840
TPM1	0.052777
TPM2	0.052368
TPM3	0.047798
TPM4	0.046140
TPMT	0.048094
TPO	0.049936
TPP1	0.058319
TPP2	0.037732
TPPP	0.046895
TPPP2	0.048245
TPPP3	0.045456
TPR	0.049174
TPRA1	0.045274
TPRG1	0.048061
TPRG1L	0.049527
TPRKB	0.041656
TPRN	0.043077
TPRX1	0.041878
TPSAB1	0.046727
TPSD1	0.046046
TPSG1	0.075197
TPST1	0.053798
TPST2	0.043355
TPT1	0.039814
TPTE	0.048573
TPTE2	0.046117
TPX2	0.042605
TRA2A	0.036345
TRA2B	0.057728
TRABD	0.038628
TRADD	0.037340
TRAF1	0.049619
TRAF2	0.051799
TRAF3	0.047737
TRAF3IP1	0.045708
TRAF3IP2	0.037051
TRAF3IP3	0.042140
TRAF4	0.056825
TRAF5	0.051880
TRAF6	0.048791
TRAF7	0.139748
TRAFD1	0.037491
TRAIP	0.051322
TRAK1	0.050586
TRAK2	0.069032
TRAM1	0.036132
TRAM1L1	0.036437
TRAM2	0.042507
TRAP1	0.050497
TRAPPC1	0.057513
TRAPPC10	0.046388
TRAPPC11	0.048860
TRAPPC12	0.060188
TRAPPC13	0.055315
TRAPPC14	0.058088
TRAPPC2	0.049167
TRAPPC2L	0.074242
TRAPPC3	0.069697
TRAPPC4	0.050837
TRAPPC5	0.045185
TRAPPC6A	0.045420
TRAPPC6B	0.063784
TRAPPC8	0.095387
TRAPPC9	0.051391
TRARG1	0.046417
TRAT1	0.048360
TRDMT1	0.046836
TRDN	0.035142
TREH	0.046425
TREM1	0.050910
TREM2	0.078896
TREML1	0.052212
TREML2	0.058052
TREML4	0.031620
TRERF1	0.050037
TRH	0.044986
TRHDE	0.051009
TRHR	0.048976
TRIAP1	0.047618
TRIB1	0.063985
TRIB2	0.050063
TRIB3	0.074110
TRIL	0.048273
TRIM10	0.045460
TRIM11	0.140101
TRIM13	0.040908
TRIM14	0.083787
TRIM15	0.055937
TRIM16	0.055201
TRIM17	0.047941
TRIM2	0.048970
TRIM21	0.044402
TRIM22	0.043420
TRIM23	0.051835
TRIM24	0.051021
TRIM25	0.068741
TRIM26	0.046187
TRIM27	0.049819
TRIM28	0.046443
TRIM29	0.048149
TRIM3	0.048015
TRIM31	0.071478
TRIM32	0.047944
TRIM33	0.047037
TRIM35	0.052303
TRIM37	0.050041
TRIM38	0.036127
TRIM39	0.046394
TRIM4	0.053721
TRIM40	0.056642
TRIM41	0.046442
TRIM42	0.050375
TRIM43	0.057112
TRIM43B	0.049261
TRIM44	0.050242
TRIM45	0.044697
TRIM46	0.046113
TRIM47	0.046736
TRIM48	0.109036
TRIM49	0.049142
TRIM49B	0.044508
TRIM49C	0.046362
TRIM5	0.049710
TRIM50	0.049724
TRIM51	0.040807
TRIM51G	0.046005
TRIM52	0.045115
TRIM54	0.067459
TRIM55	0.040621
TRIM56	0.080745
TRIM58	0.034250
TRIM59	0.037903
TRIM6	0.050859
TRIM6-TRIM34	0.069103
TRIM60	0.044909
TRIM61	0.053984
TRIM62	0.042494
TRIM63	0.053185
TRIM64	0.050057
TRIM64B	0.052146
TRIM64C	0.045039
TRIM65	0.044101
TRIM66	0.049340
TRIM67	0.053212
TRIM68	0.050332
TRIM69	0.044092
TRIM71	0.047236
TRIM72	0.049853
TRIM73	0.047945
TRIM74	0.047736
TRIM75	0.050384
TRIM77	0.043571
TRIM8	0.045268
TRIM9	0.047607
TRIML1	0.048060
TRIML2	0.057606
TRIO	0.072973
TRIOBP	0.047549
TRIP10	0.036847
TRIP11	0.050060
TRIP12	0.032578
TRIP13	0.047381
TRIP4	0.048314
TRIP6	0.897476
TRIR	0.040865
TRIT1	0.046769
TRMO	0.047116
TRMT1	0.051510
TRMT10A	0.047109
TRMT10B	0.048417
TRMT10C	0.057830
TRMT11	0.032525
TRMT112	0.046371
TRMT13	0.049889
TRMT1L	0.035643
TRMT2A	0.049719
TRMT2B	0.048275
TRMT44	0.053403
TRMT5	0.043252
TRMT6	0.051118
TRMT61A	0.052374
TRMT61B	0.039917
TRMT9B	0.040256
TRMU	0.047573
TRNAU1AP	0.046659
TRNP1	0.066006
TRNT1	0.041144
TRO	0.038965
TROAP	0.034547
TRPA1	0.047510
TRPC1	0.050853
TRPC3	0.082275
TRPC4	0.054654
TRPC4AP	0.050978
TRPC5	0.045941
TRPC6	0.048539
TRPC7	0.045777
TRPM1	0.045486
TRPM2	0.050150
TRPM3	0.033657
TRPM4	0.053191
TRPM5	0.057027
TRPM6	0.047935
TRPM7	0.057495
TRPM8	0.075415
TRPS1	0.065324
TRPT1	0.064914
TRPV1	0.054190
TRPV2	0.060995
TRPV3	0.046861
TRPV4	0.085719
TRPV5	0.039759
TRPV6	0.040444
TRRAP	0.096984
TRUB1	0.045748
TRUB2	0.045331
TSACC	0.040517
TSBP1	0.054994
TSC1	0.043834
TSC2	0.043866
TSC22D1	0.049087
TSC22D2	0.048545
TSC22D3	0.050664
TSC22D4	0.048153
TSEN15	0.044972
TSEN2	0.050531
TSEN34	0.083091
TSEN54	0.066776
TSFM	0.062141
TSG101	0.055746
TSGA10	0.045249
TSGA10IP	0.060743
TSGA13	0.047469
TSHB	0.058806
TSHR	0.046322
TSHZ1	0.047798
TSHZ2	0.050256
TSHZ3	0.069294
TSKS	0.048071
TSKU	0.032988
TSLP	0.045502
TSN	0.036556
TSNARE1	0.060132
TSNAX	0.047017
TSNAXIP1	0.033471
TSPAN1	0.093752
TSPAN10	0.046261
TSPAN11	0.048685
TSPAN12	0.040177
TSPAN13	0.039194
TSPAN14	0.046546
TSPAN15	0.060886
TSPAN16	0.049415
TSPAN17	0.049971
TSPAN18	0.057148
TSPAN2	0.045936
TSPAN3	0.033887
TSPAN31	0.048123
TSPAN32	0.053023
TSPAN33	0.046684
TSPAN4	0.055497
TSPAN5	0.040297
TSPAN6	0.038067
TSPAN7	0.049293
TSPAN8	0.048677
TSPAN9	0.048280
TSPEAR	0.048849
TSPO	0.046039
TSPO2	0.043964
TSPOAP1	0.051013
TSPY1	0.046004
TSPY2	0.037661
TSPY3	0.048133
TSPYL1	0.075310
TSPYL2	0.052912
TSPYL4	0.039767
TSPYL5	0.036657
TSPYL6	0.034546
TSR1	0.052421
TSR2	0.678195
TSR3	0.036170
TSSC4	0.047021
TSSK1B	0.053753
TSSK2	0.079725
TSSK3	0.062379
TSSK4	0.040018
TSSK6	0.045939
TST	0.043726
TSTD1	0.048684
TSTD2	0.049645
TTBK1	0.049588
TTBK2	0.114149
TTC1	0.049146
TTC12	0.045763
TTC13	0.049492
TTC14	0.050636
TTC16	0.045365
TTC17	0.048523
TTC19	0.048688
TTC21A	0.049418
TTC21B	0.045164
TTC22	0.048037
TTC23	0.045409
TTC23L	0.045407
TTC27	0.048883
TTC29	0.050584
TTC3	0.048191
TTC31	0.094356
TTC32	0.046708
TTC33	0.047853
TTC36	0.048888
TTC38	0.047763
TTC39A	0.068341
TTC39B	0.050397
TTC39C	0.048520
TTC4	0.045528
TTC5	0.047240
TTC6	0.044924
TTC7A	0.049496
TTC7B	0.041284
TTC8	0.041147
TTC9B	0.049653
TTC9C	0.049247
TTF1	0.047826
TTF2	0.056272
TTI1	0.071630
TTI2	0.048646
TTK	0.052149
TTL	0.124124
TTLL1	0.039726
TTLL10	0.082559
TTLL11	0.046072
TTLL12	0.049240
TTLL13	0.048459
TTLL2	0.056033
TTLL3	0.047874
TTLL4	0.058835
TTLL5	0.049481
TTLL6	0.044341
TTLL7	0.048662
TTLL9	0.048723
TTN	0.077441
TTPA	0.046082
TTPAL	0.047394
TTR	0.047182
TTYH1	0.062195
TTYH2	0.048089
TTYH3	0.045362
TUB	0.037169
TUBA1A	0.806494
TUBA1B	0.896523
TUBA1C	0.240444
TUBA3D	0.050312
TUBA3E	0.053818
TUBA4A	0.047046
TUBA8	0.039693
TUBAL3	0.044510
TUBB	0.061257
TUBB1	0.048964
TUBB2A	0.051766
TUBB2B	0.049124
TUBB3	0.054717
TUBB4A	0.076770
TUBB4B	0.049395
TUBB6	0.047439
TUBB8	0.068696
TUBD1	0.049154
TUBE1	0.740326
TUBG1	0.064330
TUBG2	0.053057
TUBGCP2	0.052414
TUBGCP3	0.052080
TUBGCP4	0.047910
TUBGCP5	0.048313
TUBGCP6	0.068666
TUFM	0.047052
TUFT1	0.080145
TULP1	0.051578
TULP2	0.039005
TULP3	0.050360
TULP4	0.044575
TUSC1	0.048858
TUSC2	0.055733
TUSC3	0.049094
TUT1	0.049812
TUT4	0.045937
TUT7	0.047863
TVP23A	0.048126
TVP23B	0.049199
TVP23C	0.050853
TWF1	0.045177
TWF2	0.586763
TWIST1	0.032828
TWIST2	0.054194
TWNK	0.041272
TWSG1	0.056691
TXK	0.047631
TXLNA	0.046905
TXLNB	0.061889
TXLNG	0.104786
TXN	0.051129
TXN2	0.061086
TXNDC11	0.046391
TXNDC12	0.046172
TXNDC15	0.045476
TXNDC16	0.046856
TXNDC17	0.311966
TXNDC2	0.068909
TXNDC5	0.051311
TXNDC8	0.935594
TXNDC9	0.043812
TXNIP	0.052612
TXNL1	0.041538
TXNL4A	0.046732
TXNL4B	0.055607
TXNRD1	0.044914
TXNRD2	0.049097
TXNRD3	0.048221
TYK2	0.048200
TYMP	0.049827
TYMS	0.057443
TYR	0.049803
TYRO3	0.052600
TYROBP	0.046513
TYRP1	0.070367
TYSND1	0.046398
TYW1	0.062348
TYW2	0.046008
TYW3	0.052981
TYW5	0.044835
U2AF1	0.120027
U2AF1L4	0.050191
U2AF2	0.051333
U2SURP	0.052204
UACA	0.046073
UAP1	0.682926
UAP1L1	0.039017
UBA1	0.080897
UBA2	0.047713
UBA3	0.065258
UBA5	0.033195
UBA52	0.941031
UBA6	0.045027
UBA7	0.041250
UBAC1	0.048466
UBAC2	0.042401
UBALD1	0.049290
UBALD2	0.044045
UBAP1	0.042063
UBAP2	0.054938
UBAP2L	0.044605
UBASH3A	0.035679
UBASH3B	0.049025
UBB	0.058924
UBC	0.916474
UBD	0.032678
UBE2A	0.051223
UBE2B	0.051419
UBE2C	0.049584
UBE2D1	0.054008
UBE2D2	0.047781
UBE2D3	0.055147
UBE2D4	0.076711
UBE2E1	0.053315
UBE2E2	0.048247
UBE2E3	0.061095
UBE2F	0.046125
UBE2G1	0.046290
UBE2G2	0.043091
UBE2H	0.046170
UBE2I	0.051016
UBE2J1	0.180484
UBE2J2	0.050273
UBE2K	0.048972
UBE2L3	0.066610
UBE2L6	0.043621
UBE2M	0.054523
UBE2N	0.048870
UBE2NL	0.065309
UBE2O	0.049116
UBE2Q1	0.049197
UBE2Q2	0.037127
UBE2QL1	0.049707
UBE2R2	0.033842
UBE2S	0.046893
UBE2T	0.040964
UBE2U	0.082473
UBE2V1	0.058113
UBE2V2	0.158177
UBE2W	0.058170
UBE2Z	0.049236
UBE3A	0.151321
UBE3B	0.042809
UBE3C	0.048512
UBE3D	0.049290
UBE4A	0.046318
UBE4B	0.056580
UBFD1	0.046357
UBIAD1	0.034924
UBL3	0.930826
UBL4A	0.036659
UBL4B	0.049082
UBL5	0.930956
UBL7	0.048002
UBLCP1	0.041983
UBN1	0.044797
UBOX5	0.046579
UBP1	0.050341
UBQLN1	0.063123
UBQLN2	0.076621
UBQLN3	0.050357
UBQLN4	0.055229
UBQLNL	0.038582
UBR1	0.052997
UBR2	0.050254
UBR3	0.045398
UBR4	0.048606
UBR5	0.939715
UBR7	0.037988
UBTD1	0.043490
UBTD2	0.047665
UBTF	0.089366
UBXN1	0.043840
UBXN10	0.069860
UBXN11	0.036101
UBXN2A	0.046462
UBXN2B	0.050415
UBXN4	0.043973
UBXN6	0.107504
UBXN8	0.040945
UCHL1	0.034145
UCHL3	0.048239
UCHL5	0.046068
UCK1	0.042391
UCK2	0.056235
UCKL1	0.164205
UCMA	0.050155
UCN	0.086478
UCN2	0.055132
UCN3	0.056426
UCP1	0.049450
UCP2	0.046467
UCP3	0.088591
UEVLD	0.052302
UFC1	0.053839
UFD1	0.105662
UFM1	0.050086
UFSP1	0.049040
UFSP2	0.050782
UGCG	0.042918
UGDH	0.045463
UGGT1	0.045724
UGGT2	0.048891
UGP2	0.047541
UGT1A1	0.079869
UGT1A10	0.048216
UGT1A3	0.948600
UGT1A4	0.048054
UGT1A5	0.059486
UGT1A6	0.058403
UGT1A7	0.051514
UGT1A8	0.050026
UGT1A9	0.064780
UGT2A1	0.051809
UGT2A3	0.061153
UGT2B11	0.053730
UGT2B15	0.045961
UGT2B17	0.050541
UGT2B28	0.075888
UGT2B4	0.052070
UGT2B7	0.049754
UGT3A1	0.050683
UGT3A2	0.058745
UGT8	0.047237
UHMK1	0.049510
UHRF1	0.033302
UHRF2	0.045087
UIMC1	0.054941
ULBP1	0.043130
ULBP2	0.036440
ULBP3	0.043749
ULK1	0.043667
ULK2	0.047454
ULK3	0.039395
ULK4	0.048295
UMOD	0.045182
UMODL1	0.247877
UMPS	0.049091
UNC119	0.048697
UNC119B	0.046156
UNC13A	0.048982
UNC13B	0.046614
UNC13C	0.041547
UNC13D	0.049684
UNC45A	0.067919
UNC45B	0.047736
UNC50	0.049662
UNC5A	0.049512
UNC5B	0.058136
UNC5C	0.051090
UNC5CL	0.056492
UNC5D	0.045859
UNC79	0.044807
UNC80	0.048523
UNC93A	0.043435
UNC93B1	0.045773
UNG	0.051757
UNK	0.047193
UNKL	0.046235
UPB1	0.047464
UPF1	0.057627
UPF2	0.066345
UPF3A	0.047302
UPF3B	0.050499
UPK1A	0.052297
UPK1B	0.044828
UPK2	0.048648
UPK3A	0.038479
UPK3B	0.050280
UPK3BL1	0.050853
UPP1	0.044008
UPP2	0.048071
UPRT	0.041472
UQCC1	0.049195
UQCC2	0.046909
UQCC3	0.046625
UQCC4	0.045968
UQCC5	0.048061
UQCR10	0.047193
UQCR11	0.051996
UQCRB	0.041253
UQCRC1	0.069407
UQCRC2	0.056095
UQCRFS1	0.038970
UQCRH	0.044251
UQCRQ	0.537676
URB1	0.048313
URB2	0.082815
URGCP	0.087057
URI1	0.046525
URM1	0.038594
UROC1	0.044231
UROD	0.049021
UROS	0.058254
USB1	0.037573
USE1	0.052698
USF1	0.047388
USF2	0.046431
USF3	0.077724
USH1C	0.048046
USH1G	0.054106
USH2A	0.049244
USHBP1	0.038725
USO1	0.058693
USP1	0.044863
USP10	0.049446
USP11	0.043342
USP12	0.048806
USP13	0.048654
USP14	0.048629
USP15	0.065584
USP16	0.044626
USP17L2	0.052375
USP18	0.045628
USP19	0.181348
USP2	0.040632
USP20	0.047143
USP21	0.048238
USP22	0.052117
USP24	0.054503
USP25	0.049449
USP26	0.060081
USP27X	0.050923
USP28	0.048245
USP29	0.042346
USP3	0.047681
USP30	0.048268
USP31	0.049101
USP32	0.050737
USP33	0.045478
USP34	0.053089
USP35	0.044583
USP36	0.866181
USP37	0.047758
USP38	0.046540
USP39	0.932943
USP4	0.046791
USP40	0.070387
USP42	0.055002
USP43	0.052059
USP44	0.047889
USP45	0.050924
USP46	0.049194
USP47	0.047486
USP48	0.046729
USP49	0.038624
USP5	0.046984
USP50	0.054997
USP51	0.050039
USP53	0.050217
USP54	0.068539
USP6	0.037301
USP6NL	0.044475
USP7	0.038303
USP8	0.056185
USP9X	0.044158
USP9Y	0.049039
USPL1	0.852511
UST	0.058238
UTF1	0.046288
UTP11	0.429852
UTP14A	0.054721
UTP14C	0.032588
UTP15	0.050376
UTP18	0.062960
UTP20	0.091033
UTP23	0.033502
UTP25	0.050232
UTP3	0.047720
UTP4	0.075452
UTP6	0.093187
UTRN	0.047071
UTS2	0.045691
UTS2B	0.050020
UTY	0.051005
UVRAG	0.943683
UVSSA	0.053628
UXS1	0.052721
UXT	0.038623
VAC14	0.046299
VAMP1	0.065462
VAMP2	0.050923
VAMP3	0.031982
VAMP4	0.047772
VAMP5	0.050842
VAMP8	0.046999
VANGL1	0.052633
VANGL2	0.047898
VAPA	0.048161
VAPB	0.044889
VARS1	0.053694
VARS2	0.053126
VASH1	0.048676
VASH2	0.051501
VASN	0.049350
VASP	0.041397
VAT1	0.130909
VAT1L	0.049103
VAV1	0.048262
VAV2	0.050000
VAV3	0.045665
VAX1	0.048334
VAX2	0.050609
VBP1	0.049337
VCAM1	0.075605
VCAN	0.049708
VCF1	0.061362
VCF2	0.048661
VCL	0.047662
VCP	0.045612
VCPIP1	0.038119
VCPKMT	0.040909
VCX	0.047338
VCX2	0.048137
VCX3A	0.053484
VCX3B	0.043833
VCY	0.059683
VCY1B	0.079099
VDAC1	0.052765
VDAC2	0.046295
VDAC3	0.046489
VDR	0.066331
VEGFA	0.053373
VEGFB	0.057977
VEGFC	0.048134
VEGFD	0.040181
VENTX	0.050638
VEPH1	0.049945
VEZF1	0.051506
VEZT	0.048508
VGF	0.276259
VGLL1	0.423675
VGLL2	0.052695
VGLL3	0.049813
VGLL4	0.048079
VHL	0.045182
VHLL	0.036914
VIL1	0.054000
VILL	0.071658
VIM	0.069184
VIP	0.049634
VIPAS39	0.051287
VIPR1	0.045691
VIPR2	0.053214
VIRMA	0.041695
VIT	0.047125
VKORC1	0.048598
VKORC1L1	0.050867
VLDLR	0.048944
VMA12	0.050652
VMA21	0.037356
VMA22	0.051926
VMAC	0.039545
VMO1	0.045750
VMP1	0.048183
VN1R1	0.049544
VN1R2	0.057508
VN1R4	0.042535
VN1R5	0.045281
VNN1	0.126838
VNN2	0.075468
VOPP1	0.048576
VPREB1	0.046756
VPREB3	0.054489
VPS11	0.101990
VPS13A	0.044111
VPS13B	0.046784
VPS13C	0.045002
VPS13D	0.043582
VPS16	0.045694
VPS18	0.046225
VPS25	0.047095
VPS26A	0.042836
VPS26B	0.047179
VPS26C	0.049038
VPS28	0.060912
VPS29	0.048017
VPS33A	0.042403
VPS33B	0.060620
VPS35	0.045179
VPS35L	0.048804
VPS36	0.046685
VPS37A	0.048046
VPS37B	0.051001
VPS37C	0.049393
VPS37D	0.058008
VPS39	0.048079
VPS41	0.051159
VPS45	0.051748
VPS4A	0.036399
VPS4B	0.037908
VPS50	0.045371
VPS51	0.052215
VPS52	0.057822
VPS53	0.051864
VPS54	0.048340
VPS72	0.058432
VPS8	0.050038
VPS9D1	0.043956
VRK1	0.039491
VRK2	0.046269
VRK3	0.038104
VRTN	0.045378
VSIG1	0.046499
VSIG10	0.046291
VSIG2	0.052495
VSIG4	0.048355
VSIG8	0.066255
VSIR	0.044468
VSNL1	0.035703
VSTM1	0.049711
VSTM2A	0.042774
VSTM2L	0.076582
VSTM4	0.050807
VSX2	0.041370
VTA1	0.051391
VTCN1	0.050227
VTI1A	0.050291
VTI1B	0.048327
VTN	0.056252
VWA1	0.051559
VWA2	0.084306
VWA3B	0.036170
VWA5A	0.055128
VWA5B1	0.041320
VWA7	0.052011
VWA8	0.048218
VWC2	0.051124
VWC2L	0.048468
VWCE	0.044308
VWF	0.126400
VXN	0.044202
WAC	0.068943
WAPL	0.031110
WARS1	0.051510
WARS2	0.050152
WASF1	0.051399
WASF2	0.051129
WASF3	0.049008
WASHC2A	0.048037
WASHC2C	0.047923
WASHC3	0.080574
WASHC4	0.049184
WASHC5	0.037764
WASL	0.052273
WBP1	0.049846
WBP11	0.075402
WBP1L	0.049794
WBP2	0.048191
WBP2NL	0.047485
WBP4	0.046020
WDCP	0.041175
WDFY1	0.052946
WDFY2	0.044302
WDFY4	0.049635
WDHD1	0.037316
WDPCP	0.050770
WDR11	0.083652
WDR12	0.113074
WDR13	0.050059
WDR17	0.051890
WDR18	0.047604
WDR19	0.047091
WDR20	0.036808
WDR24	0.051329
WDR25	0.049055
WDR26	0.043648
WDR27	0.036549
WDR31	0.047503
WDR33	0.040459
WDR35	0.045975
WDR36	0.053762
WDR37	0.035902
WDR4	0.049389
WDR41	0.159233
WDR44	0.043587
WDR45	0.052869
WDR45B	0.043008
WDR46	0.116234
WDR47	0.037524
WDR48	0.044312
WDR49	0.052334
WDR5	0.053257
WDR53	0.052742
WDR54	0.046702
WDR55	0.046162
WDR59	0.049143
WDR5B	0.057298
WDR6	0.048151
WDR62	0.046171
WDR64	0.057176
WDR7	0.049663
WDR70	0.032576
WDR72	0.048219
WDR73	0.044138
WDR74	0.040411
WDR75	0.064871
WDR76	0.045308
WDR77	0.050856
WDR81	0.037024
WDR82	0.046502
WDR83	0.051240
WDR83OS	0.037661
WDR86	0.051302
WDR88	0.043505
WDR89	0.051477
WDR90	0.047083
WDR91	0.046288
WDR93	0.045583
WDSUB1	0.052076
WDTC1	0.050992
WEE1	0.281565
WFDC1	0.048462
WFDC10A	0.049848
WFDC10B	0.045035
WFDC11	0.035263
WFDC12	0.046036
WFDC13	0.046540
WFDC2	0.044745
WFDC3	0.047775
WFDC6	0.047996
WFDC8	0.046353
WFDC9	0.036279
WFIKKN1	0.070865
WFIKKN2	0.045448
WFS1	0.046299
WHAMM	0.056517
WHR1	0.047491
WHRN	0.052604
WIF1	0.049307
WIPF1	0.044580
WIPF2	0.041582
WIPF3	0.046462
WIPI1	0.044787
WIPI2	0.046331
WLS	0.047822
WNK1	0.058792
WNK2	0.051653
WNK3	0.052357
WNK4	0.048358
WNT1	0.054873
WNT10A	0.071194
WNT10B	0.052018
WNT16	0.049732
WNT2	0.050072
WNT2B	0.062449
WNT3	0.058461
WNT3A	0.042705
WNT4	0.049602
WNT5A	0.053548
WNT5B	0.047783
WNT6	0.048995
WNT7A	0.047749
WNT7B	0.119538
WNT8A	0.060373
WNT8B	0.212938
WNT9A	0.049685
WNT9B	0.048474
WRAP53	0.046130
WRAP73	0.062990
WRN	0.094542
WRNIP1	0.037355
WSB1	0.048581
WSB2	0.050196
WSCD1	0.047617
WSCD2	0.050574
WT1	0.049075
WTAP	0.050105
WTIP	0.048648
WWC1	0.031447
WWC2	0.047742
WWC3	0.046212
WWP1	0.048880
WWP2	0.049645
WWTR1	0.055906
XAB2	0.943104
XAF1	0.047768
XAGE1B	0.048824
XAGE2	0.032989
XAGE5	0.048627
XBP1	0.050670
XCL2	0.045810
XCR1	0.047973
XDH	0.047731
XG	0.047552
XIAP	0.049968
XIRP1	0.047228
XIRP2	0.050970
XK	0.058803
XKR3	0.058918
XKR4	0.044217
XKR5	0.060307
XKR6	0.069144
XKR7	0.052548
XKR8	0.125535
XKR9	0.051873
XKRX	0.054813
XPA	0.058037
XPC	0.046751
XPNPEP1	0.043653
XPNPEP2	0.049941
XPNPEP3	0.045843
XPO1	0.957019
XPO4	0.051142
XPO5	0.059544
XPO6	0.049606
XPO7	0.039990
XPOT	0.047981
XPR1	0.052389
XRCC1	0.640012
XRCC2	0.049334
XRCC3	0.071531
XRCC4	0.054581
XRCC5	0.048215
XRCC6	0.049341
XRN1	0.078315
XRN2	0.046455
XXYLT1	0.044314
XYLB	0.035173
XYLT1	0.048606
XYLT2	0.038200
YAE1	0.046342
YAF2	0.048812
YAP1	0.045591
YARS1	0.044497
YARS2	0.050020
YBEY	0.046040
YBX1	0.063130
YBX2	0.048875
YBX3	0.046732
YDJC	0.039043
YEATS2	0.048305
YEATS4	0.066278
YES1	0.049027
YIF1A	0.067795
YIF1B	0.063081
YIPF1	0.045748
YIPF2	0.059783
YIPF3	0.044098
YIPF4	0.049391
YIPF5	0.057016
YIPF6	0.055885
YIPF7	0.047533
YJEFN3	0.051323
YJU2	0.048926
YJU2B	0.045435
YKT6	0.050823
YLPM1	0.037868
YME1L1	0.048434
YOD1	0.046006
YPEL1	0.041758
YPEL2	0.038232
YPEL3	0.048902
YPEL4	0.048652
YPEL5	0.057211
YRDC	0.049668
YTHDC1	0.944459
YTHDC2	0.048073
YTHDF1	0.044174
YTHDF2	0.056467
YTHDF3	0.046275
YWHAB	0.051626
YWHAE	0.053731
YWHAG	0.044153
YWHAH	0.052054
YWHAQ	0.055176
YWHAZ	0.046911
YY1	0.048808
YY1AP1	0.049811
YY2	0.045180
ZACN	0.039753
ZAN	0.046262
ZAP70	0.037668
ZAR1	0.047900
ZBBX	0.046436
ZBED1	0.047230
ZBED2	0.043633
ZBED3	0.050576
ZBED4	0.049137
ZBP1	0.050498
ZBTB1	0.048645
ZBTB10	0.174055
ZBTB11	0.048993
ZBTB12	0.047513
ZBTB14	0.047862
ZBTB16	0.078446
ZBTB17	0.107958
ZBTB18	0.047747
ZBTB2	0.045299
ZBTB20	0.044533
ZBTB21	0.046097
ZBTB22	0.050763
ZBTB24	0.048682
ZBTB25	0.054966
ZBTB26	0.047456
ZBTB3	0.041461
ZBTB32	0.044790
ZBTB33	0.047956
ZBTB37	0.039831
ZBTB38	0.179023
ZBTB39	0.044635
ZBTB4	0.052244
ZBTB40	0.045824
ZBTB41	0.051238
ZBTB42	0.046229
ZBTB43	0.047223
ZBTB44	0.046879
ZBTB45	0.052617
ZBTB46	0.077211
ZBTB47	0.053767
ZBTB48	0.059078
ZBTB49	0.051652
ZBTB5	0.052615
ZBTB6	0.049621
ZBTB7A	0.049833
ZBTB7B	0.050142
ZBTB7C	0.058628
ZBTB8A	0.047126
ZBTB8OS	0.050381
ZBTB9	0.034040
ZC2HC1A	0.042013
ZC2HC1C	0.056232
ZC3H10	0.051817
ZC3H11A	0.038277
ZC3H12A	0.044858
ZC3H12B	0.047909
ZC3H13	0.946353
ZC3H14	0.055924
ZC3H15	0.036017
ZC3H18	0.042816
ZC3H3	0.043448
ZC3H4	0.046958
ZC3H6	0.049279
ZC3H7A	0.048271
ZC3H7B	0.053129
ZC3H8	0.050843
ZC3HAV1	0.051614
ZC3HAV1L	0.052886
ZC3HC1	0.047888
ZC4H2	0.037090
ZCCHC10	0.049673
ZCCHC12	0.050035
ZCCHC13	0.047782
ZCCHC14	0.056072
ZCCHC17	0.037453
ZCCHC2	0.049583
ZCCHC24	0.048468
ZCCHC3	0.071912
ZCCHC7	0.048842
ZCCHC8	0.047145
ZCCHC9	0.125417
ZCRB1	0.047987
ZCWPW1	0.046630
ZCWPW2	0.052556
ZDHHC1	0.042358
ZDHHC11	0.042954
ZDHHC12	0.040952
ZDHHC13	0.051391
ZDHHC14	0.048484
ZDHHC15	0.041077
ZDHHC16	0.053965
ZDHHC17	0.046406
ZDHHC18	0.051872
ZDHHC19	0.079779
ZDHHC2	0.074227
ZDHHC20	0.055951
ZDHHC21	0.048882
ZDHHC22	0.041799
ZDHHC23	0.048375
ZDHHC24	0.051093
ZDHHC3	0.051586
ZDHHC4	0.038679
ZDHHC5	0.047716
ZDHHC6	0.052456
ZDHHC7	0.048391
ZDHHC8	0.044084
ZDHHC9	0.054491
ZEB1	0.047653
ZEB2	0.050077
ZER1	0.548115
ZFAND1	0.049296
ZFAND2A	0.382271
ZFAND2B	0.047974
ZFAND3	0.048488
ZFAND4	0.048423
ZFAND5	0.121423
ZFAND6	0.061316
ZFAT	0.048757
ZFC3H1	0.047935
ZFHX2	0.047848
ZFHX3	0.045126
ZFHX4	0.051366
ZFP1	0.048947
ZFP14	0.033806
ZFP2	0.041959
ZFP28	0.041487
ZFP3	0.088679
ZFP30	0.050792
ZFP36	0.050134
ZFP36L1	0.051348
ZFP36L2	0.048100
ZFP37	0.105795
ZFP41	0.055427
ZFP42	0.044415
ZFP64	0.036508
ZFP69	0.920710
ZFP69B	0.046778
ZFP82	0.046494
ZFP90	0.050305
ZFP91	0.056337
ZFPL1	0.059337
ZFPM1	0.048782
ZFPM2	0.050286
ZFR	0.039871
ZFR2	0.045014
ZFX	0.043614
ZFY	0.059127
ZFYVE1	0.047686
ZFYVE16	0.096818
ZFYVE19	0.049274
ZFYVE21	0.052279
ZFYVE26	0.039048
ZFYVE27	0.038533
ZFYVE28	0.035465
ZFYVE9	0.044005
ZG16	0.044506
ZG16B	0.063613
ZGPAT	0.047557
ZGRF1	0.093454
ZHX1	0.047873
ZHX2	0.045531
ZIC1	0.047097
ZIC2	0.040201
ZIC3	0.056353
ZIC4	0.044570
ZIC5	0.042212
ZIK1	0.042831
ZIM2	0.069820
ZIM3	0.048963
ZKSCAN1	0.054363
ZKSCAN2	0.043810
ZKSCAN3	0.048267
ZKSCAN4	0.048499
ZKSCAN5	0.051709
ZKSCAN7	0.051453
ZKSCAN8	0.048413
ZMAT1	0.046427
ZMAT2	0.043242
ZMAT3	0.049282
ZMAT4	0.051952
ZMAT5	0.057858
ZMIZ1	0.034769
ZMIZ2	0.046201
ZMPSTE24	0.050153
ZMYM1	0.049793
ZMYM2	0.049679
ZMYM3	0.051607
ZMYM4	0.046956
ZMYM5	0.054785
ZMYM6	0.048159
ZMYND10	0.046633
ZMYND11	0.048207
ZMYND12	0.054381
ZMYND15	0.042729
ZMYND19	0.042175
ZMYND8	0.045991
ZNF10	0.052365
ZNF100	0.047492
ZNF101	0.046305
ZNF106	0.049730
ZNF107	0.046531
ZNF112	0.046576
ZNF114	0.051638
ZNF117	0.049656
ZNF12	0.051841
ZNF121	0.048440
ZNF124	0.051097
ZNF131	0.058488
ZNF132	0.047056
ZNF133	0.046586
ZNF134	0.047718
ZNF135	0.041608
ZNF136	0.054641
ZNF138	0.094987
ZNF14	0.046776
ZNF140	0.052124
ZNF141	0.044821
ZNF142	0.036614
ZNF143	0.049883
ZNF146	0.048124
ZNF148	0.066368
ZNF154	0.046222
ZNF155	0.045651
ZNF157	0.033322
ZNF16	0.046156
ZNF160	0.048293
ZNF165	0.046341
ZNF169	0.046890
ZNF17	0.071462
ZNF174	0.044148
ZNF175	0.049360
ZNF177	0.052092
ZNF18	0.038724
ZNF180	0.048043
ZNF181	0.046267
ZNF182	0.044134
ZNF184	0.048217
ZNF185	0.074499
ZNF189	0.037354
ZNF19	0.071722
ZNF195	0.046790
ZNF197	0.033071
ZNF2	0.050152
ZNF20	0.045579
ZNF200	0.057288
ZNF202	0.059034
ZNF205	0.069747
ZNF207	0.130786
ZNF208	0.034005
ZNF211	0.036520
ZNF212	0.062733
ZNF213	0.141652
ZNF214	0.039741
ZNF215	0.052299
ZNF217	0.047338
ZNF219	0.050393
ZNF22	0.039589
ZNF221	0.050450
ZNF222	0.068254
ZNF223	0.035822
ZNF224	0.049959
ZNF225	0.047105
ZNF226	0.048000
ZNF227	0.047061
ZNF229	0.050445
ZNF23	0.050524
ZNF230	0.051074
ZNF232	0.050223
ZNF233	0.034828
ZNF234	0.049305
ZNF235	0.050226
ZNF236	0.047733
ZNF239	0.050090
ZNF24	0.046981
ZNF248	0.047560
ZNF25	0.063217
ZNF250	0.050778
ZNF253	0.046415
ZNF254	0.050839
ZNF256	0.048265
ZNF257	0.050594
ZNF26	0.047007
ZNF260	0.036548
ZNF263	0.054339
ZNF264	0.048155
ZNF266	0.038839
ZNF267	0.033821
ZNF268	0.037290
ZNF273	0.051954
ZNF274	0.053514
ZNF275	0.051301
ZNF276	0.052047
ZNF277	0.047243
ZNF280B	0.047922
ZNF280C	0.048947
ZNF280D	0.048471
ZNF281	0.049452
ZNF284	0.047964
ZNF285	0.045129
ZNF286A	0.049503
ZNF287	0.054279
ZNF296	0.080028
ZNF3	0.054058
ZNF30	0.041229
ZNF300	0.045735
ZNF302	0.046562
ZNF304	0.048756
ZNF311	0.045377
ZNF317	0.049238
ZNF318	0.048125
ZNF319	0.046537
ZNF32	0.048284
ZNF320	0.050263
ZNF322	0.052195
ZNF324	0.056303
ZNF324B	0.053090
ZNF326	0.049538
ZNF329	0.050147
ZNF330	0.055445
ZNF331	0.051793
ZNF333	0.049364
ZNF334	0.044965
ZNF335	0.051395
ZNF337	0.050562
ZNF33A	0.046060
ZNF33B	0.051260
ZNF34	0.045966
ZNF341	0.050879
ZNF343	0.041177
ZNF345	0.052938
ZNF346	0.048620
ZNF347	0.052136
ZNF35	0.048630
ZNF350	0.040171
ZNF354A	0.047509
ZNF354B	0.041845
ZNF354C	0.047830
ZNF358	0.048274
ZNF362	0.051601
ZNF366	0.053276
ZNF367	0.077326
ZNF37A	0.047527
ZNF382	0.041088
ZNF383	0.060365
ZNF384	0.058441
ZNF385A	0.048000
ZNF385B	0.059578
ZNF385C	0.053492
ZNF385D	0.042952
ZNF391	0.046276
ZNF394	0.052112
ZNF395	0.046837
ZNF396	0.043598
ZNF397	0.059896
ZNF398	0.052222
ZNF404	0.066646
ZNF407	0.045035
ZNF408	0.049658
ZNF41	0.049013
ZNF410	0.047251
ZNF414	0.056425
ZNF416	0.051774
ZNF417	0.047337
ZNF418	0.053857
ZNF419	0.034503
ZNF420	0.047197
ZNF423	0.048842
ZNF425	0.038757
ZNF426	0.051569
ZNF428	0.041071
ZNF429	0.039038
ZNF43	0.044277
ZNF430	0.049804
ZNF431	0.051307
ZNF432	0.049622
ZNF433	0.049437
ZNF436	0.048616
ZNF438	0.047696
ZNF439	0.043076
ZNF44	0.048477
ZNF441	0.050862
ZNF442	0.600994
ZNF443	0.046981
ZNF444	0.051465
ZNF445	0.042621
ZNF446	0.058247
ZNF449	0.048550
ZNF45	0.226926
ZNF451	0.102352
ZNF454	0.081040
ZNF460	0.039067
ZNF461	0.050052
ZNF462	0.046820
ZNF467	0.051050
ZNF468	0.049116
ZNF470	0.051670
ZNF471	0.044920
ZNF473	0.048812
ZNF474	0.044129
ZNF48	0.046015
ZNF480	0.052162
ZNF483	0.053547
ZNF484	0.047732
ZNF485	0.038551
ZNF488	0.049508
ZNF490	0.054733
ZNF491	0.054925
ZNF493	0.045873
ZNF496	0.045376
ZNF497	0.049000
ZNF500	0.046372
ZNF501	0.049418
ZNF502	0.048312
ZNF503	0.047024
ZNF507	0.042109
ZNF510	0.047408
ZNF511	0.051651
ZNF512	0.038898
ZNF512B	0.052732
ZNF513	0.077538
ZNF514	0.083888
ZNF517	0.048266
ZNF518A	0.051507
ZNF518B	0.059238
ZNF519	0.050424
ZNF521	0.048058
ZNF524	0.096120
ZNF526	0.042355
ZNF528	0.044242
ZNF529	0.048073
ZNF530	0.045259
ZNF532	0.052120
ZNF536	0.044950
ZNF540	0.041619
ZNF543	0.042859
ZNF544	0.049428
ZNF546	0.049763
ZNF547	0.047846
ZNF548	0.087851
ZNF549	0.049365
ZNF550	0.044384
ZNF551	0.051098
ZNF552	0.048495
ZNF554	0.048485
ZNF555	0.049467
ZNF556	0.044189
ZNF557	0.049525
ZNF558	0.051597
ZNF559	0.054599
ZNF560	0.049299
ZNF561	0.045346
ZNF562	0.043582
ZNF563	0.052199
ZNF564	0.051992
ZNF566	0.042035
ZNF567	0.045043
ZNF568	0.051109
ZNF569	0.296482
ZNF57	0.048645
ZNF570	0.076364
ZNF571	0.052916
ZNF572	0.046407
ZNF573	0.107586
ZNF574	0.054078
ZNF575	0.046415
ZNF576	0.088652
ZNF577	0.051208
ZNF579	0.048939
ZNF580	0.055055
ZNF581	0.052128
ZNF582	0.049032
ZNF583	0.056921
ZNF584	0.056517
ZNF585A	0.033997
ZNF585B	0.050906
ZNF586	0.042765
ZNF587	0.049750
ZNF589	0.045564
ZNF592	0.039207
ZNF593	0.049068
ZNF595	0.032040
ZNF596	0.048245
ZNF597	0.045762
ZNF598	0.049306
ZNF599	0.048141
ZNF600	0.048517
ZNF606	0.048466
ZNF607	0.049439
ZNF608	0.044557
ZNF609	0.046079
ZNF610	0.050840
ZNF611	0.035613
ZNF613	0.043932
ZNF614	0.039801
ZNF615	0.076696
ZNF616	0.040721
ZNF618	0.045967
ZNF619	0.922983
ZNF620	0.045951
ZNF621	0.052044
ZNF622	0.045758
ZNF623	0.041979
ZNF624	0.053915
ZNF626	0.050317
ZNF627	0.047318
ZNF628	0.046067
ZNF629	0.032069
ZNF630	0.048084
ZNF638	0.043465
ZNF639	0.045370
ZNF641	0.048182
ZNF644	0.051032
ZNF646	0.049510
ZNF648	0.046917
ZNF649	0.039974
ZNF652	0.050060
ZNF653	0.048244
ZNF654	0.036773
ZNF658	0.050214
ZNF660	0.050162
ZNF662	0.053686
ZNF664	0.050038
ZNF665	0.052662
ZNF667	0.048450
ZNF668	0.054700
ZNF669	0.049826
ZNF670	0.100310
ZNF671	0.064106
ZNF672	0.045771
ZNF674	0.044596
ZNF675	0.052017
ZNF676	0.047993
ZNF677	0.039798
ZNF678	0.939656
ZNF681	0.050000
ZNF682	0.059023
ZNF683	0.049262
ZNF684	0.049268
ZNF687	0.066295
ZNF688	0.053241
ZNF689	0.040236
ZNF69	0.432300
ZNF691	0.046479
ZNF692	0.047114
ZNF695	0.042612
ZNF696	0.043373
ZNF697	0.067238
ZNF699	0.052422
ZNF7	0.048688
ZNF70	0.060454
ZNF701	0.050138
ZNF703	0.049344
ZNF704	0.049045
ZNF705A	0.042079
ZNF706	0.031946
ZNF707	0.052566
ZNF708	0.045144
ZNF709	0.041669
ZNF71	0.043703
ZNF710	0.049920
ZNF711	0.039058
ZNF713	0.042813
ZNF714	0.053383
ZNF717	0.037673
ZNF718	0.054337
ZNF74	0.042427
ZNF740	0.057788
ZNF746	0.042288
ZNF747	0.047380
ZNF749	0.048407
ZNF750	0.042114
ZNF75A	0.046048
ZNF75D	0.047985
ZNF76	0.047544
ZNF761	0.079405
ZNF763	0.094994
ZNF764	0.056863
ZNF765	0.049000
ZNF766	0.094842
ZNF768	0.037452
ZNF77	0.213009
ZNF770	0.054979
ZNF771	0.048160
ZNF772	0.048957
ZNF773	0.043800
ZNF774	0.044515
ZNF775	0.057717
ZNF776	0.048706
ZNF777	0.048142
ZNF780A	0.047808
ZNF780B	0.040011
ZNF782	0.049586
ZNF784	0.046084
ZNF785	0.050794
ZNF786	0.046346
ZNF787	0.047988
ZNF79	0.044499
ZNF790	0.053187
ZNF791	0.052811
ZNF792	0.049418
ZNF793	0.048476
ZNF8	0.047695
ZNF80	0.048222
ZNF800	0.053502
ZNF804A	0.047782
ZNF804B	0.048281
ZNF81	0.048265
ZNF813	0.046105
ZNF816	0.061300
ZNF821	0.048415
ZNF823	0.068216
ZNF827	0.050067
ZNF829	0.050039
ZNF83	0.036563
ZNF830	0.048845
ZNF831	0.062556
ZNF835	0.048494
ZNF839	0.050123
ZNF84	0.057521
ZNF844	0.049191
ZNF846	0.048422
ZNF85	0.044501
ZNF875	0.046299
ZNF878	0.051731
ZNF90	0.047917
ZNF91	0.087924
ZNF92	0.051964
ZNF93	0.043160
ZNF99	0.081290
ZNFX1	0.447571
ZNG1A	0.049068
ZNG1C	0.048218
ZNG1E	0.048617
ZNG1F	0.048188
ZNHIT1	0.045105
ZNHIT2	0.036809
ZNHIT3	0.082229
ZNHIT6	0.047642
ZNRD2	0.048528
ZNRF1	0.046780
ZNRF2	0.046295
ZNRF3	0.051398
ZNRF4	0.045393
ZP1	0.044011
ZP2	0.045540
ZP3	0.056373
ZP4	0.038924
ZPBP	0.047592
ZPBP2	0.049706
ZPLD1	0.050628
ZPR1	0.055088
ZRANB1	0.046654
ZRANB2	0.050323
ZRANB3	0.049027
ZRSR2	0.042071
ZSCAN1	0.046736
ZSCAN10	0.046448
ZSCAN16	0.040711
ZSCAN18	0.038018
ZSCAN20	0.050069
ZSCAN21	0.058363
ZSCAN22	0.054794
ZSCAN23	0.033374
ZSCAN26	0.048910
ZSCAN29	0.048786
ZSCAN31	0.038780
ZSCAN32	0.046639
ZSCAN4	0.047608
ZSCAN5A	0.052317
ZSCAN5B	0.044535
ZSCAN9	0.037357
ZSWIM1	0.048447
ZSWIM2	0.034346
ZSWIM3	0.048043
ZSWIM4	0.036147
ZSWIM7	0.047696
ZSWIM8	0.061104
ZUP1	0.046452
ZW10	0.052744
ZWILCH	0.052745
ZWINT	0.046577
ZXDA	0.050681
ZXDB	0.053146
ZXDC	0.047096
ZYG11B	0.038772
ZYX	0.047429
ZZEF1	0.054854
ZZZ3	0.049064
