gene	probability
A1BG	0.051088
A1CF	0.048740
A2M	0.042606
A2ML1	0.046247
A4GALT	0.046616
A4GNT	0.037084
AAAS	0.041771
AACS	0.087867
AADAC	0.810093
AADACL2	0.027574
AADACL4	0.035517
AADAT	0.033230
AAGAB	0.074668
AAK1	0.094386
AAMDC	0.028411
AAMP	0.024408
AANAT	0.039129
AAR2	0.027897
AARD	0.026206
AARS1	0.110128
AARS2	0.031189
AARSD1	0.026887
AASDH	0.028562
AASDHPPT	0.039258
AASS	0.024546
AATF	0.147034
AATK	0.065138
ABAT	0.086202
ABCA1	0.039838
ABCA10	0.041817
ABCA12	0.043460
ABCA13	0.044089
ABCA2	0.069745
ABCA3	0.088473
ABCA4	0.046835
ABCA5	0.042499
ABCA6	0.047186
ABCA7	0.054895
ABCA8	0.061953
ABCA9	0.055830
ABCB1	0.063851
ABCB10	0.025151
ABCB11	0.079780
ABCB4	0.073171
ABCB5	0.082459
ABCB6	0.031210
ABCB7	0.068243
ABCB8	0.040166
ABCB9	0.034915
ABCC1	0.323573
ABCC10	0.056094
ABCC11	0.072037
ABCC12	0.079202
ABCC2	0.084963
ABCC3	0.092124
ABCC4	0.067447
ABCC5	0.502077
ABCC6	0.099773
ABCC8	0.068305
ABCC9	0.051264
ABCD1	0.095668
ABCD2	0.026100
ABCD3	0.026257
ABCD4	0.047860
ABCE1	0.404786
ABCF1	0.137834
ABCF2	0.039006
ABCF3	0.041554
ABCG1	0.942139
ABCG2	0.040205
ABCG4	0.031689
ABCG5	0.103959
ABCG8	0.045820
ABHD1	0.027244
ABHD10	0.098227
ABHD12	0.033431
ABHD12B	0.040746
ABHD13	0.028509
ABHD14A	0.038354
ABHD14B	0.027221
ABHD15	0.025171
ABHD16A	0.033716
ABHD16B	0.031928
ABHD17A	0.026689
ABHD17B	0.027543
ABHD17C	0.025941
ABHD18	0.028695
ABHD2	0.026637
ABHD3	0.027211
ABHD4	0.027076
ABHD5	0.037060
ABHD6	0.025763
ABHD8	0.026715
ABI1	0.036584
ABI2	0.068771
ABI3	0.038803
ABI3BP	0.061802
ABITRAM	0.025983
ABL1	0.053108
ABL2	0.054334
ABLIM1	0.040757
ABLIM2	0.033355
ABLIM3	0.029333
ABO	0.596902
ABR	0.037671
ABRA	0.031148
ABRAXAS1	0.057431
ABRAXAS2	0.049975
ABT1	0.025071
ABTB1	0.080960
ABTB2	0.074124
ABTB3	0.048712
ACAA1	0.090123
ACAA2	0.093311
ACACA	0.039745
ACACB	0.030369
ACAD10	0.078403
ACAD11	0.025677
ACAD8	0.055814
ACAD9	0.053478
ACADL	0.030337
ACADM	0.071950
ACADS	0.106804
ACADSB	0.028331
ACADVL	0.056817
ACAN	0.046797
ACAP1	0.497300
ACAP2	0.087799
ACAP3	0.089839
ACAT1	0.094709
ACAT2	0.024812
ACBD3	0.024888
ACBD4	0.027194
ACBD5	0.029550
ACBD6	0.030207
ACBD7	0.029298
ACCS	0.027037
ACCSL	0.090062
ACD	0.123531
ACE	0.029785
ACE2	0.032551
ACER1	0.027758
ACER2	0.032392
ACER3	0.043435
ACHE	0.049189
ACIN1	0.974271
ACKR1	0.087005
ACKR2	0.096898
ACKR3	0.083888
ACKR4	0.078110
ACKR5	0.045103
ACLY	0.028824
ACMSD	0.028010
ACO1	0.027817
ACO2	0.026439
ACOT1	0.025399
ACOT11	0.025717
ACOT12	0.025507
ACOT13	0.114303
ACOT2	0.026036
ACOT4	0.024715
ACOT6	0.028952
ACOT7	0.027925
ACOT8	0.029536
ACOT9	0.026273
ACOX1	0.079981
ACOX2	0.063309
ACOX3	0.026116
ACOXL	0.026187
ACP1	0.026575
ACP2	0.972716
ACP3	0.046079
ACP4	0.030590
ACP5	0.033259
ACP6	0.026311
ACP7	0.029924
ACR	0.033460
ACRBP	0.050422
ACRV1	0.123834
ACSBG1	0.078004
ACSBG2	0.078550
ACSF2	0.027200
ACSF3	0.091168
ACSL1	0.069943
ACSL3	0.084633
ACSL4	0.060403
ACSL5	0.091046
ACSL6	0.090588
ACSM1	0.027123
ACSM2A	0.030605
ACSM2B	0.043978
ACSM3	0.028181
ACSM5	0.026402
ACSM6	0.426612
ACSS1	0.045497
ACSS2	0.095151
ACSS3	0.046026
ACTA1	0.036721
ACTA2	0.073173
ACTB	0.248695
ACTBL2	0.095203
ACTC1	0.069887
ACTG1	0.076780
ACTG2	0.087133
ACTL10	0.042198
ACTL6A	0.257847
ACTL6B	0.106149
ACTL7A	0.039030
ACTL7B	0.026023
ACTL8	0.028019
ACTL9	0.025388
ACTMAP	0.028527
ACTN1	0.067170
ACTN2	0.093163
ACTN3	0.042568
ACTN4	0.071061
ACTR10	0.094063
ACTR1A	0.082736
ACTR1B	0.063275
ACTR2	0.124889
ACTR3	0.698689
ACTR3B	0.055015
ACTR5	0.084080
ACTR6	0.094746
ACTRT1	0.029091
ACTRT2	0.025329
ACTRT3	0.027259
ACVR1	0.065711
ACVR1B	0.052578
ACVR1C	0.049045
ACVR2A	0.063835
ACVR2B	0.045966
ACVRL1	0.046872
ACY1	0.026287
ACY3	0.027862
ACYP1	0.036958
ACYP2	0.034184
ADA	0.027564
ADA2	0.027020
ADAD1	0.025940
ADAD2	0.031760
ADAM10	0.047987
ADAM11	0.042970
ADAM12	0.067946
ADAM15	0.061703
ADAM17	0.046925
ADAM18	0.077284
ADAM19	0.062923
ADAM2	0.090302
ADAM20	0.106611
ADAM21	0.197030
ADAM22	0.087153
ADAM23	0.052667
ADAM28	0.052263
ADAM29	0.073717
ADAM30	0.065152
ADAM32	0.056387
ADAM33	0.095888
ADAM7	0.089894
ADAM8	0.159837
ADAM9	0.075956
ADAMDEC1	0.032985
ADAMTS1	0.053094
ADAMTS10	0.088264
ADAMTS12	0.125055
ADAMTS13	0.065106
ADAMTS14	0.087238
ADAMTS15	0.049842
ADAMTS16	0.051595
ADAMTS17	0.092113
ADAMTS18	0.084338
ADAMTS19	0.055405
ADAMTS2	0.095120
ADAMTS20	0.071346
ADAMTS3	0.082023
ADAMTS4	0.040513
ADAMTS5	0.078726
ADAMTS6	0.078630
ADAMTS7	0.081691
ADAMTS8	0.036858
ADAMTS9	0.072345
ADAMTSL1	0.085430
ADAMTSL2	0.087232
ADAMTSL3	0.069193
ADAMTSL4	0.059770
ADAMTSL5	0.087819
ADAP1	0.025947
ADAP2	0.024748
ADAR	0.030954
ADARB1	0.025146
ADARB2	0.023582
ADAT1	0.025197
ADAT2	0.042056
ADAT3	0.031089
ADCK1	0.025373
ADCK2	0.027208
ADCK5	0.028991
ADCY1	0.086343
ADCY10	0.031041
ADCY2	0.057467
ADCY3	0.058240
ADCY4	0.048620
ADCY5	0.063837
ADCY6	0.175465
ADCY7	0.072335
ADCY8	0.063181
ADCY9	0.223096
ADCYAP1	0.063756
ADCYAP1R1	0.070111
ADD1	0.127090
ADD2	0.106586
ADD3	0.028288
ADGRA1	0.035620
ADGRA2	0.076990
ADGRA3	0.058186
ADGRB1	0.733735
ADGRB2	0.097527
ADGRB3	0.057152
ADGRD1	0.065960
ADGRD2	0.098179
ADGRE1	0.082692
ADGRE2	0.088678
ADGRE3	0.091779
ADGRE5	0.103611
ADGRF1	0.076979
ADGRF3	0.114961
ADGRF4	0.099192
ADGRF5	0.080586
ADGRG1	0.093874
ADGRG2	0.080700
ADGRG3	0.051997
ADGRG4	0.028767
ADGRG5	0.056254
ADGRG6	0.057561
ADGRG7	0.109126
ADGRL1	0.048322
ADGRL2	0.056552
ADGRL3	0.048965
ADGRL4	0.078804
ADGRV1	0.065491
ADH1A	0.064077
ADH1B	0.079815
ADH1C	0.080941
ADH4	0.027049
ADH5	0.421561
ADH6	0.032259
ADH7	0.029816
ADHFE1	0.026708
ADI1	0.044527
ADIG	0.027974
ADIPOQ	0.393615
ADIPOR1	0.029966
ADIPOR2	0.031293
ADISSP	0.027429
ADK	0.097947
ADM	0.809497
ADM2	0.102942
ADNP	0.076205
ADNP2	0.126879
ADO	0.025377
ADORA1	0.079899
ADORA2A	0.088904
ADORA2B	0.087688
ADORA3	0.094556
ADPGK	0.029231
ADPRH	0.043169
ADPRHL1	0.030835
ADPRM	0.024417
ADPRS	0.036538
ADRA1A	0.086363
ADRA1B	0.140316
ADRA1D	0.079060
ADRA2A	0.085700
ADRA2B	0.084999
ADRA2C	0.094065
ADRB1	0.063669
ADRB2	0.060965
ADRB3	0.083679
ADRM1	0.108004
ADSL	0.056271
ADSS1	0.035481
ADSS2	0.036114
ADTRP	0.413932
AEBP1	0.135720
AEBP2	0.100114
AEN	0.026177
AFAP1	0.042135
AFAP1L1	0.054964
AFAP1L2	0.030957
AFDN	0.084199
AFF1	0.113570
AFF2	0.061637
AFF3	0.111157
AFF4	0.104890
AFG1L	0.039070
AFG2A	0.075266
AFG2B	0.030045
AFG3L2	0.103619
AFM	0.027738
AFMID	0.026996
AFP	0.029766
AFTPH	0.067718
AGA	0.026711
AGAP1	0.037342
AGAP2	0.027700
AGAP3	0.027694
AGAP4	0.025420
AGAP6	0.025434
AGBL1	0.024956
AGBL2	0.028699
AGBL3	0.041062
AGBL4	0.024330
AGBL5	0.024592
AGER	0.049215
AGFG1	0.046820
AGFG2	0.033677
AGGF1	0.024875
AGK	0.096166
AGL	0.025562
AGMAT	0.040860
AGMO	0.031190
AGO1	0.107657
AGO2	0.105267
AGO3	0.103541
AGO4	0.961914
AGPAT1	0.026814
AGPAT2	0.062458
AGPAT3	0.967790
AGPAT4	0.106836
AGPAT5	0.081811
AGPS	0.032956
AGR2	0.029410
AGR3	0.026840
AGRN	0.092074
AGRP	0.048013
AGT	0.060342
AGTPBP1	0.047775
AGTR1	0.063249
AGTR2	0.081313
AGTRAP	0.026897
AGXT	0.046751
AGXT2	0.040283
AHCTF1	0.106625
AHCY	0.025979
AHCYL1	0.027662
AHCYL2	0.104861
AHDC1	0.070579
AHI1	0.025356
AHNAK	0.035699
AHR	0.071942
AHRR	0.042641
AHSA1	0.067755
AHSG	0.032110
AHSP	0.028908
AICDA	0.101790
AIDA	0.037038
AIF1	0.026423
AIF1L	0.025010
AIFM1	0.120020
AIFM2	0.044942
AIFM3	0.030322
AIG1	0.027626
AIM2	0.026537
AIMP1	0.046573
AIMP2	0.074429
AIP	0.027313
AIPL1	0.029950
AIRE	0.040369
AIRIM	0.076437
AJAP1	0.049898
AJM1	0.026826
AJUBA	0.044400
AK1	0.027400
AK2	0.027081
AK3	0.025672
AK4	0.026942
AK5	0.025578
AK7	0.031518
AK8	0.025811
AK9	0.029533
AKAP1	0.030738
AKAP10	0.030962
AKAP11	0.026304
AKAP12	0.027521
AKAP13	0.033966
AKAP14	0.033036
AKAP17A	0.026936
AKAP19	0.027558
AKAP3	0.028879
AKAP4	0.026020
AKAP5	0.031211
AKAP6	0.026385
AKAP7	0.029465
AKAP8	0.080356
AKAP8L	0.055014
AKAP9	0.026070
AKIP1	0.026889
AKIRIN1	0.024431
AKIRIN2	0.025969
AKNA	0.027571
AKNAD1	0.029196
AKR1A1	0.036910
AKR1B1	0.106377
AKR1B10	0.040912
AKR1B15	0.028871
AKR1C1	0.037232
AKR1C2	0.028426
AKR1C3	0.026116
AKR1C4	0.025995
AKR1C8	0.027395
AKR1D1	0.028596
AKR1E2	0.033460
AKR7A2	0.026197
AKR7A3	0.037734
AKR7L	0.034585
AKT1	0.085663
AKT1S1	0.040696
AKT2	0.079877
AKT3	0.106048
AKTIP	0.090458
ALAD	0.025158
ALAS1	0.027540
ALAS2	0.566104
ALB	0.038569
ALCAM	0.091642
ALDH16A1	0.027947
ALDH18A1	0.049670
ALDH1A1	0.062911
ALDH1A2	0.086313
ALDH1A3	0.111292
ALDH1B1	0.038783
ALDH1L1	0.085777
ALDH1L2	0.098326
ALDH2	0.038321
ALDH3A1	0.079386
ALDH3A2	0.066553
ALDH3B1	0.052513
ALDH3B2	0.047987
ALDH4A1	0.027394
ALDH5A1	0.029123
ALDH6A1	0.025651
ALDH7A1	0.048143
ALDH8A1	0.071361
ALDH9A1	0.045744
ALDOA	0.971950
ALDOB	0.025708
ALDOC	0.077546
ALG1	0.078489
ALG10	0.095506
ALG10B	0.099821
ALG11	0.030948
ALG12	0.026445
ALG13	0.030819
ALG14	0.036524
ALG2	0.237845
ALG3	0.053016
ALG5	0.102069
ALG6	0.032330
ALG8	0.054511
ALG9	0.076886
ALK	0.049620
ALKAL1	0.033879
ALKAL2	0.036661
ALKBH1	0.024530
ALKBH2	0.038389
ALKBH3	0.111577
ALKBH4	0.048842
ALKBH5	0.024387
ALKBH6	0.034830
ALKBH7	0.027388
ALKBH8	0.028119
ALLC	0.034351
ALMS1	0.026298
ALOX12	0.036789
ALOX12B	0.035152
ALOX15	0.035130
ALOX15B	0.059408
ALOX5	0.039508
ALOX5AP	0.036857
ALOXE3	0.036096
ALPG	0.041153
ALPI	0.053774
ALPK1	0.045893
ALPK2	0.026885
ALPK3	0.027980
ALPL	0.042620
ALPP	0.052173
ALS2	0.029364
ALS2CL	0.034424
ALX1	0.039289
ALX3	0.042125
ALX4	0.062563
ALYREF	0.969678
AMACR	0.029938
AMBN	0.072074
AMBP	0.077874
AMBRA1	0.090288
AMD1	0.030942
AMDHD1	0.026231
AMDHD2	0.033635
AMELX	0.039847
AMELY	0.035976
AMER1	0.027374
AMER2	0.034779
AMER3	0.026642
AMFR	0.091127
AMHR2	0.043640
AMIGO1	0.047638
AMIGO2	0.082373
AMIGO3	0.047193
AMMECR1	0.027375
AMMECR1L	0.032200
AMN	0.035468
AMN1	0.028063
AMOT	0.034430
AMOTL1	0.032465
AMOTL2	0.027723
AMPD1	0.026810
AMPD2	0.060566
AMPD3	0.086666
AMPH	0.068171
AMT	0.025872
AMTN	0.048139
AMY1A	0.036398
AMY1B	0.029891
AMY1C	0.028900
AMY2A	0.028207
AMY2B	0.032833
AMZ1	0.026611
AMZ2	0.025563
ANAPC1	0.107986
ANAPC10	0.109923
ANAPC11	0.118502
ANAPC13	0.058693
ANAPC15	0.041907
ANAPC16	0.091168
ANAPC2	0.128999
ANAPC4	0.096613
ANAPC5	0.103216
ANAPC7	0.080792
ANG	0.026368
ANGEL1	0.033106
ANGEL2	0.044193
ANGPT1	0.048555
ANGPT2	0.048203
ANGPT4	0.078866
ANGPTL1	0.078198
ANGPTL2	0.070878
ANGPTL3	0.043519
ANGPTL4	0.083474
ANGPTL5	0.040077
ANGPTL6	0.046860
ANGPTL7	0.039197
ANGPTL8	0.050838
ANK1	0.045107
ANK2	0.088805
ANK3	0.083048
ANKAR	0.035887
ANKDD1A	0.030494
ANKEF1	0.025502
ANKFN1	0.028107
ANKFY1	0.110635
ANKH	0.026965
ANKHD1	0.101978
ANKIB1	0.075730
ANKK1	0.044651
ANKLE1	0.026686
ANKMY1	0.026145
ANKMY2	0.034413
ANKRA2	0.039844
ANKRD1	0.048401
ANKRD10	0.028316
ANKRD11	0.088369
ANKRD12	0.104241
ANKRD13A	0.025866
ANKRD13B	0.028767
ANKRD13C	0.026974
ANKRD13D	0.027595
ANKRD16	0.025321
ANKRD17	0.102195
ANKRD2	0.035838
ANKRD20A1	0.026323
ANKRD22	0.024352
ANKRD23	0.026840
ANKRD24	0.041446
ANKRD26	0.035348
ANKRD27	0.033534
ANKRD28	0.036023
ANKRD29	0.026094
ANKRD30A	0.028463
ANKRD33	0.027323
ANKRD34A	0.026135
ANKRD34B	0.024007
ANKRD35	0.026045
ANKRD36	0.035688
ANKRD36B	0.025894
ANKRD37	0.029968
ANKRD39	0.026102
ANKRD40	0.028484
ANKRD42	0.029850
ANKRD44	0.045001
ANKRD45	0.024830
ANKRD46	0.030853
ANKRD49	0.028876
ANKRD50	0.031132
ANKRD53	0.024969
ANKRD54	0.028227
ANKRD55	0.028016
ANKRD6	0.038330
ANKRD7	0.025729
ANKRD9	0.026842
ANKS1A	0.034080
ANKS1B	0.036655
ANKS3	0.031260
ANKS4B	0.025322
ANKS6	0.033020
ANKZF1	0.026007
ANLN	0.085769
ANO1	0.040883
ANO10	0.039241
ANO2	0.045123
ANO3	0.049545
ANO4	0.057266
ANO5	0.063047
ANO6	0.082517
ANO7	0.064448
ANO8	0.077598
ANO9	0.060474
ANOS1	0.041983
ANP32A	0.032912
ANP32B	0.040542
ANP32D	0.026868
ANP32E	0.024762
ANPEP	0.084424
ANTKMT	0.028664
ANTXR1	0.039913
ANTXR2	0.029288
ANXA1	0.081810
ANXA10	0.034523
ANXA11	0.050205
ANXA13	0.042905
ANXA2	0.071282
ANXA2R	0.038044
ANXA3	0.090879
ANXA4	0.036147
ANXA5	0.391539
ANXA6	0.100096
ANXA7	0.032741
ANXA8	0.032215
ANXA8L1	0.035298
ANXA9	0.052380
AOAH	0.028867
AOC1	0.025684
AOC2	0.031496
AOC3	0.028630
AOPEP	0.026430
AOX1	0.030155
AP1AR	0.034510
AP1B1	0.094444
AP1G1	0.080383
AP1G2	0.096416
AP1M1	0.092286
AP1M2	0.085643
AP1S1	0.029416
AP1S2	0.026932
AP1S3	0.028566
AP2A1	0.097139
AP2A2	0.113778
AP2B1	0.090177
AP2M1	0.082301
AP2S1	0.065556
AP3B1	0.102192
AP3B2	0.105241
AP3D1	0.101325
AP3M1	0.026213
AP3M2	0.040758
AP3S1	0.069555
AP3S2	0.043703
AP4B1	0.029837
AP4E1	0.092074
AP4M1	0.071840
AP4S1	0.025672
AP5B1	0.090547
AP5M1	0.029953
AP5S1	0.026526
AP5Z1	0.116093
APAF1	0.069991
APBA1	0.039165
APBA2	0.041044
APBA3	0.031014
APBB1	0.033728
APBB1IP	0.047188
APBB2	0.095420
APBB3	0.030119
APC	0.078074
APC2	0.027870
APCDD1	0.073696
APCDD1L	0.077486
APCS	0.042090
APEH	0.029245
APEX1	0.103515
APEX2	0.112673
APH1A	0.028770
APH1B	0.026673
API5	0.111578
APIP	0.025232
APLF	0.056495
APLN	0.064845
APLNR	0.078230
APLP1	0.042417
APLP2	0.041942
APMAP	0.026545
APOA1	0.045248
APOA2	0.101633
APOA4	0.045934
APOA5	0.036922
APOB	0.062812
APOBEC1	0.099781
APOBEC2	0.026342
APOBEC3A	0.039017
APOBEC3B	0.035375
APOBEC3C	0.033594
APOBEC3D	0.042731
APOBEC3G	0.030124
APOBEC3H	0.029975
APOBEC4	0.025446
APOBR	0.068456
APOC1	0.075786
APOC2	0.083523
APOC3	0.059117
APOC4	0.045561
APOD	0.040777
APOE	0.323178
APOF	0.042022
APOH	0.909310
APOL1	0.048914
APOL2	0.042490
APOL3	0.038944
APOL4	0.051646
APOL5	0.040970
APOL6	0.038806
APOLD1	0.031457
APOM	0.038018
APOO	0.031087
APOOL	0.028855
APP	0.047899
APPBP2	0.044107
APPL1	0.096440
APPL2	0.099418
APRT	0.110595
APTX	0.102731
AQP1	0.033802
AQP10	0.034807
AQP11	0.034515
AQP12A	0.028492
AQP2	0.030630
AQP3	0.030540
AQP4	0.031394
AQP5	0.041661
AQP6	0.027784
AQP7	0.031811
AQP8	0.024773
AQP9	0.028689
AQR	0.185542
AR	0.060870
ARAF	0.044402
ARAP1	0.037365
ARAP2	0.035020
ARAP3	0.034674
ARB2A	0.028325
ARC	0.026234
ARCN1	0.973536
AREG	0.043142
AREL1	0.029776
ARF1	0.064560
ARF3	0.058739
ARF4	0.065876
ARF5	0.056756
ARF6	0.047654
ARFGAP1	0.086180
ARFGAP2	0.096138
ARFGAP3	0.843295
ARFGEF1	0.067903
ARFGEF2	0.105492
ARFGEF3	0.040364
ARFIP1	0.032064
ARFIP2	0.024868
ARFRP1	0.027958
ARG1	0.027232
ARG2	0.026876
ARGFX	0.026151
ARGLU1	0.024336
ARHGAP1	0.072737
ARHGAP10	0.038932
ARHGAP11A	0.029221
ARHGAP11B	0.027632
ARHGAP12	0.088415
ARHGAP15	0.027380
ARHGAP17	0.062135
ARHGAP18	0.028325
ARHGAP19	0.028927
ARHGAP20	0.039130
ARHGAP21	0.031481
ARHGAP22	0.027538
ARHGAP24	0.044606
ARHGAP25	0.026376
ARHGAP26	0.030020
ARHGAP27	0.042935
ARHGAP28	0.027146
ARHGAP29	0.025927
ARHGAP30	0.027821
ARHGAP31	0.029402
ARHGAP32	0.038299
ARHGAP33	0.075015
ARHGAP35	0.031465
ARHGAP36	0.116452
ARHGAP4	0.033374
ARHGAP42	0.082112
ARHGAP44	0.077410
ARHGAP45	0.029407
ARHGAP5	0.032559
ARHGAP6	0.027660
ARHGAP8	0.032099
ARHGAP9	0.036178
ARHGDIA	0.088052
ARHGDIB	0.089606
ARHGDIG	0.078962
ARHGEF1	0.029576
ARHGEF10	0.030536
ARHGEF10L	0.030671
ARHGEF11	0.040688
ARHGEF12	0.057051
ARHGEF15	0.032408
ARHGEF16	0.028130
ARHGEF17	0.033685
ARHGEF18	0.034645
ARHGEF19	0.034202
ARHGEF2	0.043318
ARHGEF25	0.027785
ARHGEF26	0.037782
ARHGEF28	0.032772
ARHGEF3	0.027001
ARHGEF35	0.025260
ARHGEF37	0.026325
ARHGEF39	0.029314
ARHGEF4	0.032875
ARHGEF5	0.031471
ARHGEF6	0.028940
ARHGEF7	0.028304
ARHGEF9	0.026592
ARID1A	0.915039
ARID1B	0.088687
ARID2	0.099514
ARID3A	0.108829
ARID3B	0.041011
ARID3C	0.030976
ARID4A	0.142370
ARID4B	0.120158
ARID5A	0.053271
ARID5B	0.027709
ARIH1	0.087744
ARIH2	0.095975
ARK2C	0.059714
ARK2N	0.056412
ARL1	0.072613
ARL10	0.024803
ARL11	0.025569
ARL13A	0.025850
ARL13B	0.029353
ARL14	0.025163
ARL14EP	0.026104
ARL15	0.048551
ARL16	0.027709
ARL17A	0.036187
ARL17B	0.031518
ARL2	0.066642
ARL2BP	0.087911
ARL3	0.046508
ARL4A	0.026965
ARL4C	0.027292
ARL4D	0.055266
ARL5A	0.028733
ARL5B	0.025031
ARL6	0.085510
ARL6IP1	0.085527
ARL6IP4	0.033432
ARL6IP5	0.091774
ARL6IP6	0.027018
ARL8A	0.028840
ARL8B	0.035113
ARL9	0.029665
ARLN	0.026868
ARMC1	0.026231
ARMC10	0.025883
ARMC12	0.029719
ARMC2	0.028737
ARMC3	0.026147
ARMC5	0.037538
ARMC6	0.026747
ARMC7	0.032686
ARMC8	0.101789
ARMC9	0.033380
ARMCX1	0.024933
ARMCX2	0.025688
ARMCX3	0.024296
ARMCX5	0.026515
ARMCX6	0.032682
ARMH3	0.085997
ARMH4	0.078798
ARNT	0.119531
ARNT2	0.060209
ARPC1A	0.920263
ARPC1B	0.030631
ARPC2	0.938276
ARPC3	0.911395
ARPC4	0.046009
ARPC5	0.034965
ARPC5L	0.032482
ARPIN	0.026556
ARPP19	0.027026
ARPP21	0.036310
ARR3	0.097229
ARRB1	0.125358
ARRB2	0.055684
ARRDC1	0.026916
ARRDC2	0.023878
ARRDC3	0.038544
ARRDC4	0.025621
ARRDC5	0.027942
ARSA	0.084155
ARSB	0.035863
ARSD	0.026537
ARSF	0.028173
ARSG	0.029351
ARSH	0.028060
ARSI	0.039033
ARSJ	0.039797
ARSK	0.033375
ARSL	0.025834
ART1	0.028795
ART3	0.035215
ART4	0.039156
ART5	0.026916
ARTN	0.413968
ARV1	0.026378
ARVCF	0.040683
ARX	0.045617
AS3MT	0.028334
ASAH1	0.032842
ASAH2	0.028784
ASAH2B	0.029704
ASAP1	0.061889
ASAP2	0.064875
ASAP3	0.030461
ASB1	0.035004
ASB10	0.026993
ASB11	0.028008
ASB12	0.035255
ASB13	0.037597
ASB14	0.060214
ASB15	0.033452
ASB16	0.033225
ASB17	0.031192
ASB18	0.032698
ASB2	0.026625
ASB3	0.027826
ASB4	0.059066
ASB5	0.030754
ASB6	0.037217
ASB7	0.037660
ASB8	0.033014
ASB9	0.027994
ASCC1	0.036199
ASCC2	0.055977
ASCC3	0.072089
ASCL1	0.107872
ASCL2	0.046347
ASCL3	0.039975
ASCL4	0.052299
ASF1A	0.053831
ASF1B	0.055421
ASGR1	0.785834
ASGR2	0.046280
ASH1L	0.090256
ASH2L	0.085749
ASIC1	0.040396
ASIC2	0.066326
ASIC3	0.052595
ASIC4	0.048490
ASIC5	0.068907
ASIP	0.105636
ASL	0.051929
ASMT	0.029880
ASMTL	0.082913
ASNS	0.041289
ASNSD1	0.026228
ASPA	0.028026
ASPDH	0.028411
ASPG	0.027383
ASPH	0.043137
ASPHD1	0.035225
ASPHD2	0.026504
ASPM	0.038834
ASPN	0.040492
ASPSCR1	0.037701
ASRGL1	0.041845
ASS1	0.026600
ASTE1	0.050019
ASTL	0.035410
ASTN1	0.049341
ASTN2	0.047340
ASXL1	0.111845
ASXL2	0.109715
ASZ1	0.033822
ATAD1	0.026635
ATAD2	0.075943
ATAD3A	0.029371
ATAD3B	0.028189
ATAD3C	0.030604
ATAD5	0.061334
ATAT1	0.026532
ATCAY	0.029172
ATE1	0.033178
ATF1	0.075615
ATF2	0.104419
ATF3	0.079336
ATF4	0.098186
ATF5	0.092629
ATF6	0.077877
ATF6B	0.055696
ATF7	0.078761
ATF7IP	0.038563
ATF7IP2	0.026325
ATG10	0.025426
ATG101	0.030806
ATG12	0.099933
ATG13	0.095814
ATG14	0.051185
ATG16L1	0.059760
ATG16L2	0.034872
ATG2A	0.128374
ATG2B	0.081801
ATG4A	0.041018
ATG4B	0.051400
ATG4C	0.026619
ATG4D	0.029811
ATG5	0.038129
ATG7	0.088544
ATG9A	0.061811
ATG9B	0.028543
ATIC	0.056539
ATL1	0.027630
ATL2	0.061946
ATL3	0.030195
ATM	0.100594
ATMIN	0.048917
ATN1	0.061952
ATOH1	0.055593
ATOH7	0.060993
ATOH8	0.035442
ATOSA	0.065216
ATOSB	0.024962
ATOX1	0.027681
ATP10A	0.027732
ATP10B	0.048300
ATP10D	0.033552
ATP11A	0.045452
ATP11B	0.043175
ATP11C	0.076039
ATP12A	0.031865
ATP13A1	0.044783
ATP13A2	0.047367
ATP13A3	0.029894
ATP13A4	0.041184
ATP13A5	0.031521
ATP1A1	0.127007
ATP1A2	0.038814
ATP1A3	0.046513
ATP1A4	0.026446
ATP1B1	0.033791
ATP1B2	0.028773
ATP1B3	0.307974
ATP1B4	0.041819
ATP23	0.031768
ATP2A1	0.093603
ATP2A2	0.038135
ATP2A3	0.027316
ATP2B1	0.049704
ATP2B2	0.047784
ATP2B3	0.074525
ATP2B4	0.977381
ATP2C1	0.031643
ATP2C2	0.036411
ATP4A	0.030493
ATP4B	0.030235
ATP5F1A	0.083730
ATP5F1B	0.093951
ATP5F1C	0.031400
ATP5F1D	0.034399
ATP5F1E	0.032146
ATP5IF1	0.029552
ATP5MC1	0.036674
ATP5MC2	0.040548
ATP5MC3	0.034513
ATP5ME	0.029622
ATP5MG	0.028494
ATP5MJ	0.039463
ATP5MK	0.033491
ATP5PB	0.079704
ATP5PD	0.059386
ATP5PF	0.035113
ATP5PO	0.139619
ATP6AP1	0.075776
ATP6AP2	0.026828
ATP6V0A1	0.081840
ATP6V0A2	0.030309
ATP6V0A4	0.165373
ATP6V0B	0.063731
ATP6V0C	0.039562
ATP6V0D1	0.148122
ATP6V0D2	0.096217
ATP6V0E1	0.041204
ATP6V0E2	0.042379
ATP6V1A	0.091640
ATP6V1B1	0.047991
ATP6V1B2	0.173537
ATP6V1C1	0.603284
ATP6V1C2	0.028032
ATP6V1D	0.091490
ATP6V1E1	0.037116
ATP6V1E2	0.030886
ATP6V1F	0.053426
ATP6V1G1	0.038095
ATP6V1G2	0.027196
ATP6V1G3	0.032297
ATP6V1H	0.044788
ATP7A	0.028238
ATP7B	0.128183
ATP8A1	0.065868
ATP8A2	0.048996
ATP8B1	0.072541
ATP8B2	0.975041
ATP8B3	0.048470
ATP8B4	0.061775
ATP9A	0.048953
ATP9B	0.052125
ATPAF1	0.055967
ATPAF2	0.036767
ATPSCKMT	0.044271
ATR	0.101384
ATRAID	0.042105
ATRN	0.048434
ATRNL1	0.918548
ATRX	0.036174
ATXN1	0.032013
ATXN10	0.097632
ATXN2	0.100032
ATXN2L	0.099798
ATXN3	0.107736
ATXN7	0.082029
ATXN7L1	0.057468
ATXN7L2	0.046790
ATXN7L3B	0.024795
AUH	0.030296
AUNIP	0.025055
AUP1	0.075608
AURKA	0.141336
AURKAIP1	0.131571
AURKB	0.964189
AURKC	0.088246
AUTS2	0.046279
AVEN	0.033978
AVIL	0.025634
AVL9	0.026070
AVP	0.034695
AVPI1	0.024774
AVPR1A	0.094020
AVPR1B	0.084951
AVPR2	0.074653
AWAT1	0.049223
AWAT2	0.040874
AXDND1	0.027148
AXIN1	0.033724
AXIN2	0.033270
AXL	0.045769
AZGP1	0.210702
AZI2	0.028603
AZIN1	0.027006
AZIN2	0.039438
AZU1	0.036226
B2M	0.052108
B3GALNT1	0.079943
B3GALNT2	0.060426
B3GALT1	0.086946
B3GALT2	0.057931
B3GALT4	0.062991
B3GALT5	0.059211
B3GALT6	0.034410
B3GAT1	0.055442
B3GAT2	0.043511
B3GAT3	0.041918
B3GLCT	0.087086
B3GNT2	0.092012
B3GNT3	0.089865
B3GNT4	0.974215
B3GNT5	0.109383
B3GNT6	0.087540
B3GNT7	0.164753
B3GNT8	0.105985
B3GNT9	0.094955
B4GALNT1	0.048972
B4GALNT2	0.038597
B4GALNT3	0.070465
B4GALNT4	0.082489
B4GALT1	0.123428
B4GALT2	0.070018
B4GALT3	0.073150
B4GALT4	0.066016
B4GALT5	0.056927
B4GALT6	0.041815
B4GALT7	0.050492
B4GAT1	0.038292
B9D1	0.085418
B9D2	0.086313
BAALC	0.026266
BAAT	0.026106
BABAM1	0.093127
BABAM2	0.096509
BACC1	0.045557
BACE1	0.067429
BACE2	0.027183
BACH1	0.082124
BACH2	0.056100
BAD	0.040057
BAG1	0.036178
BAG2	0.039347
BAG3	0.107382
BAG4	0.081451
BAG5	0.055919
BAG6	0.074807
BAGE3	0.033989
BAGE4	0.029213
BAGE5	0.026080
BAHCC1	0.043720
BAHD1	0.059705
BAIAP2	0.094700
BAIAP2L1	0.034174
BAIAP2L2	0.027601
BAIAP3	0.979304
BAK1	0.050049
BAMBI	0.043476
BANF1	0.047947
BANF2	0.039539
BANK1	0.033838
BANP	0.053099
BAP1	0.098066
BARD1	0.101563
BARHL1	0.027108
BARHL2	0.029211
BARX1	0.043945
BARX2	0.044168
BASP1	0.057880
BATF	0.064510
BATF2	0.036226
BATF3	0.078651
BAX	0.095910
BAZ1A	0.172929
BAZ1B	0.118540
BAZ2A	0.058744
BAZ2B	0.067556
BBC3	0.080827
BBLN	0.043091
BBOF1	0.026987
BBOX1	0.037253
BBS1	0.092826
BBS10	0.079150
BBS12	0.058595
BBS2	0.090219
BBS4	0.116577
BBS5	0.029276
BBS7	0.039154
BBS9	0.092829
BBX	0.040054
BCAM	0.047265
BCAN	0.067571
BCAP29	0.025916
BCAP31	0.028011
BCAR1	0.037645
BCAR3	0.050111
BCAS1	0.026768
BCAS2	0.023834
BCAS3	0.065939
BCAS4	0.100803
BCAT1	0.028437
BCAT2	0.025047
BCCIP	0.065284
BCDIN3D	0.026984
BCHE	0.038272
BCKDHA	0.088260
BCKDHB	0.040834
BCKDK	0.030201
BCL10	0.167277
BCL11A	0.034810
BCL11B	0.036343
BCL2	0.975136
BCL2A1	0.054639
BCL2L1	0.087120
BCL2L10	0.108390
BCL2L12	0.030246
BCL2L13	0.027369
BCL2L14	0.063777
BCL2L15	0.025619
BCL2L2	0.097139
BCL3	0.044084
BCL6	0.053804
BCL6B	0.038006
BCL7A	0.035658
BCL7B	0.032548
BCL7C	0.024663
BCL9	0.090043
BCL9L	0.161813
BCLAF1	0.042946
BCLAF3	0.029908
BCO1	0.027065
BCO2	0.027036
BCOR	0.040061
BCORL1	0.028752
BCR	0.031014
BCS1L	0.087353
BDH1	0.098846
BDH2	0.033728
BDKRB1	0.096156
BDKRB2	0.080699
BDNF	0.049698
BDP1	0.095938
BEAN1	0.026495
BECN1	0.094707
BEGAIN	0.027800
BEND2	0.026810
BEND3	0.033231
BEND4	0.030775
BEND5	0.026065
BEND6	0.026592
BEND7	0.025779
BEST1	0.026532
BEST2	0.026999
BEST3	0.027509
BEST4	0.026741
BET1	0.098290
BET1L	0.030358
BEX1	0.026389
BEX2	0.024735
BEX3	0.026658
BEX4	0.027004
BEX5	0.034344
BFAR	0.030961
BFSP1	0.039598
BFSP2	0.030692
BGLAP	0.047371
BGN	0.252495
BHLHA15	0.053983
BHLHE22	0.065371
BHLHE23	0.057401
BHLHE40	0.954828
BHLHE41	0.052056
BHMT	0.079856
BHMT2	0.096597
BICC1	0.037722
BICD1	0.097464
BICD2	0.043674
BICDL1	0.027326
BICRA	0.099040
BICRAL	0.099025
BID	0.096880
BIK	0.033103
BIN1	0.041839
BIN2	0.041663
BIN3	0.141404
BIRC2	0.062456
BIRC3	0.065860
BIRC5	0.147592
BIRC6	0.099312
BIRC7	0.056767
BIVM	0.026962
BKGD	0.025889
BLCAP	0.025366
BLID	0.031095
BLK	0.069505
BLM	0.046251
BLMH	0.026206
BLNK	0.077438
BLOC1S1	0.106656
BLOC1S2	0.108878
BLOC1S3	0.047065
BLOC1S4	0.048930
BLOC1S5	0.029740
BLOC1S6	0.091019
BLTP2	0.026643
BLTP3A	0.047828
BLTP3B	0.026798
BLVRA	0.034440
BLVRB	0.027169
BLZF1	0.027282
BMAL1	0.086350
BMAL2	0.050256
BMERB1	0.026702
BMF	0.079704
BMI1	0.105644
BMP1	0.091291
BMP10	0.038428
BMP15	0.037443
BMP2	0.037771
BMP2K	0.077947
BMP3	0.716352
BMP4	0.090965
BMP5	0.034102
BMP6	0.040368
BMP7	0.038808
BMP8A	0.034365
BMP8B	0.043065
BMPER	0.071592
BMPR1A	0.053897
BMPR1B	0.074681
BMPR2	0.047112
BMS1	0.040621
BMX	0.044051
BNC1	0.033496
BNC2	0.042805
BNIP1	0.970287
BNIP2	0.075112
BNIP3	0.090493
BNIP3L	0.103304
BNIP5	0.026349
BNIPL	0.025121
BOC	0.047063
BOD1	0.025813
BOD1L1	0.092144
BOK	0.063272
BOLA1	0.025849
BOLA2	0.049344
BOLA2B	0.026616
BOLA3	0.027586
BOLL	0.030748
BOP1	0.152132
BORA	0.054649
BORCS5	0.047765
BORCS6	0.345021
BORCS7	0.035174
BORCS8-MEF2B	0.037442
BPGM	0.025468
BPHL	0.026904
BPI	0.039947
BPIFA1	0.046504
BPIFA2	0.063677
BPIFA3	0.037778
BPIFB1	0.036028
BPIFB2	0.035503
BPIFB3	0.062435
BPIFB4	0.064380
BPIFB6	0.036417
BPIFC	0.045289
BPNT1	0.028436
BPNT2	0.033059
BPTF	0.114471
BPY2	0.023951
BPY2B	0.026188
BPY2C	0.024417
BRAF	0.052370
BRAP	0.107416
BRAT1	0.094161
BRCA1	0.098312
BRCA2	0.028397
BRCC3	0.074059
BRD1	0.253096
BRD10	0.064496
BRD2	0.066464
BRD3	0.083683
BRD4	0.042600
BRD7	0.100412
BRD8	0.124651
BRD9	0.106443
BRDT	0.026552
BRF1	0.031793
BRF2	0.091134
BRI3	0.031777
BRI3BP	0.041008
BRINP1	0.041836
BRINP2	0.042093
BRINP3	0.034022
BRIP1	0.106231
BRIX1	0.034353
BRK1	0.069219
BRME1	0.030543
BRMS1	0.096781
BRMS1L	0.096069
BROX	0.089414
BRPF1	0.081121
BRPF3	0.079194
BRS3	0.079496
BRSK1	0.033129
BRSK2	0.047229
BRWD1	0.096941
BRWD3	0.085905
BSCL2	0.026240
BSDC1	0.043946
BSG	0.044060
BSN	0.092091
BSND	0.042872
BSPH1	0.034639
BSPRY	0.039199
BST1	0.048280
BST2	0.077932
BTAF1	0.120345
BTBD1	0.034103
BTBD10	0.031405
BTBD16	0.023607
BTBD17	0.030390
BTBD2	0.086489
BTBD3	0.069723
BTBD6	0.046298
BTBD7	0.034529
BTBD8	0.026519
BTBD9	0.032646
BTC	0.046858
BTD	0.029194
BTF3	0.027259
BTF3L4	0.066195
BTG1	0.035047
BTG2	0.036710
BTG3	0.050477
BTG4	0.047954
BTK	0.065700
BTLA	0.063117
BTN1A1	0.047011
BTN2A1	0.052908
BTN2A2	0.069969
BTN3A1	0.046494
BTN3A2	0.050779
BTN3A3	0.044756
BTNL2	0.064151
BTNL3	0.058196
BTNL8	0.053856
BTNL9	0.049996
BTRC	0.065069
BUB1	0.089636
BUB1B	0.075311
BUB3	0.155567
BUD13	0.028856
BUD23	0.147982
BUD31	0.113779
BYSL	0.091444
BZW1	0.097667
BZW2	0.096263
C10orf120	0.024671
C10orf53	0.026533
C10orf62	0.027196
C10orf67	0.026710
C10orf71	0.045262
C10orf88	0.024904
C10orf90	0.031978
C10orf95	0.024946
C11orf16	0.027538
C11orf24	0.047488
C11orf42	0.024533
C11orf52	0.040776
C11orf58	0.301379
C11orf65	0.028587
C11orf68	0.027292
C11orf71	0.025542
C11orf87	0.026679
C12orf42	0.024209
C12orf43	0.025622
C12orf50	0.023794
C12orf54	0.029689
C12orf57	0.025925
C12orf60	0.029632
C12orf71	0.026091
C12orf76	0.033216
C14orf119	0.027526
C14orf180	0.032044
C14orf39	0.030067
C14orf93	0.024938
C15orf39	0.043965
C15orf40	0.029399
C16orf46	0.024774
C16orf54	0.033398
C16orf74	0.030993
C16orf78	0.024832
C16orf82	0.025641
C16orf86	0.028140
C16orf87	0.025206
C16orf89	0.028200
C16orf90	0.040717
C17orf50	0.026532
C17orf58	0.027348
C17orf67	0.030653
C17orf75	0.120183
C17orf78	0.050771
C18orf32	0.025684
C18orf54	0.031871
C19orf12	0.034423
C19orf18	0.041988
C19orf25	0.040595
C19orf33	0.024455
C19orf44	0.091748
C19orf47	0.239769
C19orf53	0.058298
C19orf73	0.026106
C1D	0.041319
C1GALT1	0.042790
C1GALT1C1	0.042159
C1QA	0.072671
C1QB	0.062295
C1QBP	0.082557
C1QC	0.059109
C1QL1	0.046794
C1QL2	0.042711
C1QL3	0.038974
C1QL4	0.075437
C1QTNF1	0.049489
C1QTNF12	0.038702
C1QTNF2	0.056816
C1QTNF3	0.043415
C1QTNF4	0.028217
C1QTNF5	0.079182
C1QTNF6	0.034956
C1QTNF7	0.923573
C1QTNF8	0.040684
C1QTNF9	0.039571
C1QTNF9B	0.045237
C1R	0.086613
C1RL	0.083485
C1S	0.071369
C1orf105	0.040669
C1orf115	0.026080
C1orf116	0.029701
C1orf122	0.026227
C1orf141	0.026099
C1orf146	0.028483
C1orf159	0.045916
C1orf162	0.046206
C1orf174	0.026382
C1orf198	0.035550
C1orf21	0.027350
C1orf210	0.035832
C1orf216	0.481309
C1orf226	0.026207
C1orf35	0.024899
C1orf50	0.028239
C1orf52	0.024984
C1orf53	0.036809
C1orf54	0.027997
C1orf56	0.032747
C1orf74	0.025062
C1orf87	0.028119
C1orf94	0.025646
C2	0.040278
C20orf141	0.027680
C20orf144	0.035968
C20orf204	0.047610
C20orf96	0.027493
C21orf58	0.029490
C21orf91	0.025462
C22orf15	0.028641
C22orf23	0.026605
C22orf31	0.025530
C22orf39	0.034195
C22orf42	0.027589
C2CD2	0.027524
C2CD2L	0.026644
C2CD3	0.155923
C2CD4A	0.028844
C2CD4B	0.028290
C2CD5	0.080510
C2orf15	0.025167
C2orf42	0.024578
C2orf49	0.055041
C2orf66	0.065558
C2orf68	0.027609
C2orf69	0.034374
C2orf76	0.038624
C2orf78	0.099038
C3	0.042558
C3AR1	0.084815
C3orf18	0.028731
C3orf20	0.026956
C3orf22	0.025158
C3orf33	0.025493
C3orf38	0.026771
C3orf52	0.042158
C3orf62	0.024696
C3orf70	0.024629
C4A	0.034239
C4B	0.030515
C4BPA	0.035026
C4BPB	0.030268
C4orf17	0.025130
C4orf33	0.037117
C4orf36	0.026599
C4orf46	0.072807
C4orf50	0.030246
C4orf51	0.025366
C5	0.031610
C5AR1	0.081223
C5AR2	0.212314
C5orf15	0.041537
C5orf22	0.027835
C5orf24	0.043894
C5orf34	0.027021
C5orf46	0.043128
C6	0.047836
C6orf118	0.024827
C6orf120	0.026705
C6orf136	0.030356
C6orf15	0.029669
C6orf163	0.027906
C6orf47	0.029711
C6orf58	0.027607
C6orf62	0.027459
C6orf89	0.030481
C7	0.042418
C7orf25	0.048186
C7orf33	0.024654
C8A	0.064707
C8B	0.065053
C8G	0.043291
C8orf33	0.026625
C8orf34	0.025297
C8orf58	0.027292
C8orf74	0.027953
C8orf76	0.026479
C8orf82	0.026298
C9	0.057290
C9orf152	0.028399
C9orf40	0.041998
C9orf43	0.025413
C9orf50	0.024800
C9orf72	0.024958
C9orf78	0.024294
C9orf85	0.028110
CA1	0.031106
CA10	0.032121
CA11	0.026882
CA12	0.031342
CA13	0.027354
CA14	0.028354
CA2	0.029576
CA3	0.042776
CA4	0.031971
CA5A	0.032390
CA5B	0.031587
CA6	0.039375
CA7	0.027545
CA8	0.026651
CA9	0.047167
CAAP1	0.092249
CAB39	0.041186
CAB39L	0.031728
CABCOCO1	0.026161
CABIN1	0.086430
CABLES1	0.029696
CABLES2	0.028247
CABP1	0.035663
CABP2	0.026197
CABP4	0.025552
CABP5	0.027990
CABP7	0.031195
CABS1	0.036848
CABYR	0.028375
CACFD1	0.042458
CACHD1	0.036820
CACNA1A	0.051988
CACNA1B	0.056979
CACNA1C	0.043242
CACNA1D	0.048971
CACNA1E	0.062241
CACNA1F	0.049310
CACNA1G	0.069970
CACNA1H	0.073131
CACNA1I	0.051990
CACNA1S	0.041422
CACNA2D1	0.049202
CACNA2D2	0.038543
CACNA2D3	0.110004
CACNA2D4	0.059868
CACNB1	0.053417
CACNB2	0.051750
CACNB3	0.093760
CACNB4	0.064607
CACNG1	0.050949
CACNG2	0.033149
CACNG3	0.036742
CACNG4	0.028700
CACNG5	0.049981
CACNG6	0.033869
CACNG7	0.047317
CACNG8	0.031460
CACTIN	0.616651
CACUL1	0.106561
CACYBP	0.048477
CAD	0.045528
CADM1	0.056435
CADM2	0.067387
CADM3	0.046452
CADM4	0.053456
CADPS	0.089829
CADPS2	0.044383
CAGE1	0.025231
CALB1	0.026913
CALB2	0.027344
CALCB	0.069813
CALCOCO1	0.087589
CALCOCO2	0.090837
CALCR	0.083690
CALCRL	0.061120
CALD1	0.059658
CALHM1	0.027919
CALHM2	0.027318
CALHM3	0.032915
CALHM4	0.041098
CALHM5	0.027260
CALHM6	0.028959
CALM1	0.068849
CALM2	0.054994
CALM3	0.065558
CALML3	0.026948
CALML4	0.071523
CALML5	0.032056
CALML6	0.027979
CALN1	0.026773
CALR	0.096011
CALR3	0.090173
CALU	0.050128
CALY	0.051581
CAMK1	0.105445
CAMK1D	0.064908
CAMK1G	0.029324
CAMK2A	0.083738
CAMK2B	0.031274
CAMK2D	0.033429
CAMK2G	0.043487
CAMK2N1	0.025081
CAMK2N2	0.027498
CAMK4	0.084991
CAMKK1	0.027478
CAMKK2	0.061915
CAMKMT	0.025162
CAMKV	0.033292
CAMLG	0.032959
CAMP	0.052181
CAMSAP1	0.027846
CAMSAP2	0.031297
CAMSAP3	0.032142
CAMTA1	0.034869
CAMTA2	0.027315
CAND1	0.982776
CAND2	0.092868
CANT1	0.026916
CANX	0.095592
CAP1	0.032474
CAP2	0.086962
CAPG	0.052247
CAPN1	0.251781
CAPN11	0.045235
CAPN12	0.393168
CAPN13	0.060661
CAPN15	0.033907
CAPN2	0.096208
CAPN3	0.064013
CAPN5	0.045115
CAPN6	0.026766
CAPN7	0.037228
CAPN9	0.052466
CAPNS1	0.087042
CAPNS2	0.085680
CAPRIN1	0.046970
CAPRIN2	0.042129
CAPS	0.027784
CAPS2	0.027732
CAPSL	0.028038
CAPZA1	0.029409
CAPZA2	0.031479
CAPZA3	0.028878
CAPZB	0.677813
CARD10	0.035725
CARD11	0.039057
CARD14	0.058098
CARD16	0.042042
CARD18	0.045188
CARD6	0.031737
CARD8	0.093921
CARD9	0.027574
CARF	0.024633
CARHSP1	0.045531
CARM1	0.086283
CARMIL1	0.064950
CARMIL2	0.031870
CARMIL3	0.037623
CARNMT1	0.025006
CARS1	0.027240
CARS2	0.045674
CARTPT	0.053705
CASC3	0.087176
CASD1	0.030948
CASK	0.076224
CASKIN1	0.030117
CASKIN2	0.033966
CASP1	0.067129
CASP10	0.044718
CASP14	0.090071
CASP2	0.042260
CASP3	0.044285
CASP4	0.058759
CASP5	0.108914
CASP6	0.035474
CASP7	0.041697
CASP8	0.068344
CASP8AP2	0.105258
CASP9	0.085345
CASQ1	0.025833
CASQ2	0.025548
CASR	0.060527
CASS4	0.029828
CAST	0.066987
CASTOR1	0.027388
CASZ1	0.065763
CAT	0.035940
CATIP	0.026727
CATSPER1	0.074482
CATSPER2	0.029186
CATSPER3	0.044194
CATSPER4	0.042025
CATSPERB	0.032420
CATSPERD	0.035075
CATSPERE	0.028392
CATSPERG	0.039532
CATSPERT	0.033408
CAV1	0.049795
CAV2	0.030021
CAV3	0.053667
CAVIN1	0.031760
CAVIN2	0.025977
CAVIN3	0.033565
CAVIN4	0.024920
CBARP	0.044024
CBFA2T2	0.064817
CBFA2T3	0.041788
CBFB	0.043199
CBL	0.049094
CBLB	0.068118
CBLC	0.039995
CBLIF	0.032576
CBLL1	0.069059
CBLL2	0.037966
CBLN1	0.041339
CBLN2	0.029726
CBLN3	0.049696
CBLN4	0.035746
CBR1	0.077957
CBR3	0.035430
CBR4	0.033386
CBS	0.027431
CBX1	0.105851
CBX3	0.150827
CBX4	0.084103
CBX5	0.102883
CBX6	0.074933
CBX7	0.078449
CBX8	0.089043
CBY1	0.028694
CBY2	0.024876
CC2D1A	0.045179
CC2D1B	0.074494
CC2D2A	0.027370
CC2D2B	0.025648
CCAR1	0.104138
CCAR2	0.034270
CCBE1	0.887074
CCDC102A	0.025983
CCDC102B	0.026478
CCDC106	0.029714
CCDC107	0.025507
CCDC110	0.026927
CCDC112	0.025631
CCDC116	0.025047
CCDC117	0.025341
CCDC12	0.029637
CCDC120	0.029568
CCDC121	0.109081
CCDC122	0.025326
CCDC124	0.029564
CCDC125	0.028563
CCDC126	0.036394
CCDC127	0.027120
CCDC13	0.025272
CCDC134	0.031707
CCDC136	0.029904
CCDC138	0.027524
CCDC14	0.036715
CCDC141	0.027622
CCDC142	0.026496
CCDC146	0.025486
CCDC148	0.024830
CCDC149	0.027571
CCDC15	0.027981
CCDC150	0.026045
CCDC152	0.025075
CCDC157	0.027995
CCDC158	0.047469
CCDC159	0.025618
CCDC167	0.026375
CCDC17	0.032379
CCDC170	0.025840
CCDC171	0.027423
CCDC172	0.025549
CCDC174	0.026260
CCDC178	0.027796
CCDC18	0.024978
CCDC181	0.047767
CCDC183	0.037303
CCDC184	0.025628
CCDC185	0.025031
CCDC186	0.027242
CCDC187	0.025809
CCDC190	0.028120
CCDC191	0.026452
CCDC197	0.028813
CCDC198	0.024500
CCDC22	0.083840
CCDC24	0.046103
CCDC25	0.032514
CCDC27	0.026948
CCDC28A	0.055373
CCDC28B	0.069335
CCDC3	0.029914
CCDC30	0.025807
CCDC32	0.026824
CCDC33	0.139879
CCDC34	0.026439
CCDC38	0.035325
CCDC42	0.033764
CCDC43	0.026965
CCDC47	0.050039
CCDC50	0.027911
CCDC51	0.064316
CCDC54	0.026065
CCDC57	0.076577
CCDC59	0.028142
CCDC6	0.938360
CCDC60	0.025939
CCDC61	0.042574
CCDC62	0.032315
CCDC63	0.027350
CCDC66	0.032970
CCDC68	0.025289
CCDC69	0.041891
CCDC7	0.028714
CCDC70	0.038212
CCDC71	0.027637
CCDC71L	0.025922
CCDC73	0.028884
CCDC74A	0.031350
CCDC74B	0.028028
CCDC77	0.027803
CCDC78	0.027791
CCDC8	0.046076
CCDC80	0.046149
CCDC81	0.085157
CCDC82	0.028138
CCDC83	0.025194
CCDC85A	0.026273
CCDC85B	0.026899
CCDC86	0.040584
CCDC87	0.030033
CCDC88A	0.027466
CCDC88B	0.028221
CCDC88C	0.055424
CCDC89	0.025513
CCDC9	0.043798
CCDC90B	0.034355
CCDC91	0.026550
CCDC92	0.025476
CCDC93	0.048350
CCDC97	0.023691
CCER1	0.025046
CCHCR1	0.026638
CCIN	0.029524
CCK	0.072224
CCKAR	0.092713
CCKBR	0.087934
CCL1	0.093614
CCL11	0.635221
CCL13	0.213283
CCL14	0.074872
CCL15	0.078082
CCL16	0.203668
CCL17	0.139832
CCL18	0.061902
CCL19	0.090049
CCL2	0.097769
CCL20	0.083504
CCL21	0.077970
CCL22	0.072570
CCL23	0.071587
CCL24	0.069835
CCL25	0.082855
CCL26	0.104427
CCL27	0.089678
CCL28	0.076465
CCL3	0.083507
CCL3L1	0.235101
CCL3L3	0.115903
CCL4	0.085267
CCL4L1	0.085446
CCL4L2	0.066124
CCL5	0.098246
CCL7	0.084414
CCL8	0.079941
CCM2	0.029508
CCM2L	0.032321
CCN1	0.043741
CCN2	0.042670
CCN3	0.044415
CCN4	0.051736
CCN5	0.041682
CCN6	0.137610
CCNA1	0.085309
CCNA2	0.146543
CCNB1	0.960469
CCNB1IP1	0.133452
CCNB2	0.116553
CCNB3	0.060044
CCNC	0.973546
CCND1	0.742881
CCND2	0.052053
CCND3	0.048796
CCNDBP1	0.036517
CCNE1	0.117163
CCNE2	0.114533
CCNF	0.102436
CCNG1	0.102096
CCNG2	0.095790
CCNH	0.287480
CCNI	0.084950
CCNI2	0.031870
CCNJ	0.025709
CCNJL	0.025528
CCNK	0.080520
CCNL1	0.099420
CCNL2	0.092204
CCNO	0.065534
CCNP	0.119349
CCNQ	0.244001
CCNT1	0.636882
CCNT2	0.397372
CCNY	0.056028
CCNYL1	0.057563
CCPG1	0.041037
CCR1	0.076044
CCR10	0.086095
CCR2	0.065126
CCR3	0.098743
CCR4	0.073776
CCR5	0.064641
CCR6	0.070536
CCR7	0.074435
CCR8	0.083389
CCR9	0.075765
CCRL2	0.086655
CCS	0.033323
CCSAP	0.025205
CCSER1	0.214849
CCSER2	0.035654
CCT2	0.101480
CCT3	0.064581
CCT4	0.975021
CCT5	0.080611
CCT6A	0.064802
CCT6B	0.072622
CCT7	0.070693
CCT8	0.968451
CCT8L2	0.033101
CCZ1	0.027129
CCZ1B	0.026154
CD101	0.058702
CD109	0.048630
CD14	0.042075
CD151	0.047766
CD160	0.055495
CD163	0.045969
CD163L1	0.045851
CD164	0.041840
CD164L2	0.034693
CD177	0.031422
CD180	0.070727
CD19	0.053261
CD1A	0.047322
CD1B	0.071639
CD1C	0.087674
CD1D	0.064576
CD1E	0.064858
CD2	0.068389
CD200	0.044337
CD200R1	0.050182
CD200R1L	0.053616
CD207	0.032692
CD209	0.058728
CD22	0.045782
CD226	0.076637
CD24	0.026199
CD244	0.971844
CD247	0.057820
CD248	0.054160
CD27	0.044019
CD274	0.055310
CD276	0.052307
CD28	0.362374
CD2AP	0.030819
CD2BP2	0.103739
CD300A	0.059429
CD300C	0.799876
CD300E	0.048566
CD300LB	0.079081
CD300LD	0.040425
CD300LF	0.051369
CD300LG	0.041187
CD302	0.041804
CD320	0.042702
CD33	0.044347
CD34	0.041037
CD36	0.037199
CD37	0.041992
CD38	0.048183
CD3D	0.070326
CD3E	0.082040
CD3G	0.073213
CD4	0.060120
CD40	0.074030
CD40LG	0.046070
CD44	0.090649
CD46	0.045014
CD47	0.039380
CD48	0.047168
CD5	0.046716
CD52	0.028254
CD53	0.040002
CD55	0.037992
CD58	0.059948
CD59	0.047611
CD5L	0.027604
CD6	0.049426
CD63	0.047034
CD68	0.041508
CD69	0.070422
CD7	0.049138
CD70	0.043320
CD72	0.044309
CD74	0.062509
CD79A	0.110389
CD79B	0.044007
CD80	0.053209
CD81	0.048158
CD82	0.045182
CD83	0.049648
CD84	0.053993
CD86	0.092363
CD8A	0.056509
CD8B	0.045672
CD9	0.041408
CD93	0.059041
CD96	0.055608
CD99	0.041105
CD99L2	0.033701
CDA	0.032257
CDADC1	0.124415
CDAN1	0.098639
CDC123	0.029566
CDC14A	0.040161
CDC14B	0.033903
CDC16	0.073375
CDC20	0.437946
CDC20B	0.029018
CDC23	0.071009
CDC25A	0.046198
CDC25B	0.052795
CDC25C	0.041099
CDC26	0.086732
CDC34	0.104793
CDC37	0.096982
CDC37L1	0.026365
CDC40	0.068644
CDC42	0.070199
CDC42BPA	0.037783
CDC42BPB	0.045482
CDC42BPG	0.034275
CDC42EP1	0.027900
CDC42EP2	0.031553
CDC42EP3	0.035694
CDC42EP4	0.026414
CDC42EP5	0.032432
CDC42SE1	0.027582
CDC42SE2	0.026598
CDC45	0.043256
CDC5L	0.871201
CDC6	0.149940
CDC7	0.109567
CDC73	0.056261
CDCA2	0.040880
CDCA3	0.034073
CDCA4	0.025374
CDCA5	0.063221
CDCA7	0.036489
CDCA7L	0.068622
CDCA8	0.060093
CDCP1	0.063824
CDCP2	0.077053
CDH1	0.048903
CDH10	0.038241
CDH11	0.042594
CDH12	0.039704
CDH13	0.088928
CDH15	0.038267
CDH16	0.793837
CDH17	0.058732
CDH18	0.051187
CDH19	0.040613
CDH2	0.068667
CDH20	0.042034
CDH22	0.056835
CDH23	0.036206
CDH24	0.049435
CDH26	0.033109
CDH3	0.074507
CDH4	0.043243
CDH5	0.048229
CDH6	0.041865
CDH7	0.046484
CDH8	0.045367
CDH9	0.046463
CDHR1	0.032550
CDHR2	0.051939
CDHR3	0.042719
CDHR4	0.040077
CDHR5	0.052302
CDIN1	0.045948
CDIP1	0.031842
CDIPT	0.103124
CDK1	0.049073
CDK10	0.101136
CDK11A	0.093881
CDK11B	0.144870
CDK12	0.102936
CDK13	0.067154
CDK14	0.085280
CDK15	0.035515
CDK16	0.081360
CDK17	0.076801
CDK18	0.085645
CDK19	0.086016
CDK2	0.097917
CDK20	0.098843
CDK2AP1	0.033882
CDK2AP2	0.114327
CDK3	0.071346
CDK4	0.092213
CDK5	0.099365
CDK5R1	0.069511
CDK5R2	0.037706
CDK5RAP1	0.096387
CDK5RAP2	0.035073
CDK5RAP3	0.065232
CDK6	0.095928
CDK7	0.090915
CDK8	0.043385
CDK9	0.976364
CDKAL1	0.058663
CDKL1	0.057444
CDKL2	0.028024
CDKL3	0.030241
CDKL4	0.062302
CDKL5	0.095150
CDKN1A	0.094383
CDKN1B	0.118216
CDKN1C	0.100212
CDKN2A	0.093199
CDKN2AIP	0.032995
CDKN2AIPNL	0.025610
CDKN2B	0.038292
CDKN2C	0.050909
CDKN2D	0.057914
CDKN3	0.187171
CDNF	0.028812
CDO1	0.030001
CDON	0.039967
CDPF1	0.027918
CDR2	0.030824
CDR2L	0.025358
CDRT15	0.031073
CDRT4	0.024388
CDS1	0.029648
CDS2	0.027749
CDSN	0.029134
CDT1	0.116683
CDV3	0.088430
CDX1	0.043003
CDX2	0.038266
CDX4	0.048031
CDY1	0.026493
CDY1B	0.044597
CDY2A	0.026211
CDY2B	0.027791
CDYL	0.031125
CDYL2	0.028123
CEACAM1	0.052664
CEACAM16	0.039840
CEACAM18	0.048539
CEACAM19	0.099330
CEACAM21	0.075835
CEACAM3	0.216042
CEACAM4	0.073335
CEACAM5	0.050343
CEACAM6	0.086589
CEACAM7	0.072548
CEACAM8	0.053620
CEBPA	0.099798
CEBPB	0.084319
CEBPD	0.069539
CEBPE	0.061338
CEBPG	0.067154
CEL	0.073652
CELA1	0.028185
CELA2A	0.050374
CELA2B	0.031741
CELA3A	0.033949
CELA3B	0.035466
CELF1	0.031614
CELF2	0.032264
CELF3	0.038859
CELF4	0.030562
CELF5	0.027711
CELF6	0.036037
CELSR1	0.039337
CELSR2	0.048421
CELSR3	0.033819
CEMIP	0.041760
CEMIP2	0.033079
CEMP1	0.025178
CENATAC	0.032528
CEND1	0.028580
CENPA	0.070922
CENPB	0.027802
CENPC	0.056882
CENPE	0.952749
CENPF	0.046886
CENPH	0.052554
CENPI	0.102525
CENPK	0.476787
CENPL	0.055260
CENPM	0.028556
CENPN	0.067846
CENPO	0.060826
CENPP	0.037373
CENPQ	0.050164
CENPS	0.094544
CENPT	0.058819
CENPU	0.092060
CENPV	0.025351
CENPW	0.028437
CENPX	0.057712
CEP104	0.096575
CEP112	0.027104
CEP120	0.084511
CEP126	0.032890
CEP128	0.029566
CEP131	0.040015
CEP135	0.029610
CEP15	0.025971
CEP152	0.028384
CEP162	0.030197
CEP164	0.327859
CEP170	0.038938
CEP170B	0.033252
CEP19	0.026661
CEP192	0.035205
CEP20	0.037007
CEP250	0.037153
CEP290	0.095626
CEP350	0.026723
CEP41	0.094498
CEP43	0.103554
CEP44	0.046257
CEP55	0.025625
CEP57	0.090591
CEP57L1	0.026830
CEP63	0.028307
CEP68	0.026823
CEP70	0.096168
CEP72	0.032339
CEP76	0.085995
CEP83	0.029754
CEP85	0.028790
CEP85L	0.028565
CEP89	0.029106
CEP95	0.025826
CEP97	0.026365
CEPT1	0.040642
CER1	0.052889
CERCAM	0.063254
CERK	0.102955
CERKL	0.030676
CERS1	0.033214
CERS2	0.028753
CERS3	0.027819
CERS4	0.030150
CERS5	0.026721
CERS6	0.026244
CERT1	0.084947
CES1	0.039908
CES2	0.054428
CES3	0.040125
CES4A	0.060196
CES5A	0.055760
CETN1	0.066687
CETN2	0.038683
CETN3	0.040998
CETP	0.068119
CFAP100	0.028205
CFAP107	0.035499
CFAP119	0.026605
CFAP126	0.030944
CFAP141	0.028161
CFAP157	0.026607
CFAP161	0.031106
CFAP184	0.027832
CFAP20	0.054648
CFAP206	0.055630
CFAP20DC	0.048887
CFAP210	0.025328
CFAP221	0.026432
CFAP251	0.025321
CFAP263	0.027501
CFAP298	0.107822
CFAP299	0.046631
CFAP300	0.109659
CFAP36	0.031368
CFAP410	0.034105
CFAP418	0.033622
CFAP43	0.028597
CFAP44	0.026837
CFAP45	0.032096
CFAP46	0.105957
CFAP47	0.029084
CFAP52	0.025053
CFAP53	0.026013
CFAP54	0.112427
CFAP57	0.040018
CFAP58	0.039680
CFAP61	0.069207
CFAP65	0.029225
CFAP68	0.026850
CFAP69	0.065870
CFAP70	0.061443
CFAP74	0.025875
CFAP77	0.038985
CFAP91	0.027503
CFAP95	0.030365
CFAP96	0.034532
CFB	0.033995
CFC1	0.052088
CFC1B	0.043914
CFD	0.058211
CFDP1	0.110719
CFH	0.033352
CFHR1	0.038832
CFHR2	0.039674
CFHR3	0.029468
CFHR4	0.028675
CFHR5	0.028924
CFI	0.047544
CFL1	0.043540
CFL2	0.055525
CFLAR	0.045082
CFP	0.034681
CFTR	0.029231
CGA	0.049887
CGAS	0.025824
CGB1	0.050845
CGB2	0.054202
CGB3	0.064749
CGB5	0.052750
CGB7	0.050449
CGB8	0.053392
CGN	0.026710
CGNL1	0.027722
CGREF1	0.033126
CGRRF1	0.033583
CH25H	0.036039
CHAC1	0.028246
CHAC2	0.027838
CHAD	0.054170
CHADL	0.079750
CHAF1A	0.044464
CHAF1B	0.041124
CHAMP1	0.025237
CHAT	0.032408
CHCHD1	0.023852
CHCHD10	0.028904
CHCHD2	0.038250
CHCHD3	0.028061
CHCHD4	0.032314
CHCHD5	0.032824
CHCHD6	0.033664
CHCHD7	0.029169
CHCT1	0.026825
CHD1	0.106426
CHD1L	0.028977
CHD2	0.100101
CHD3	0.124997
CHD4	0.123299
CHD5	0.111985
CHD6	0.127142
CHD7	0.101049
CHD8	0.113564
CHD9	0.107877
CHDH	0.025579
CHEK1	0.390774
CHEK2	0.087189
CHERP	0.046861
CHFR	0.025802
CHGA	0.071532
CHGB	0.088998
CHI3L1	0.041755
CHI3L2	0.037288
CHIA	0.034281
CHIC1	0.028308
CHIC2	0.030716
CHID1	0.027760
CHIT1	0.054981
CHKA	0.027652
CHKB	0.030099
CHL1	0.059793
CHLSN	0.038171
CHM	0.045008
CHML	0.026406
CHMP1A	0.028109
CHMP1B	0.032844
CHMP2A	0.976501
CHMP2B	0.082098
CHMP3	0.071018
CHMP4A	0.046636
CHMP4B	0.034136
CHMP4C	0.039112
CHMP5	0.094596
CHMP6	0.100030
CHMP7	0.087495
CHN1	0.040820
CHN2	0.047042
CHODL	0.034647
CHORDC1	0.091864
CHP1	0.033101
CHP2	0.026020
CHPF	0.038247
CHPF2	0.042541
CHPT1	0.049815
CHRAC1	0.107541
CHRD	0.051336
CHRDL1	0.052896
CHRDL2	0.043040
CHRFAM7A	0.074250
CHRM1	0.071679
CHRM2	0.071505
CHRM3	0.082848
CHRM4	0.067913
CHRM5	0.078729
CHRNA1	0.054476
CHRNA10	0.067320
CHRNA2	0.057208
CHRNA3	0.040485
CHRNA4	0.053362
CHRNA5	0.053711
CHRNA6	0.046226
CHRNA7	0.090034
CHRNA9	0.060651
CHRNB1	0.077990
CHRNB2	0.037929
CHRNB3	0.055342
CHRNB4	0.054334
CHRND	0.071853
CHRNE	0.062224
CHRNG	0.065618
CHST1	0.042578
CHST10	0.075725
CHST11	0.058933
CHST12	0.089219
CHST13	0.086237
CHST14	0.173332
CHST15	0.028556
CHST2	0.040495
CHST3	0.063881
CHST4	0.031054
CHST5	0.036498
CHST6	0.033183
CHST7	0.050206
CHST8	0.044906
CHST9	0.056626
CHSY1	0.034617
CHSY3	0.052225
CHTF18	0.063806
CHTF8	0.122028
CHTOP	0.025446
CHUK	0.066520
CHURC1	0.027121
CIAO1	0.100981
CIAO2A	0.032079
CIAO2B	0.043837
CIAO3	0.079663
CIAPIN1	0.034280
CIART	0.035790
CIB1	0.043011
CIB2	0.033106
CIB3	0.026021
CIB4	0.037878
CIBAR2	0.028219
CIC	0.044351
CIDEA	0.030537
CIDEB	0.044696
CIDEC	0.032252
CIITA	0.032031
CILK1	0.028756
CILP	0.031922
CILP2	0.029599
CIMAP1A	0.024979
CIMAP1B	0.031083
CIMAP1C	0.025744
CIMAP1D	0.023733
CIMAP2	0.024451
CIMAP3	0.034300
CIMIP1	0.029110
CIMIP2A	0.033041
CIMIP4	0.027179
CIMIP5	0.024391
CIMIP6	0.033868
CIMIP7	0.025260
CINP	0.118185
CIP2A	0.084781
CIPC	0.028433
CIRBP	0.036743
CIROZ	0.044121
CIRSR	0.024327
CISD1	0.038313
CISD2	0.032672
CISD3	0.030633
CISH	0.085368
CIT	0.037178
CITED1	0.071566
CITED2	0.061398
CITED4	0.049035
CIZ1	0.027714
CKAP2	0.037850
CKAP2L	0.042071
CKAP4	0.032963
CKAP5	0.971945
CKB	0.025392
CKLF	0.033094
CKM	0.026573
CKMT2	0.030782
CKS1B	0.037395
CKS2	0.039394
CLASP1	0.089327
CLASP2	0.082853
CLASRP	0.024175
CLBA1	0.029083
CLC	0.026704
CLCA1	0.038798
CLCA2	0.030416
CLCA4	0.033303
CLCC1	0.037393
CLCF1	0.046535
CLCN1	0.051391
CLCN2	0.048529
CLCN3	0.070784
CLCN4	0.029236
CLCN5	0.033643
CLCN6	0.056882
CLCN7	0.041312
CLCNKA	0.048953
CLCNKB	0.035602
CLDN1	0.044943
CLDN10	0.048611
CLDN11	0.037985
CLDN12	0.027494
CLDN14	0.050790
CLDN15	0.029294
CLDN16	0.035326
CLDN17	0.029283
CLDN18	0.066216
CLDN19	0.053974
CLDN2	0.049640
CLDN20	0.030839
CLDN23	0.032699
CLDN4	0.038088
CLDN5	0.039869
CLDN6	0.075827
CLDN7	0.045692
CLDN8	0.030055
CLDN9	0.045451
CLDND1	0.031217
CLDND2	0.030426
CLEC10A	0.040682
CLEC11A	0.044969
CLEC12A	0.058460
CLEC12B	0.065551
CLEC14A	0.052279
CLEC16A	0.028198
CLEC17A	0.044854
CLEC18A	0.032642
CLEC18B	0.041060
CLEC18C	0.039451
CLEC1A	0.049747
CLEC1B	0.055180
CLEC2A	0.079253
CLEC2B	0.050611
CLEC2D	0.089997
CLEC2L	0.060557
CLEC3A	0.049191
CLEC3B	0.046552
CLEC4A	0.062909
CLEC4C	0.074764
CLEC4D	0.047114
CLEC4E	0.044348
CLEC4F	0.033368
CLEC4G	0.062345
CLEC4M	0.049233
CLEC5A	0.059375
CLEC6A	0.048908
CLEC7A	0.056548
CLEC9A	0.069719
CLGN	0.093283
CLHC1	0.027653
CLIC1	0.032879
CLIC2	0.030145
CLIC3	0.035166
CLIC4	0.052626
CLIC5	0.041254
CLIC6	0.027461
CLINT1	0.094238
CLIP1	0.094882
CLIP2	0.027791
CLIP3	0.035038
CLIP4	0.029211
CLK1	0.039971
CLK2	0.039407
CLK3	0.038071
CLK4	0.038685
CLMN	0.029051
CLMP	0.044434
CLN3	0.035229
CLN5	0.028091
CLN6	0.032232
CLN8	0.033353
CLNK	0.048705
CLNS1A	0.103447
CLOCK	0.977683
CLP1	0.034040
CLPB	0.034032
CLPP	0.103113
CLPS	0.032276
CLPSL1	0.027287
CLPSL2	0.041232
CLPTM1	0.086345
CLPTM1L	0.031502
CLPX	0.162240
CLRN1	0.039589
CLRN3	0.030557
CLSPN	0.109786
CLSTN1	0.042347
CLSTN2	0.045075
CLSTN3	0.041926
CLTA	0.091604
CLTB	0.973095
CLTC	0.116062
CLTCL1	0.093682
CLTRN	0.029400
CLU	0.086459
CLUAP1	0.029465
CLUH	0.082999
CLUL1	0.036726
CLVS1	0.024282
CLVS2	0.025268
CLXN	0.026433
CLYBL	0.026107
CMA1	0.030338
CMAS	0.030356
CMBL	0.035553
CMC1	0.031158
CMC2	0.036493
CMIP	0.071712
CMKLR1	0.114960
CMKLR2	0.090231
CMPK1	0.025903
CMPK2	0.027112
CMSS1	0.116787
CMTM1	0.029553
CMTM2	0.028258
CMTM3	0.043034
CMTM4	0.027562
CMTM5	0.034091
CMTM6	0.030570
CMTM7	0.026482
CMTM8	0.027572
CMTR1	0.050773
CMTR2	0.025360
CMYA5	0.026894
CNBD1	0.025804
CNBD2	0.024726
CNBP	0.025090
CNDP1	0.027745
CNDP2	0.033242
CNEP1R1	0.103012
CNFN	0.038240
CNGA1	0.042954
CNGA2	0.041759
CNGA3	0.044321
CNGA4	0.039670
CNGB1	0.062061
CNGB3	0.048654
CNIH1	0.224555
CNIH2	0.031275
CNIH3	0.038941
CNIH4	0.026221
CNKSR1	0.028628
CNKSR2	0.038933
CNKSR3	0.049601
CNMD	0.027267
CNN1	0.025836
CNN2	0.027188
CNN3	0.025766
CNNM1	0.064664
CNNM2	0.041381
CNNM3	0.042664
CNNM4	0.029164
CNOT1	0.035681
CNOT10	0.134795
CNOT11	0.040424
CNOT2	0.103243
CNOT3	0.048255
CNOT4	0.064617
CNOT6	0.042101
CNOT6L	0.047439
CNOT7	0.093519
CNOT8	0.028055
CNOT9	0.100631
CNP	0.025082
CNPPD1	0.026130
CNPY2	0.029994
CNPY3	0.047213
CNPY4	0.025352
CNR1	0.058158
CNR2	0.065702
CNRIP1	0.027438
CNST	0.025397
CNTD1	0.028974
CNTF	0.028575
CNTFR	0.066375
CNTLN	0.024592
CNTN1	0.070492
CNTN2	0.050502
CNTN3	0.062670
CNTN4	0.090390
CNTN5	0.079597
CNTN6	0.082512
CNTNAP1	0.068975
CNTNAP2	0.116282
CNTNAP3	0.094420
CNTNAP4	0.091622
CNTNAP5	0.053712
CNTRL	0.072776
CNTROB	0.024998
COA1	0.035260
COA3	0.037474
COA4	0.038065
COA5	0.041592
COA6	0.035996
COA7	0.027012
COA8	0.042979
COASY	0.029228
COBL	0.032771
COBLL1	0.033074
COCH	0.032429
COG1	0.101447
COG2	0.069506
COG3	0.112907
COG4	0.097377
COG5	0.104389
COG6	0.107122
COG7	0.110879
COG8	0.093774
COIL	0.024922
COL10A1	0.060004
COL11A1	0.057476
COL11A2	0.053736
COL12A1	0.053923
COL13A1	0.066087
COL14A1	0.059140
COL15A1	0.070330
COL16A1	0.087359
COL17A1	0.071474
COL18A1	0.050582
COL19A1	0.082379
COL1A1	0.063053
COL1A2	0.043222
COL20A1	0.062386
COL21A1	0.055124
COL22A1	0.081001
COL23A1	0.043488
COL24A1	0.087777
COL25A1	0.059413
COL26A1	0.061671
COL27A1	0.091038
COL28A1	0.071550
COL2A1	0.052405
COL3A1	0.040949
COL4A1	0.110568
COL4A2	0.387251
COL4A3	0.094018
COL4A4	0.097847
COL4A5	0.080416
COL4A6	0.097592
COL5A1	0.049145
COL5A2	0.052280
COL5A3	0.057659
COL6A1	0.046355
COL6A2	0.073885
COL6A3	0.050657
COL6A5	0.049931
COL7A1	0.046046
COL8A1	0.059856
COL8A2	0.063403
COL9A1	0.063845
COL9A2	0.046733
COL9A3	0.048024
COLEC10	0.045570
COLEC11	0.038267
COLEC12	0.055099
COLGALT1	0.054896
COLGALT2	0.063962
COLQ	0.050270
COMMD1	0.098046
COMMD10	0.107094
COMMD2	0.232605
COMMD3	0.120232
COMMD4	0.099871
COMMD5	0.113831
COMMD6	0.054019
COMMD7	0.100530
COMMD8	0.065960
COMMD9	0.089731
COMP	0.052378
COMT	0.087935
COMTD1	0.027170
COP1	0.118290
COPA	0.979620
COPB1	0.972876
COPB2	0.967967
COPE	0.104771
COPG1	0.970443
COPG2	0.108657
COPRS	0.041591
COPS2	0.101004
COPS3	0.075932
COPS4	0.115015
COPS5	0.092319
COPS6	0.153518
COPS7A	0.227402
COPS7B	0.068223
COPS8	0.128940
COPS9	0.030820
COPZ1	0.929081
COPZ2	0.032000
COQ10A	0.029557
COQ10B	0.025287
COQ2	0.029360
COQ3	0.030726
COQ4	0.031356
COQ5	0.062515
COQ6	0.068513
COQ7	0.073844
COQ8A	0.026376
COQ8B	0.025694
COQ9	0.090252
CORIN	0.050397
CORO1A	0.027310
CORO1B	0.028010
CORO1C	0.026148
CORO2A	0.027902
CORO2B	0.025092
CORO6	0.056326
CORO7	0.028352
CORT	0.073251
COTL1	0.095349
COX10	0.032931
COX11	0.052192
COX14	0.031468
COX15	0.043041
COX16	0.028818
COX17	0.031541
COX18	0.029231
COX19	0.050932
COX20	0.026416
COX4I1	0.026861
COX4I2	0.035696
COX5A	0.077063
COX5B	0.035781
COX6A1	0.057077
COX6B1	0.039852
COX6B2	0.038172
COX6C	0.032750
COX7A1	0.041430
COX7A2	0.030571
COX7A2L	0.028963
COX7B	0.037053
COX7B2	0.035527
COX7C	0.056003
COX8A	0.044338
COX8C	0.035838
COXFA4	0.028523
COXFA4L2	0.033204
COXFA4L3	0.029416
CP	0.040646
CPA1	0.025966
CPA2	0.028219
CPA3	0.029600
CPA4	0.034152
CPA5	0.028139
CPA6	0.029040
CPAMD8	0.039054
CPAP	0.025088
CPB1	0.028388
CPB2	0.032795
CPD	0.036531
CPE	0.027172
CPEB1	0.057740
CPEB2	0.056203
CPEB3	0.027512
CPEB4	0.047495
CPED1	0.042851
CPLANE1	0.044396
CPLANE2	0.033500
CPLX1	0.111481
CPLX2	0.098149
CPLX3	0.026449
CPLX4	0.026831
CPM	0.028640
CPN1	0.033990
CPN2	0.039312
CPNE1	0.025482
CPNE2	0.074631
CPNE3	0.081543
CPNE4	0.039260
CPNE5	0.027208
CPNE6	0.028585
CPNE7	0.031217
CPNE8	0.027664
CPNE9	0.025553
CPO	0.030614
CPOX	0.025809
CPPED1	0.030623
CPQ	0.029864
CPS1	0.024916
CPSF1	0.944487
CPSF2	0.102544
CPSF3	0.107790
CPSF4	0.102145
CPSF6	0.099348
CPSF7	0.116935
CPT1A	0.026654
CPT1B	0.028726
CPT1C	0.029459
CPT2	0.026313
CPTP	0.025692
CPVL	0.034874
CPXCR1	0.024450
CPXM1	0.042225
CPXM2	0.048688
CPZ	0.027094
CR1	0.031299
CR2	0.033314
CRABP1	0.027434
CRABP2	0.395971
CRACDL	0.028430
CRACR2A	0.028462
CRACR2B	0.030030
CRADD	0.049765
CRAMP1	0.081555
CRAT	0.043003
CRB1	0.044870
CRB2	0.034555
CRB3	0.037260
CRBN	0.109214
CRCP	0.024688
CRCT1	0.028961
CREB1	0.087065
CREB3	0.080630
CREB3L1	0.078679
CREB3L2	0.085058
CREB3L3	0.071605
CREB3L4	0.095602
CREB5	0.072041
CREBBP	0.102488
CREBL2	0.053300
CREBRF	0.074356
CREBZF	0.043318
CREG1	0.037254
CREG2	0.028854
CRELD1	0.036058
CRELD2	0.034013
CRH	0.084576
CRHBP	0.025811
CRHR1	0.109913
CRHR2	0.095351
CRIM1	0.043648
CRIP1	0.023113
CRIP2	0.032668
CRIP3	0.026479
CRIPT	0.028976
CRIPTO	0.047893
CRISP1	0.031150
CRISP2	0.052890
CRISP3	0.041162
CRISPLD1	0.041263
CRISPLD2	0.033415
CRK	0.081855
CRKL	0.114402
CRLF1	0.041439
CRLF2	0.068014
CRLF3	0.038689
CRLS1	0.094318
CRMP1	0.032447
CRNKL1	0.974941
CRNN	0.026698
CROCC	0.032605
CROT	0.028425
CRP	0.050669
CRTAC1	0.037921
CRTAM	0.053427
CRTAP	0.080401
CRTC1	0.078813
CRTC2	0.030489
CRTC3	0.043193
CRX	0.071922
CRY1	0.102841
CRY2	0.108319
CRYAA	0.042666
CRYAB	0.156974
CRYBA1	0.025208
CRYBA2	0.035594
CRYBA4	0.024557
CRYBB1	0.023919
CRYBB2	0.026429
CRYBB3	0.037126
CRYBG1	0.032359
CRYBG2	0.024933
CRYBG3	0.028978
CRYGA	0.024944
CRYGB	0.025224
CRYGC	0.025534
CRYGD	0.026224
CRYGN	0.025809
CRYGS	0.051752
CRYL1	0.029741
CRYM	0.032364
CRYZ	0.027014
CRYZL1	0.032537
CS	0.027201
CSAD	0.097193
CSAG2	0.025735
CSDC2	0.028414
CSDE1	0.111834
CSE1L	0.110874
CSF1	0.072340
CSF1R	0.061756
CSF2	0.044710
CSF2RA	0.055042
CSF2RB	0.073803
CSF3	0.166450
CSF3R	0.041725
CSGALNACT1	0.045491
CSGALNACT2	0.151135
CSHL1	0.066696
CSK	0.072615
CSKMT	0.026789
CSMD1	0.063597
CSMD2	0.059754
CSMD3	0.062151
CSN1S1	0.028518
CSN2	0.034993
CSN3	0.028181
CSNK1A1	0.090153
CSNK1A1L	0.026137
CSNK1D	0.089084
CSNK1E	0.090345
CSNK1G1	0.038761
CSNK1G2	0.045780
CSNK1G3	0.062934
CSNK2A1	0.274215
CSNK2A2	0.062724
CSNK2B	0.099686
CSPG4	0.041756
CSPG5	0.049144
CSPP1	0.069409
CSRNP1	0.038434
CSRNP2	0.025149
CSRNP3	0.026031
CSRP1	0.028743
CSRP2	0.027944
CSRP3	0.026029
CST1	0.030159
CST11	0.032244
CST2	0.026584
CST3	0.032950
CST4	0.037125
CST5	0.034424
CST6	0.026576
CST7	0.027067
CST8	0.027758
CST9	0.029238
CST9L	0.030081
CSTA	0.098761
CSTB	0.037676
CSTF1	0.025972
CSTF2	0.095706
CSTF2T	0.039424
CSTF3	0.114918
CSTL1	0.030237
CSTPP1	0.025973
CT45A1	0.031201
CT45A2	0.041453
CT45A3	0.026847
CT45A5	0.031835
CT45A6	0.028508
CT47A1	0.028583
CT47A10	0.027819
CT47A11	0.024430
CT47A2	0.025787
CT47A3	0.030465
CT47A4	0.026195
CT47A5	0.026509
CT47A6	0.026564
CT47A7	0.025416
CT47A8	0.027362
CT47A9	0.027834
CT55	0.024887
CT83	0.025487
CTAG1A	0.026553
CTAG1B	0.025987
CTAG2	0.025434
CTAGE1	0.026676
CTAGE15	0.026704
CTAGE4	0.027828
CTAGE6	0.027216
CTBP1	0.059975
CTBP2	0.056864
CTBS	0.030876
CTC1	0.029117
CTCF	0.054540
CTCFL	0.025700
CTDNEP1	0.025545
CTDP1	0.084065
CTDSP1	0.087606
CTDSP2	0.093499
CTDSPL	0.026797
CTDSPL2	0.093492
CTF1	0.025970
CTH	0.030169
CTHRC1	0.099180
CTIF	0.110249
CTLA4	0.091361
CTNNA1	0.064476
CTNNA2	0.044802
CTNNA3	0.028114
CTNNAL1	0.030020
CTNNB1	0.092515
CTNNBIP1	0.215225
CTNNBL1	0.116208
CTNND1	0.098993
CTNND2	0.057288
CTNS	0.029183
CTPS1	0.035461
CTPS2	0.044067
CTR9	0.087639
CTRB1	0.041152
CTRC	0.034165
CTRL	0.063233
CTSA	0.075538
CTSB	0.078755
CTSC	0.116572
CTSD	0.049460
CTSE	0.051600
CTSF	0.217847
CTSG	0.036452
CTSH	0.083877
CTSK	0.039838
CTSL	0.040223
CTSO	0.044084
CTSS	0.043430
CTSV	0.033347
CTSW	0.057612
CTSZ	0.048502
CTTN	0.100099
CTTNBP2	0.077073
CTTNBP2NL	0.088331
CTU1	0.033111
CTU2	0.118797
CTXN1	0.033954
CTXN3	0.026533
CUBN	0.048995
CUEDC1	0.027519
CUEDC2	0.038238
CUL1	0.132093
CUL2	0.100484
CUL3	0.198984
CUL4A	0.133874
CUL4B	0.117333
CUL5	0.106643
CUL7	0.087890
CUL9	0.113767
CUTA	0.029242
CUTC	0.026877
CUX1	0.973337
CUX2	0.042655
CUZD1	0.036197
CWC15	0.157368
CWC22	0.973623
CWC25	0.024821
CWC27	0.046084
CWF19L1	0.025630
CWF19L2	0.027080
CWH43	0.031486
CX3CL1	0.061106
CX3CR1	0.068770
CXADR	0.062136
CXCL1	0.081667
CXCL10	0.065400
CXCL11	0.077136
CXCL12	0.062020
CXCL13	0.090989
CXCL14	0.071295
CXCL16	0.063521
CXCL17	0.038029
CXCL2	0.076985
CXCL3	0.100912
CXCL5	0.075410
CXCL6	0.072271
CXCL8	0.047301
CXCL9	0.180516
CXCR1	0.113407
CXCR2	0.067050
CXCR3	0.060778
CXCR4	0.062757
CXCR5	0.080429
CXCR6	0.080813
CXXC1	0.054020
CXXC4	0.028721
CXXC5	0.035876
CXorf38	0.024233
CXorf58	0.026823
CXorf65	0.024402
CXorf66	0.027055
CYB561	0.034728
CYB561A3	0.029685
CYB561D1	0.035100
CYB561D2	0.034593
CYB5A	0.096621
CYB5B	0.075528
CYB5D1	0.026827
CYB5D2	0.026943
CYB5R1	0.072228
CYB5R2	0.032094
CYB5R3	0.048829
CYB5R4	0.027869
CYB5RL	0.029168
CYBA	0.042743
CYBB	0.903876
CYBC1	0.027602
CYBRD1	0.029534
CYC1	0.034149
CYCS	0.087239
CYFIP1	0.563724
CYFIP2	0.085167
CYGB	0.038960
CYLC1	0.028241
CYLC2	0.028828
CYLD	0.046564
CYP11A1	0.028494
CYP11B1	0.028400
CYP11B2	0.040021
CYP17A1	0.038741
CYP19A1	0.047889
CYP1A1	0.083894
CYP1A2	0.130412
CYP1B1	0.143280
CYP20A1	0.034257
CYP21A2	0.052577
CYP24A1	0.031550
CYP26A1	0.062765
CYP26B1	0.089757
CYP26C1	0.028787
CYP27A1	0.028811
CYP27B1	0.027715
CYP27C1	0.029051
CYP2A13	0.036683
CYP2A6	0.226426
CYP2A7	0.031713
CYP2B6	0.040044
CYP2C18	0.043393
CYP2C19	0.051049
CYP2C8	0.045852
CYP2C9	0.050787
CYP2D6	0.027519
CYP2E1	0.044955
CYP2F1	0.028089
CYP2J2	0.026176
CYP2R1	0.053949
CYP2S1	0.027400
CYP2U1	0.027690
CYP2W1	0.030845
CYP39A1	0.029636
CYP3A4	0.044618
CYP3A43	0.121706
CYP3A5	0.084475
CYP3A7	0.046183
CYP46A1	0.026865
CYP4A11	0.030242
CYP4A22	0.034456
CYP4B1	0.025349
CYP4F11	0.031524
CYP4F12	0.027578
CYP4F2	0.029593
CYP4F22	0.028835
CYP4F3	0.039477
CYP4F8	0.026478
CYP4V2	0.026743
CYP4X1	0.036612
CYP4Z1	0.037062
CYP51A1	0.587007
CYP7A1	0.039465
CYP7B1	0.029020
CYP8B1	0.027421
CYREN	0.028037
CYRIA	0.039851
CYRIB	0.028533
CYS1	0.026224
CYSLTR1	0.068805
CYSLTR2	0.076541
CYSRT1	0.033628
CYSTM1	0.030307
CYTH1	0.060317
CYTH2	0.045845
CYTH3	0.040843
CYTH4	0.035045
CYTIP	0.031087
CYTL1	0.043328
CYYR1	0.029785
CZIB	0.027597
D2HGDH	0.026371
DAAM1	0.063090
DAAM2	0.038543
DAB2	0.527915
DAB2IP	0.028430
DACH1	0.039345
DACH2	0.049651
DACT1	0.028542
DACT2	0.033769
DACT3	0.027968
DAD1	0.198510
DAG1	0.056139
DAGLA	0.042628
DAGLB	0.034027
DALRD3	0.029131
DAND5	0.067680
DAO	0.093791
DAOA	0.037132
DAP	0.025903
DAP3	0.977651
DAPK1	0.097208
DAPK2	0.060700
DAPK3	0.091110
DAPL1	0.026218
DAPP1	0.044598
DARS1	0.967347
DARS2	0.031732
DAW1	0.025322
DAXX	0.084561
DAZ1	0.028345
DAZ2	0.028835
DAZ4	0.030763
DAZAP1	0.035268
DAZAP2	0.027780
DAZL	0.039260
DBF4	0.094546
DBF4B	0.043772
DBH	0.026384
DBI	0.027359
DBN1	0.078459
DBNDD1	0.028018
DBNDD2	0.039797
DBNL	0.047352
DBP	0.051542
DBR1	0.169118
DBT	0.026638
DBX1	0.052543
DBX2	0.034658
DCAF1	0.282326
DCAF10	0.033436
DCAF11	0.969176
DCAF12	0.046640
DCAF12L1	0.034812
DCAF12L2	0.030003
DCAF13	0.093521
DCAF15	0.103104
DCAF16	0.033692
DCAF17	0.188602
DCAF4	0.028832
DCAF4L1	0.028475
DCAF4L2	0.025381
DCAF5	0.064835
DCAF6	0.096363
DCAF7	0.124028
DCAF8	0.042836
DCAF8L1	0.046328
DCAKD	0.077871
DCANP1	0.027226
DCBLD1	0.053583
DCBLD2	0.058663
DCC	0.049853
DCD	0.047464
DCDC1	0.026023
DCDC2	0.025322
DCHS1	0.031902
DCK	0.028626
DCLK1	0.028383
DCLK2	0.028977
DCLK3	0.035740
DCLRE1A	0.069177
DCLRE1B	0.071169
DCLRE1C	0.061372
DCN	0.077349
DCP1A	0.091442
DCP1B	0.092959
DCP2	0.123467
DCPH1	0.030650
DCPS	0.025085
DCST1	0.031213
DCST2	0.043121
DCSTAMP	0.061077
DCT	0.033034
DCTD	0.025142
DCTN1	0.803952
DCTN2	0.134294
DCTN4	0.348274
DCTN5	0.089982
DCTN6	0.104439
DCTPP1	0.042380
DCUN1D1	0.094239
DCUN1D2	0.092539
DCUN1D3	0.488492
DCUN1D4	0.092345
DCUN1D5	0.106811
DCX	0.037896
DCXR	0.089278
DDA1	0.108938
DDAH1	0.034609
DDAH2	0.076946
DDB1	0.385457
DDB2	0.058816
DDC	0.031866
DDHD1	0.027275
DDHD2	0.043485
DDI1	0.034894
DDI2	0.029931
DDIAS	0.079243
DDIT3	0.075846
DDIT4	0.042230
DDIT4L	0.027325
DDN	0.026857
DDO	0.082135
DDOST	0.120423
DDR1	0.043911
DDR2	0.068178
DDRGK1	0.025953
DDT	0.037103
DDTL	0.028577
DDX1	0.055932
DDX10	0.982711
DDX11	0.103489
DDX17	0.037543
DDX18	0.070690
DDX19A	0.114931
DDX19B	0.969238
DDX20	0.050641
DDX21	0.151135
DDX23	0.045067
DDX24	0.049544
DDX25	0.098912
DDX27	0.037753
DDX28	0.028871
DDX31	0.661976
DDX39A	0.108802
DDX39B	0.110361
DDX3X	0.148707
DDX3Y	0.414611
DDX4	0.028977
DDX41	0.052246
DDX42	0.132752
DDX43	0.025112
DDX46	0.037562
DDX47	0.044006
DDX49	0.094325
DDX5	0.388310
DDX50	0.153799
DDX51	0.025386
DDX52	0.035049
DDX53	0.027883
DDX54	0.971119
DDX55	0.099342
DDX56	0.038879
DDX59	0.065875
DDX6	0.282051
DDX60	0.056266
DEAF1	0.031867
DECR1	0.089370
DECR2	0.052029
DEDD	0.032308
DEDD2	0.034192
DEF6	0.027746
DEF8	0.029770
DEFA1	0.551671
DEFA3	0.036582
DEFA4	0.041927
DEFA5	0.028906
DEFA6	0.026462
DEFB1	0.030038
DEFB103A	0.028169
DEFB103B	0.026344
DEFB104A	0.032149
DEFB104B	0.032949
DEFB105A	0.027195
DEFB105B	0.027896
DEFB106A	0.035345
DEFB106B	0.030464
DEFB107A	0.027239
DEFB107B	0.026507
DEFB108B	0.041014
DEFB110	0.033099
DEFB112	0.029456
DEFB113	0.027685
DEFB114	0.044234
DEFB115	0.033144
DEFB116	0.032525
DEFB118	0.035567
DEFB121	0.027888
DEFB123	0.032127
DEFB124	0.065610
DEFB125	0.031979
DEFB126	0.034290
DEFB127	0.032220
DEFB128	0.033050
DEFB129	0.043640
DEFB130A	0.027285
DEFB131A	0.470494
DEFB132	0.038479
DEFB134	0.036888
DEFB135	0.031120
DEFB136	0.034966
DEFB4A	0.028297
DEGS1	0.025639
DEGS2	0.024848
DEK	0.026307
DELE1	0.041308
DENND10	0.027414
DENND1A	0.035261
DENND1B	0.026234
DENND1C	0.028441
DENND2A	0.027840
DENND2B	0.027253
DENND2C	0.031423
DENND2D	0.025435
DENND3	0.025389
DENND4A	0.036113
DENND4C	0.028012
DENND5A	0.085919
DENND5B	0.047634
DENND6A	0.027597
DENND6B	0.026430
DENR	0.024995
DEPDC1B	0.027416
DEPDC4	0.027009
DEPDC5	0.095223
DEPDC7	0.030833
DEPP1	0.027600
DEPTOR	0.029230
DERA	0.025941
DERL1	0.036097
DERL2	0.074555
DERL3	0.044311
DES	0.034889
DESI1	0.024945
DESI2	0.027534
DET1	0.069127
DEUP1	0.026027
DFFA	0.119980
DFFB	0.099592
DGAT1	0.042441
DGAT2	0.041334
DGAT2L6	0.038196
DGCR2	0.041058
DGCR6	0.033373
DGCR6L	0.028136
DGCR8	0.097901
DGKA	0.027072
DGKB	0.029346
DGKD	0.074897
DGKE	0.026439
DGKG	0.029566
DGKH	0.045515
DGKI	0.082057
DGKK	0.027436
DGKQ	0.026410
DGKZ	0.071354
DGLUCY	0.030885
DGUOK	0.038651
DHCR24	0.030455
DHCR7	0.043726
DHDDS	0.082338
DHDH	0.029415
DHFR	0.038187
DHFR2	0.043266
DHH	0.046816
DHODH	0.028189
DHPS	0.094999
DHRS1	0.025838
DHRS11	0.106983
DHRS12	0.062862
DHRS13	0.026402
DHRS2	0.076325
DHRS3	0.067851
DHRS4	0.071818
DHRS4L2	0.031760
DHRS7	0.044131
DHRS7B	0.041801
DHRS9	0.042961
DHRSX	0.119770
DHTKD1	0.027161
DHX15	0.107454
DHX16	0.066733
DHX29	0.022857
DHX30	0.058409
DHX32	0.039026
DHX33	0.026904
DHX34	0.036363
DHX35	0.026936
DHX36	0.025453
DHX37	0.061490
DHX38	0.106891
DHX40	0.941673
DHX57	0.036373
DHX58	0.103389
DHX8	0.369389
DHX9	0.088905
DIABLO	0.068519
DIAPH1	0.034655
DIAPH2	0.038863
DIAPH3	0.035635
DICER1	0.106607
DIDO1	0.093332
DIMT1	0.093565
DIO1	0.026904
DIO2	0.026159
DIO3	0.026398
DIP2A	0.054400
DIP2B	0.046317
DIP2C	0.074257
DIPK1A	0.035516
DIPK1B	0.030754
DIPK1C	0.027921
DIPK2A	0.035304
DIPK2B	0.033254
DIRAS1	0.085201
DIRAS2	0.025717
DIRAS3	0.026429
DIS3	0.030165
DIS3L	0.128977
DIS3L2	0.113381
DISC1	0.090012
DISP1	0.047365
DISP2	0.481582
DIXDC1	0.026573
DKC1	0.139703
DKK1	0.051939
DKK2	0.057636
DKK3	0.045032
DKK4	0.041764
DKKL1	0.035317
DLAT	0.086472
DLD	0.092420
DLEC1	0.030874
DLEU7	0.033342
DLG1	0.067202
DLG2	0.064076
DLG3	0.069225
DLG4	0.064149
DLG5	0.033483
DLGAP1	0.038532
DLGAP2	0.028493
DLGAP3	0.034193
DLGAP4	0.695567
DLGAP5	0.049147
DLK1	0.030040
DLK2	0.038184
DLL1	0.041895
DLL3	0.041191
DLL4	0.039960
DLST	0.094852
DLX1	0.041954
DLX2	0.051344
DLX3	0.044828
DLX4	0.044064
DLX5	0.055236
DMAC1	0.035694
DMAC2	0.026804
DMAC2L	0.033791
DMAP1	0.104452
DMBT1	0.042798
DMBX1	0.046021
DMC1	0.089320
DMD	0.039549
DMGDH	0.027964
DMKN	0.051296
DMP1	0.068141
DMPK	0.060904
DMRT1	0.042901
DMRT2	0.033834
DMRT3	0.034489
DMRTA1	0.034045
DMRTC1	0.025310
DMRTC1B	0.026786
DMRTC2	0.033373
DMTF1	0.111690
DMTN	0.026641
DMWD	0.035484
DMXL1	0.100016
DMXL2	0.121312
DNA2	0.321867
DNAAF1	0.032318
DNAAF10	0.028900
DNAAF11	0.043150
DNAAF19	0.026518
DNAAF2	0.031401
DNAAF3	0.033222
DNAAF4	0.025660
DNAAF5	0.328133
DNAAF6	0.025826
DNAAF8	0.027372
DNAH1	0.081963
DNAH10	0.090891
DNAH11	0.072480
DNAH12	0.056380
DNAH2	0.074246
DNAH3	0.038359
DNAH5	0.086683
DNAH6	0.030603
DNAH7	0.062439
DNAH8	0.065828
DNAH9	0.069070
DNAI1	0.076386
DNAI2	0.151786
DNAI3	0.103824
DNAI4	0.052712
DNAI7	0.026913
DNAJA1	0.029652
DNAJA2	0.117881
DNAJA3	0.040228
DNAJA4	0.079356
DNAJB1	0.088869
DNAJB11	0.078631
DNAJB12	0.038220
DNAJB13	0.072067
DNAJB14	0.032288
DNAJB2	0.090712
DNAJB4	0.111617
DNAJB5	0.095527
DNAJB6	0.093301
DNAJB7	0.025799
DNAJB8	0.076293
DNAJB9	0.044577
DNAJC1	0.112963
DNAJC10	0.089458
DNAJC11	0.027295
DNAJC12	0.035388
DNAJC13	0.093174
DNAJC14	0.032291
DNAJC15	0.026687
DNAJC16	0.030086
DNAJC17	0.043733
DNAJC18	0.071905
DNAJC19	0.960988
DNAJC2	0.086712
DNAJC21	0.049813
DNAJC22	0.030850
DNAJC24	0.030155
DNAJC25	0.271237
DNAJC25-GNG10	0.032540
DNAJC27	0.027189
DNAJC28	0.027046
DNAJC3	0.035440
DNAJC30	0.026089
DNAJC4	0.034219
DNAJC5	0.031109
DNAJC5B	0.026127
DNAJC6	0.077785
DNAJC7	0.099509
DNAJC8	0.031675
DNAJC9	0.042715
DNAL1	0.033460
DNAL4	0.030491
DNALI1	0.038701
DNASE1	0.075292
DNASE1L1	0.030843
DNASE1L2	0.027379
DNASE1L3	0.028893
DNASE2	0.031522
DNASE2B	0.035347
DND1	0.025810
DNER	0.045467
DNHD1	0.032815
DNLZ	0.030282
DNM1	0.091279
DNM1L	0.084169
DNM2	0.031336
DNM3	0.042322
DNMBP	0.036212
DNMT1	0.054920
DNMT3B	0.057264
DNMT3L	0.040124
DNPEP	0.098029
DNPH1	0.034219
DNTT	0.023487
DNTTIP1	0.055036
DNTTIP2	0.130147
DOC2A	0.096331
DOC2B	0.076423
DOCK1	0.095759
DOCK10	0.048564
DOCK11	0.089188
DOCK2	0.089699
DOCK3	0.095629
DOCK4	0.079282
DOCK5	0.097638
DOCK6	0.039934
DOCK7	0.062148
DOCK8	0.961861
DOCK9	0.090285
DOHH	0.028090
DOK1	0.085340
DOK2	0.097054
DOK3	0.043573
DOK4	0.032012
DOK5	0.035866
DOK6	0.028071
DOK7	0.039175
DOLK	0.027034
DOLPP1	0.048506
DONSON	0.978024
DOP1A	0.094095
DOP1B	0.104517
DORIP1	0.025548
DOT1L	0.078479
DPAGT1	0.038674
DPCD	0.034023
DPEP1	0.033521
DPEP2	0.027047
DPEP3	0.039110
DPF1	0.034191
DPF2	0.044931
DPF3	0.031468
DPH1	0.027865
DPH2	0.082289
DPH3	0.032333
DPH5	0.047273
DPH6	0.026824
DPH7	0.102368
DPM1	0.039637
DPM2	0.027346
DPM3	0.027354
DPP10	0.027825
DPP3	0.034182
DPP4	0.036230
DPP6	0.038029
DPP7	0.044930
DPP8	0.026935
DPP9	0.030473
DPPA2	0.035122
DPPA3	0.025378
DPPA4	0.026399
DPPA5	0.027526
DPRX	0.028663
DPT	0.106025
DPY19L2	0.026500
DPY19L3	0.045465
DPY19L4	0.029144
DPY30	0.047798
DPYD	0.025880
DPYS	0.043727
DPYSL2	0.026693
DPYSL3	0.023953
DPYSL4	0.027861
DPYSL5	0.030764
DQX1	0.066157
DR1	0.063342
DRAM1	0.028286
DRAM2	0.030269
DRAP1	0.048892
DRAXIN	0.045981
DRC1	0.025276
DRC10	0.043808
DRC11	0.029509
DRC12	0.030407
DRC2	0.029723
DRC3	0.043102
DRC4	0.031930
DRC5	0.029341
DRC7	0.029003
DRC8	0.025522
DRC9	0.029426
DRD1	0.072174
DRD2	0.089205
DRD3	0.076790
DRD4	0.099381
DRD5	0.068091
DRG1	0.117614
DRG2	0.028813
DRGX	0.048828
DRICH1	0.025964
DROSHA	0.030022
DRP2	0.045587
DSC1	0.034890
DSC2	0.035488
DSC3	0.038768
DSCAM	0.059495
DSCAML1	0.075277
DSCC1	0.058399
DSE	0.027518
DSEL	0.072495
DSG1	0.048970
DSG2	0.079492
DSG3	0.041657
DSG4	0.034008
DSN1	0.063755
DSP	0.045753
DSPP	0.027044
DST	0.065509
DSTN	0.028856
DSTYK	0.059196
DTD1	0.136366
DTD2	0.037405
DTL	0.132053
DTNB	0.033775
DTNBP1	0.085158
DTWD1	0.029519
DTWD2	0.029308
DTX1	0.070895
DTX2	0.043683
DTX3	0.034138
DTX3L	0.047414
DTX4	0.083823
DTYMK	0.076880
DUOX1	0.048720
DUOX2	0.037613
DUOXA1	0.029794
DUOXA2	0.027420
DUS1L	0.026745
DUS2	0.049817
DUS3L	0.034967
DUS4L	0.026159
DUSP1	0.031792
DUSP10	0.054072
DUSP11	0.027167
DUSP12	0.121683
DUSP13B	0.031064
DUSP14	0.034663
DUSP15	0.030177
DUSP16	0.026957
DUSP18	0.026449
DUSP19	0.028653
DUSP2	0.026979
DUSP21	0.026077
DUSP22	0.028779
DUSP23	0.030474
DUSP26	0.027403
DUSP28	0.025859
DUSP29	0.032255
DUSP3	0.039129
DUSP4	0.028933
DUSP5	0.025027
DUSP6	0.075848
DUSP7	0.036714
DUSP8	0.025922
DUSP9	0.024724
DUT	0.081632
DUX1	0.027274
DUX5	0.027502
DVL1	0.074125
DVL2	0.079756
DVL3	0.109696
DXO	0.026598
DYDC1	0.045037
DYDC2	0.034175
DYM	0.029818
DYNAP	0.051813
DYNC1H1	0.098172
DYNC1I1	0.093294
DYNC1I2	0.100773
DYNC1LI1	0.103496
DYNC1LI2	0.179896
DYNC2H1	0.094624
DYNC2I1	0.045007
DYNC2I2	0.106385
DYNC2LI1	0.096894
DYNLL1	0.211609
DYNLL2	0.124442
DYNLRB1	0.052180
DYNLRB2	0.070894
DYNLT1	0.099579
DYNLT2	0.041706
DYNLT2B	0.058586
DYNLT3	0.038109
DYNLT4	0.037300
DYNLT5	0.031849
DYRK1A	0.097951
DYRK1B	0.033558
DYRK2	0.105546
DYRK3	0.024981
DYRK4	0.026027
DYSF	0.058976
DZANK1	0.067293
DZIP1	0.077369
DZIP1L	0.086478
DZIP3	0.035829
E2F1	0.066125
E2F2	0.064830
E2F3	0.094803
E2F4	0.080460
E2F5	0.110867
E2F6	0.955383
E2F7	0.056361
E2F8	0.065017
E4F1	0.093044
EAF1	0.024184
EAF2	0.024055
EAPP	0.029406
EARS2	0.122067
EBAG9	0.087633
EBF1	0.029534
EBF2	0.033920
EBF3	0.031484
EBI3	0.044226
EBLN2	0.026760
EBNA1BP2	0.323008
EBP	0.028000
EBPL	0.037684
ECD	0.024818
ECE1	0.037817
ECE2	0.043260
ECEL1	0.060967
ECH1	0.028556
ECHDC1	0.056558
ECHDC2	0.033092
ECHDC3	0.029984
ECHS1	0.027660
ECI1	0.049005
ECI2	0.026503
ECM1	0.033549
ECM2	0.066776
ECPAS	0.104804
ECRG4	0.390111
ECSCR	0.055080
ECSIT	0.036541
ECT2	0.047643
EDA	0.067809
EDA2R	0.032150
EDAR	0.106441
EDARADD	0.038053
EDC3	0.103565
EDC4	0.081394
EDDM3A	0.025498
EDDM3B	0.030900
EDEM1	0.038708
EDEM2	0.035153
EDEM3	0.039617
EDF1	0.026105
EDIL3	0.035349
EDN1	0.055446
EDN2	0.085784
EDN3	0.056261
EDNRA	0.060706
EDNRB	0.049849
EDRF1	0.092226
EEA1	0.034194
EED	0.361192
EEF1A1	0.101927
EEF1A2	0.102674
EEF1AKMT1	0.024926
EEF1AKMT2	0.027521
EEF1AKMT3	0.036909
EEF1B2	0.121596
EEF1D	0.136660
EEF1E1	0.083859
EEF1G	0.061308
EEF2	0.978478
EEF2K	0.060471
EEFSEC	0.112075
EEIG1	0.031251
EEIG2	0.028524
EEPD1	0.024261
EFCAB11	0.030042
EFCAB12	0.026817
EFCAB13	0.029117
EFCAB14	0.041545
EFCAB3	0.025153
EFCAB5	0.027589
EFCAB6	0.027343
EFCAB7	0.024821
EFCC1	0.027896
EFEMP1	0.063400
EFEMP2	0.086724
EFHB	0.308965
EFHC1	0.093977
EFHC2	0.031109
EFHD1	0.026952
EFHD2	0.025533
EFL1	0.126283
EFNA1	0.062401
EFNA2	0.042891
EFNA3	0.057869
EFNA4	0.788247
EFNA5	0.041361
EFNB1	0.125520
EFNB2	0.050951
EFNB3	0.043883
EFR3A	0.029050
EFS	0.051480
EFTUD2	0.497870
EGF	0.058932
EGFL6	0.043397
EGFL7	0.036590
EGFL8	0.041346
EGFLAM	0.057035
EGFR	0.074152
EGLN1	0.039322
EGLN2	0.047393
EGLN3	0.090517
EGR1	0.070157
EGR2	0.098149
EGR3	0.071896
EGR4	0.032485
EHBP1	0.096208
EHD1	0.029065
EHD2	0.042364
EHD3	0.030889
EHD4	0.032951
EHF	0.036112
EHHADH	0.026624
EHMT1	0.056521
EHMT2	0.029816
EI24	0.026566
EID1	0.074334
EID2	0.024034
EID2B	0.024356
EID3	0.063811
EIF1	0.034506
EIF1AD	0.033192
EIF1AX	0.042934
EIF1AY	0.038805
EIF1B	0.027676
EIF2A	0.040863
EIF2AK1	0.073682
EIF2AK2	0.055849
EIF2AK3	0.079428
EIF2AK4	0.104503
EIF2B1	0.104525
EIF2B2	0.358786
EIF2B3	0.145290
EIF2B4	0.098614
EIF2B5	0.096571
EIF2D	0.098077
EIF2S1	0.054310
EIF2S2	0.351195
EIF2S3	0.105742
EIF3A	0.106653
EIF3B	0.110182
EIF3C	0.979572
EIF3D	0.061456
EIF3E	0.234985
EIF3F	0.119626
EIF3G	0.382535
EIF3H	0.145006
EIF3I	0.034864
EIF3J	0.063664
EIF3K	0.094928
EIF3L	0.086229
EIF3M	0.553031
EIF4A1	0.614030
EIF4A2	0.100968
EIF4A3	0.971994
EIF4B	0.092015
EIF4E	0.971680
EIF4E2	0.107379
EIF4E3	0.249131
EIF4EBP1	0.030648
EIF4EBP2	0.031127
EIF4EBP3	0.042514
EIF4ENIF1	0.038408
EIF4G1	0.364164
EIF4G2	0.122796
EIF4G3	0.083609
EIF4H	0.056195
EIF5	0.141239
EIF5A	0.028044
EIF5A2	0.143757
EIF5B	0.913809
EIF6	0.038532
EIPR1	0.082586
ELAC1	0.068795
ELAC2	0.048966
ELANE	0.043184
ELAPOR1	0.083441
ELAPOR2	0.053609
ELAVL1	0.039738
ELAVL2	0.043462
ELAVL3	0.744787
ELAVL4	0.043288
ELF1	0.044528
ELF2	0.064662
ELF3	0.080657
ELF4	0.055130
ELF5	0.030431
ELFN2	0.051002
ELK1	0.037116
ELK3	0.033333
ELK4	0.047112
ELL	0.097255
ELL2	0.087730
ELL3	0.100762
ELMO1	0.147517
ELMO2	0.084238
ELMO3	0.200528
ELMOD1	0.028134
ELMOD2	0.027466
ELMOD3	0.026378
ELN	0.068489
ELOA	0.108162
ELOA2	0.027248
ELOB	0.159649
ELOC	0.117568
ELOF1	0.044744
ELOVL1	0.053369
ELOVL2	0.025935
ELOVL3	0.035390
ELOVL4	0.027700
ELOVL5	0.028428
ELOVL6	0.034688
ELOVL7	0.027559
ELP1	0.042970
ELP2	0.080577
ELP3	0.099097
ELP4	0.073875
ELP5	0.092341
ELP6	0.116177
ELSPBP1	0.050032
EMB	0.050146
EMC1	0.067143
EMC10	0.115391
EMC2	0.099072
EMC3	0.028549
EMC4	0.090144
EMC6	0.025640
EMC7	0.096181
EMC8	0.103582
EMC9	0.040656
EMCN	0.056027
EMD	0.053982
EME1	0.045613
EME2	0.124235
EMG1	0.100448
EMID1	0.045291
EMILIN1	0.045181
EMILIN2	0.053908
EMILIN3	0.049979
EML1	0.026911
EML2	0.067040
EML3	0.027568
EML4	0.042980
EML5	0.036672
EMP1	0.028897
EMP2	0.027811
EMP3	0.030674
EMSY	0.071171
EMX1	0.045800
EMX2	0.037853
EN1	0.030233
EN2	0.030240
ENAH	0.036082
ENAM	0.043046
ENC1	0.025925
ENDOG	0.241668
ENDOU	0.041132
ENDOV	0.024565
ENG	0.054173
ENGASE	0.516434
ENHO	0.032552
ENKD1	0.026991
ENKUR	0.026865
ENO1	0.216797
ENO2	0.031075
ENO3	0.024495
ENOPH1	0.034792
ENOSF1	0.028279
ENOX1	0.068504
ENOX2	0.131149
ENPEP	0.033014
ENPP1	0.031280
ENPP2	0.036305
ENPP3	0.029301
ENPP4	0.035630
ENPP5	0.028627
ENPP6	0.046358
ENPP7	0.036224
ENSA	0.035938
ENTHD1	0.025626
ENTPD1	0.094387
ENTPD2	0.034248
ENTPD3	0.035428
ENTPD4	0.030774
ENTPD5	0.039918
ENTPD6	0.035298
ENTPD7	0.030607
ENTPD8	0.034756
ENTR1	0.026556
ENTREP1	0.046846
ENTREP3	0.027594
ENY2	0.116630
EOGT	0.887150
EOLA1	0.036550
EOLA2	0.029388
EOMES	0.044274
EP300	0.102422
EP400	0.169105
EPAS1	0.108634
EPB41	0.059749
EPB41L1	0.069158
EPB41L2	0.071187
EPB41L3	0.072494
EPB41L4A	0.028633
EPB41L4B	0.047646
EPB41L5	0.071910
EPB42	0.025156
EPC1	0.115637
EPC2	0.075431
EPCAM	0.040060
EPCIP	0.030443
EPDR1	0.035869
EPG5	0.122529
EPGN	0.055450
EPHA1	0.055644
EPHA2	0.049219
EPHA3	0.076703
EPHA4	0.075077
EPHA5	0.051847
EPHA6	0.054844
EPHA7	0.058497
EPHA8	0.045333
EPHB1	0.055701
EPHB2	0.974378
EPHB3	0.068411
EPHB4	0.044198
EPHB6	0.048132
EPHX1	0.048690
EPHX2	0.051564
EPHX3	0.026010
EPHX4	0.026287
EPM2A	0.087261
EPM2AIP1	0.030073
EPN1	0.104756
EPN2	0.075217
EPN3	0.113961
EPO	0.046232
EPOP	0.086584
EPOR	0.094526
EPPIN	0.044339
EPPK1	0.035188
EPRS1	0.877156
EPS15	0.067942
EPS15L1	0.093945
EPS8	0.044383
EPS8L1	0.044670
EPS8L2	0.041697
EPS8L3	0.038576
EPSTI1	0.024432
EPX	0.063129
EPYC	0.042237
EQTN	0.046300
ERAL1	0.024486
ERAP1	0.034920
ERAP2	0.035043
ERAS	0.042044
ERBB2	0.064583
ERBB3	0.101044
ERBB4	0.066659
ERBIN	0.028424
ERC1	0.074174
ERC2	0.390656
ERCC1	0.088597
ERCC2	0.095516
ERCC3	0.099275
ERCC4	0.120085
ERCC5	0.104535
ERCC6	0.030750
ERCC6L	0.125988
ERCC6L2	0.094586
ERCC8	0.140913
EREG	0.041699
ERF	0.043733
ERG	0.080579
ERG28	0.030556
ERGIC1	0.027890
ERGIC2	0.027076
ERGIC3	0.027651
ERH	0.047593
ERI1	0.026400
ERI2	0.026595
ERI3	0.032442
ERICH1	0.037623
ERICH3	0.026814
ERICH4	0.027103
ERICH5	0.026364
ERICH6	0.027220
ERLEC1	0.049323
ERLIN1	0.079628
ERLIN2	0.096300
ERMAP	0.028553
ERMARD	0.024802
ERMN	0.025435
ERMP1	0.027565
ERN1	0.072072
ERN2	0.071113
ERO1A	0.266407
ERO1B	0.032884
ERP27	0.066412
ERP29	0.207464
ERP44	0.036965
ERRFI1	0.042502
ERV3-1	0.048505
ERVFRD-1	0.034642
ERVW-1	0.041525
ESAM	0.052939
ESCO1	0.090036
ESCO2	0.067391
ESD	0.052472
ESF1	0.042571
ESM1	0.049005
ESPL1	0.845180
ESPN	0.031616
ESPNL	0.034236
ESR1	0.548497
ESR2	0.054787
ESRP1	0.028755
ESRP2	0.038099
ESRRA	0.034365
ESRRB	0.037534
ESRRG	0.032489
ESS2	0.040195
ESX1	0.027672
ESYT1	0.041983
ESYT2	0.055305
ESYT3	0.043660
ETAA1	0.053023
ETF1	0.401837
ETFA	0.072087
ETFB	0.073965
ETFBKMT	0.026283
ETFDH	0.050352
ETFRF1	0.026547
ETHE1	0.059153
ETNK1	0.024952
ETNK2	0.027360
ETNPPL	0.029386
ETS1	0.072342
ETS2	0.065443
ETV1	0.044794
ETV2	0.028716
ETV3	0.058315
ETV3L	0.034397
ETV4	0.049278
ETV5	0.641289
ETV6	0.084308
ETV7	0.036289
EVA1A	0.026160
EVA1B	0.027367
EVA1C	0.041248
EVC	0.025846
EVC2	0.026044
EVI2A	0.055847
EVI2B	0.044906
EVI5	0.025836
EVI5L	0.028454
EVL	0.029463
EVPL	0.031787
EVX1	0.039227
EVX2	0.029614
EWSR1	0.026278
EXD1	0.024402
EXD2	0.039595
EXD3	0.118294
EXO1	0.078495
EXO5	0.052590
EXOC1	0.097660
EXOC2	0.087673
EXOC3	0.091090
EXOC3L1	0.069595
EXOC3L2	0.029962
EXOC3L4	0.032456
EXOC4	0.091195
EXOC5	0.029824
EXOC6	0.088733
EXOC7	0.042102
EXOC8	0.044672
EXOG	0.024716
EXOSC1	0.055793
EXOSC10	0.125762
EXOSC2	0.100376
EXOSC3	0.028027
EXOSC4	0.088347
EXOSC5	0.109461
EXOSC6	0.118554
EXOSC7	0.040813
EXOSC8	0.111536
EXOSC9	0.200225
EXPH5	0.025334
EXT1	0.044326
EXT2	0.049946
EXTL1	0.076304
EXTL2	0.044855
EXTL3	0.051013
EYA1	0.095999
EYA2	0.044173
EYA3	0.038832
EYA4	0.039737
EYS	0.074161
EZH1	0.096057
EZH2	0.120991
EZHIP	0.025410
EZR	0.037567
F10	0.041352
F11	0.053669
F11R	0.051716
F12	0.065310
F13A1	0.069465
F13B	0.028625
F2	0.100236
F2R	0.113739
F2RL1	0.068167
F2RL2	0.067495
F2RL3	0.101308
F3	0.063451
F5	0.074504
F7	0.034118
F8	0.072692
F8A1	0.025859
F8A2	0.027043
F8A3	0.025523
F9	0.033983
FA2H	0.085726
FAAH	0.030997
FAAH2	0.027758
FAAP100	0.974228
FAAP20	0.060938
FAAP24	0.084517
FABP1	0.030266
FABP2	0.028071
FABP3	0.027912
FABP4	0.032119
FABP5	0.031635
FABP6	0.028650
FABP7	0.027276
FABP9	0.035906
FADD	0.071550
FADS1	0.031672
FADS2	0.026394
FADS3	0.034092
FADS6	0.047535
FAF1	0.098071
FAF2	0.089115
FAH	0.040561
FAHD1	0.026279
FAHD2A	0.037355
FAHD2B	0.037572
FAIM	0.026326
FAIM2	0.041630
FAM107A	0.048468
FAM107B	0.027167
FAM110A	0.041418
FAM110B	0.029605
FAM110C	0.026394
FAM110D	0.027831
FAM111A	0.028826
FAM111B	0.031646
FAM114A1	0.980056
FAM114A2	0.098833
FAM117A	0.029415
FAM117B	0.028779
FAM118A	0.031037
FAM118B	0.024872
FAM120A	0.106214
FAM120AOS	0.027039
FAM120B	0.064097
FAM120C	0.115539
FAM124A	0.025273
FAM124B	0.025221
FAM131A	0.031347
FAM131B	0.032182
FAM131C	0.025389
FAM133A	0.025710
FAM133B	0.024050
FAM135A	0.094446
FAM135B	0.067549
FAM136A	0.027929
FAM13A	0.027941
FAM13B	0.028494
FAM13C	0.026811
FAM149A	0.026967
FAM149B1	0.026771
FAM151A	0.030529
FAM151B	0.027079
FAM153A	0.036010
FAM156A	0.041001
FAM161A	0.025450
FAM161B	0.024304
FAM162A	0.026713
FAM163A	0.030652
FAM167A	0.025254
FAM167B	0.026240
FAM168A	0.028326
FAM168B	0.042837
FAM170A	0.028495
FAM171A1	0.036183
FAM171B	0.044939
FAM174A	0.036464
FAM174B	0.025914
FAM174C	0.031681
FAM177A1	0.027257
FAM177B	0.032709
FAM178B	0.033242
FAM180A	0.041590
FAM181A	0.029354
FAM181B	0.027264
FAM184A	0.046837
FAM186B	0.024423
FAM187B	0.041201
FAM193A	0.035259
FAM193B	0.046566
FAM199X	0.053436
FAM200A	0.030997
FAM200C	0.026811
FAM204A	0.023129
FAM209A	0.032220
FAM209B	0.027332
FAM20A	0.039805
FAM20B	0.050715
FAM20C	0.066591
FAM210A	0.093884
FAM210B	0.029104
FAM216A	0.025179
FAM216B	0.025134
FAM217A	0.024732
FAM217B	0.026381
FAM219A	0.030814
FAM219B	0.047998
FAM220A	0.024836
FAM221A	0.025694
FAM221B	0.024587
FAM222A	0.039775
FAM222B	0.029855
FAM227B	0.027056
FAM228A	0.028812
FAM229B	0.026742
FAM234A	0.028100
FAM234B	0.034538
FAM241A	0.030616
FAM241B	0.035551
FAM24A	0.034985
FAM24B	0.028675
FAM32A	0.025615
FAM3A	0.030461
FAM3B	0.025914
FAM3C	0.026126
FAM3D	0.030666
FAM43A	0.033364
FAM43B	0.026166
FAM47A	0.027264
FAM47B	0.025697
FAM47C	0.024851
FAM47E	0.033040
FAM50A	0.024933
FAM50B	0.042042
FAM53A	0.025331
FAM53B	0.027012
FAM53C	0.036914
FAM72D	0.027602
FAM76A	0.040819
FAM76B	0.089809
FAM78A	0.027517
FAM78B	0.027367
FAM81A	0.025669
FAM81B	0.027287
FAM83A	0.030167
FAM83B	0.026362
FAM83C	0.026893
FAM83D	0.031835
FAM83E	0.024918
FAM83F	0.025699
FAM83G	0.025898
FAM83H	0.030172
FAM86B1	0.045902
FAM89A	0.029470
FAM89B	0.027445
FAM8A1	0.029220
FAM90A1	0.024695
FAM91A1	0.068017
FAM98A	0.094008
FAM98B	0.097954
FAM98C	0.101530
FAM9A	0.027082
FAM9B	0.027419
FAM9C	0.027522
FAN1	0.042183
FANCA	0.114416
FANCB	0.079842
FANCC	0.085557
FANCD2	0.102432
FANCD2OS	0.025102
FANCE	0.937353
FANCF	0.051513
FANCG	0.095128
FANCI	0.101073
FANCL	0.056114
FANCM	0.376262
FANK1	0.026268
FAP	0.037370
FAR1	0.044390
FAR2	0.030436
FARP1	0.063113
FARP2	0.028297
FARS2	0.034810
FARSA	0.030055
FARSB	0.025478
FAS	0.085773
FASLG	0.053475
FASN	0.031586
FASTK	0.032017
FASTKD1	0.121015
FASTKD2	0.088401
FASTKD3	0.090583
FASTKD5	0.027793
FAT1	0.039039
FAT2	0.051759
FAT4	0.031264
FATE1	0.033636
FAU	0.974023
FAXC	0.036181
FAXDC2	0.026501
FBF1	0.045013
FBH1	0.054033
FBL	0.255188
FBLIM1	0.032571
FBLN1	0.104828
FBLN2	0.051424
FBLN5	0.043036
FBLN7	0.041531
FBN1	0.048198
FBN2	0.048708
FBN3	0.047421
FBP1	0.040589
FBP2	0.028858
FBRS	0.050816
FBXL12	0.078110
FBXL13	0.032860
FBXL14	0.053604
FBXL15	0.105746
FBXL16	0.036717
FBXL17	0.032198
FBXL18	0.032902
FBXL19	0.073036
FBXL2	0.027642
FBXL20	0.026249
FBXL22	0.080859
FBXL3	0.118287
FBXL4	0.030900
FBXL5	0.036301
FBXL6	0.067524
FBXL7	0.036126
FBXL8	0.060871
FBXO10	0.028032
FBXO11	0.043507
FBXO15	0.043903
FBXO16	0.029903
FBXO17	0.038669
FBXO2	0.040593
FBXO21	0.030928
FBXO22	0.035433
FBXO24	0.095769
FBXO25	0.035791
FBXO27	0.038156
FBXO28	0.045160
FBXO3	0.029209
FBXO30	0.035268
FBXO31	0.033118
FBXO32	0.048523
FBXO33	0.030031
FBXO34	0.027290
FBXO36	0.026729
FBXO38	0.030948
FBXO39	0.057439
FBXO4	0.107573
FBXO40	0.033281
FBXO41	0.047105
FBXO42	0.029594
FBXO43	0.047853
FBXO44	0.052078
FBXO45	0.032791
FBXO46	0.026656
FBXO47	0.029437
FBXO48	0.025892
FBXO5	0.032301
FBXO6	0.043253
FBXO7	0.034393
FBXO8	0.030902
FBXO9	0.097695
FBXW10	0.026053
FBXW10B	0.027206
FBXW11	0.084252
FBXW12	0.037664
FBXW2	0.039221
FBXW4	0.030929
FBXW5	0.042305
FBXW7	0.062527
FBXW8	0.044423
FBXW9	0.058403
FCAMR	0.061628
FCER1A	0.047941
FCER1G	0.059470
FCER2	0.036439
FCF1	0.106115
FCGBP	0.041334
FCGR1A	0.051991
FCGR2A	0.067781
FCGR2B	0.064649
FCGR2C	0.170113
FCGR3A	0.050024
FCGR3B	0.048949
FCGRT	0.049418
FCHO1	0.968834
FCHO2	0.085101
FCHSD1	0.042602
FCHSD2	0.032300
FCMR	0.059731
FCN1	0.105471
FCN2	0.050860
FCN3	0.037737
FCRL1	0.056538
FCRL2	0.580384
FCRL3	0.071495
FCRL4	0.970239
FCRL5	0.085661
FCRL6	0.058202
FCRLA	0.044836
FCRLB	0.045277
FCSK	0.048425
FDCSP	0.028169
FDFT1	0.034111
FDPS	0.140127
FDX1	0.031034
FDXR	0.089787
FECH	0.027434
FEM1A	0.028150
FEM1B	0.096764
FEM1C	0.031933
FEN1	0.105995
FER	0.087992
FER1L5	0.098698
FER1L6	0.095957
FERD3L	0.050577
FERMT1	0.032133
FERMT2	0.086416
FERMT3	0.070260
FERRY3	0.024371
FES	0.068181
FETUB	0.030276
FEV	0.029675
FEZ1	0.081915
FEZF1	0.027166
FEZF2	0.029292
FFAR1	0.051006
FFAR2	0.070258
FFAR3	0.098145
FFAR4	0.108853
FGA	0.080718
FGB	0.065145
FGD1	0.028085
FGD2	0.027825
FGD3	0.031297
FGD4	0.790612
FGD5	0.030380
FGD6	0.034459
FGF1	0.042096
FGF10	0.046216
FGF11	0.046855
FGF12	0.043937
FGF13	0.035804
FGF14	0.054941
FGF16	0.046017
FGF17	0.043351
FGF18	0.047261
FGF19	0.046596
FGF2	0.067285
FGF20	0.040695
FGF21	0.039625
FGF22	0.073263
FGF23	0.060248
FGF3	0.044820
FGF4	0.043748
FGF5	0.087405
FGF6	0.044259
FGF7	0.041798
FGF8	0.044376
FGF9	0.049138
FGFBP1	0.050680
FGFBP2	0.038678
FGFBP3	0.049590
FGFR1	0.073349
FGFR1OP2	0.107121
FGFR2	0.057089
FGFR3	0.046759
FGFR4	0.303016
FGFRL1	0.048107
FGG	0.043092
FGGY	0.027738
FGL1	0.040576
FGL2	0.049459
FGR	0.049866
FH	0.025197
FHDC1	0.026290
FHIP1B	0.026299
FHIP2A	0.094330
FHIP2B	0.096402
FHIT	0.034439
FHL1	0.028851
FHL2	0.066459
FHL3	0.030986
FHL5	0.026466
FHOD1	0.031832
FHOD3	0.040861
FIBCD1	0.043519
FIBIN	0.033791
FIBP	0.114462
FICD	0.027285
FIG4	0.084606
FIGLA	0.045817
FIGN	0.026353
FIGNL1	0.029019
FIGNL2	0.032662
FILIP1	0.065612
FILIP1L	0.146545
FIP1L1	0.100637
FIRRM	0.095208
FIS1	0.029638
FITM1	0.029771
FITM2	0.025537
FIZ1	0.040692
FJX1	0.035552
FKBP10	0.038440
FKBP11	0.030356
FKBP14	0.039296
FKBP15	0.034651
FKBP1A	0.039291
FKBP1B	0.030360
FKBP2	0.045783
FKBP3	0.073339
FKBP4	0.092648
FKBP5	0.095441
FKBP6	0.206036
FKBP7	0.036433
FKBP8	0.031810
FKBP9	0.031421
FKBPL	0.026661
FKRP	0.048923
FKTN	0.499016
FLACC1	0.028054
FLAD1	0.030716
FLCN	0.031104
FLG	0.043115
FLG2	0.026727
FLI1	0.073467
FLII	0.033644
FLNA	0.038140
FLNB	0.038328
FLNC	0.027536
FLOT1	0.101370
FLOT2	0.091687
FLRT1	0.047971
FLRT3	0.090253
FLT1	0.053603
FLT3	0.063377
FLT3LG	0.043413
FLT4	0.042187
FLVCR1	0.027808
FLVCR2	0.039006
FLYWCH1	0.041128
FLYWCH2	0.025918
FMC1	0.024190
FMN2	0.042213
FMNL1	0.041143
FMNL2	0.060647
FMNL3	0.033038
FMO1	0.029074
FMO2	0.027952
FMO3	0.027666
FMO4	0.030914
FMO5	0.048179
FMOD	0.822969
FMR1	0.089992
FMR1NB	0.027380
FN1	0.079350
FN3K	0.027496
FN3KRP	0.026766
FNBP1	0.044056
FNBP1L	0.044329
FNBP4	0.107990
FNDC1	0.101162
FNDC11	0.026267
FNDC3A	0.028134
FNDC3B	0.035319
FNDC4	0.049824
FNDC5	0.045852
FNDC7	0.045682
FNDC8	0.025913
FNDC9	0.030501
FNIP1	0.027487
FNTA	0.093892
FNTB	0.028767
FOCAD	0.103549
FOLH1	0.027594
FOLR1	0.042980
FOLR2	0.125233
FOLR3	0.041699
FOS	0.060192
FOSB	0.093447
FOSL1	0.139314
FOSL2	0.091967
FOXA1	0.088711
FOXA2	0.054933
FOXA3	0.065138
FOXB2	0.055531
FOXC1	0.067768
FOXD1	0.043849
FOXD2	0.035274
FOXD3	0.033915
FOXD4	0.030434
FOXD4L1	0.046013
FOXD4L3	0.028210
FOXD4L4	0.028946
FOXD4L5	0.029943
FOXD4L6	0.028648
FOXE1	0.261525
FOXE3	0.060582
FOXF1	0.060470
FOXF2	0.033420
FOXG1	0.165374
FOXH1	0.028108
FOXI1	0.070071
FOXI2	0.041819
FOXJ1	0.063523
FOXJ2	0.080641
FOXJ3	0.045394
FOXK1	0.069121
FOXK2	0.077281
FOXL1	0.063852
FOXL2	0.041895
FOXM1	0.065041
FOXN1	0.080424
FOXN2	0.067366
FOXN3	0.875837
FOXN4	0.088213
FOXO1	0.258542
FOXO3	0.070740
FOXO4	0.053335
FOXP1	0.044039
FOXP2	0.041042
FOXP3	0.096461
FOXP4	0.057788
FOXQ1	0.041945
FOXR1	0.078782
FOXR2	0.058047
FOXRED1	0.033220
FOXRED2	0.026050
FOXS1	0.048312
FPGS	0.025675
FPGT	0.038268
FPR1	0.077509
FPR2	0.072891
FPR3	0.082990
FRA10AC1	0.045126
FRAS1	0.051849
FRAT1	0.029202
FRAT2	0.028820
FREM1	0.031002
FREM2	0.032741
FREY1	0.064872
FRG1	0.026063
FRG2	0.025675
FRG2B	0.024906
FRK	0.053550
FRMD1	0.041192
FRMD3	0.028459
FRMD4A	0.028801
FRMD5	0.030590
FRMD6	0.032112
FRMD7	0.026276
FRMD8	0.031630
FRMPD1	0.031024
FRMPD2	0.066394
FRMPD4	0.046340
FRRS1	0.030712
FRRS1L	0.039138
FRS2	0.087011
FRS3	0.037795
FRY	0.107261
FRYL	0.073346
FRZB	0.041213
FSAF1	0.025619
FSCB	0.026059
FSCN1	0.033419
FSCN2	0.026286
FSCN3	0.029520
FSD1	0.025964
FSD1L	0.031808
FSD2	0.027689
FSHB	0.055705
FSHR	0.074545
FSIP1	0.025963
FSIP2	0.024953
FST	0.050211
FSTL1	0.042691
FSTL3	0.048814
FSTL4	0.040759
FSTL5	0.037848
FTCD	0.026415
FTH1	0.107241
FTHL17	0.025394
FTL	0.090477
FTMT	0.032258
FTO	0.083535
FTSJ1	0.029081
FTSJ3	0.033438
FUBP1	0.031161
FUBP3	0.041092
FUCA1	0.032199
FUCA2	0.027622
FUNDC1	0.028193
FUNDC2	0.028452
FUOM	0.027740
FURIN	0.048197
FUS	0.123900
FUT1	0.028180
FUT2	0.033122
FUT3	0.045148
FUT4	0.029840
FUT5	0.032822
FUT6	0.030135
FUT7	0.027618
FUT8	0.123374
FUT9	0.029119
FUZ	0.027802
FXN	0.069069
FXR1	0.087778
FXR2	0.093239
FXYD1	0.090585
FXYD2	0.063632
FXYD3	0.042785
FXYD4	0.044692
FXYD5	0.046111
FXYD6	0.039903
FXYD7	0.041399
FYB1	0.050372
FYB2	0.039211
FYCO1	0.034480
FYN	0.054470
FYTTD1	0.098158
FZD1	0.047781
FZD10	0.047241
FZD2	0.064125
FZD3	0.047809
FZD4	0.104615
FZD5	0.055965
FZD6	0.067607
FZD7	0.055967
FZD8	0.072330
FZD9	0.051343
FZR1	0.146697
G0S2	0.026726
G2E3	0.025268
G3BP1	0.373066
G3BP2	0.125155
G6PC1	0.074330
G6PC2	0.046488
G6PC3	0.028326
G6PD	0.026685
GAA	0.036897
GAB1	0.371859
GAB2	0.032401
GAB3	0.034751
GAB4	0.039199
GABARAP	0.109052
GABARAPL1	0.092672
GABARAPL2	0.115308
GABBR1	0.064785
GABBR2	0.053894
GABPA	0.071535
GABPB1	0.092838
GABPB2	0.028192
GABRA1	0.045517
GABRA2	0.056429
GABRA3	0.094601
GABRA4	0.056581
GABRA5	0.049348
GABRA6	0.060663
GABRB1	0.058109
GABRB2	0.068625
GABRB3	0.056465
GABRD	0.082792
GABRE	0.066848
GABRG1	0.054787
GABRG2	0.076861
GABRG3	0.062508
GABRP	0.148311
GABRQ	0.048491
GABRR1	0.082796
GABRR2	0.091397
GABRR3	0.072311
GAD1	0.055235
GAD2	0.099492
GADD45A	0.032729
GADD45B	0.080595
GADD45G	0.061509
GADD45GIP1	0.080701
GADL1	0.061815
GAGE2B	0.027031
GAGE2C	0.041131
GAGE2E	0.029660
GAGE6	0.026814
GAGE8	0.037231
GAK	0.061365
GAL	0.537192
GAL3ST1	0.041779
GAL3ST2	0.053287
GAL3ST3	0.053517
GAL3ST4	0.067961
GALC	0.058463
GALE	0.030120
GALK1	0.031118
GALK2	0.083221
GALM	0.028056
GALNS	0.027567
GALNT1	0.084084
GALNT10	0.070893
GALNT11	0.078159
GALNT12	0.082301
GALNT13	0.084573
GALNT14	0.083350
GALNT15	0.106470
GALNT16	0.093449
GALNT17	0.078622
GALNT18	0.086333
GALNT2	0.088511
GALNT3	0.092534
GALNT4	0.083520
GALNT5	0.083844
GALNT6	0.086478
GALNT7	0.133298
GALNT8	0.108763
GALNT9	0.401836
GALNTL5	0.098678
GALNTL6	0.093939
GALP	0.076758
GALR1	0.087540
GALR2	0.087420
GALT	0.096498
GAMT	0.026172
GAN	0.065580
GANAB	0.056304
GANC	0.026127
GAP43	0.027276
GAPDH	0.090369
GAPDHS	0.052269
GAPT	0.049710
GAPVD1	0.038287
GAR1	0.051696
GAREM1	0.028475
GARIN1A	0.026763
GARIN1B	0.027196
GARIN2	0.025722
GARIN3	0.026296
GARIN4	0.025230
GARIN5A	0.024717
GARIN6	0.025201
GARNL3	0.047853
GARRE1	0.039798
GARS1	0.136193
GART	0.031208
GAS1	0.052227
GAS2	0.027578
GAS2L1	0.025412
GAS2L2	0.027057
GAS2L3	0.029048
GAS6	0.035841
GAS7	0.029671
GASK1B	0.049195
GAST	0.080429
GATA1	0.073059
GATA2	0.095663
GATA3	0.077036
GATA4	0.076510
GATA5	0.049958
GATA6	0.104593
GATAD1	0.026980
GATAD2A	0.109646
GATAD2B	0.055981
GATB	0.865940
GATC	0.037051
GATD1	0.026856
GATD3	0.045314
GATM	0.064040
GBA1	0.031577
GBA2	0.025811
GBA3	0.029954
GBE1	0.070132
GBF1	0.082353
GBGT1	0.040715
GBP1	0.033131
GBP2	0.027645
GBP3	0.028776
GBP4	0.027186
GBP5	0.028924
GBP6	0.028997
GBP7	0.028977
GBX2	0.028844
GC	0.033503
GCA	0.068040
GCAT	0.025522
GCC1	0.027363
GCC2	0.068522
GCDH	0.032749
GCFC2	0.092450
GCG	0.072748
GCGR	0.070269
GCH1	0.084750
GCHFR	0.076224
GCK	0.090699
GCKR	0.026771
GCLC	0.114172
GCLM	0.025557
GCM1	0.034547
GCM2	0.026723
GCN1	0.118717
GCNA	0.024500
GCNT1	0.089774
GCNT2	0.075867
GCNT3	0.072914
GCNT4	0.041764
GCNT7	0.078105
GCOM1	0.026288
GCSAM	0.047057
GCSAML	0.045661
GCSH	0.030229
GDA	0.067722
GDAP1	0.026560
GDAP1L1	0.032909
GDAP2	0.026006
GDE1	0.124420
GDF10	0.060409
GDF11	0.044232
GDF15	0.043444
GDF2	0.045426
GDF3	0.034827
GDF5	0.038248
GDF6	0.041241
GDF7	0.071896
GDF9	0.040893
GDI1	0.095522
GDI2	0.103192
GDNF	0.079519
GDPD1	0.032730
GDPD2	0.026428
GDPD3	0.038263
GDPD4	0.026192
GDPD5	0.026454
GDPGP1	0.024841
GEM	0.025868
GEMIN2	0.116901
GEMIN4	0.084289
GEMIN5	0.107327
GEMIN6	0.028877
GEMIN7	0.087797
GEMIN8	0.068653
GEN1	0.043582
GET1	0.090927
GET3	0.047496
GET4	0.079076
GFAP	0.039773
GFER	0.249069
GFI1	0.040209
GFI1B	0.026834
GFM1	0.098420
GFM2	0.040137
GFOD1	0.026286
GFOD2	0.028409
GFPT1	0.027454
GFPT2	0.026571
GFRA1	0.056749
GFRA2	0.092112
GFRA3	0.072213
GFRA4	0.118804
GFRAL	0.069827
GFUS	0.047540
GGA1	0.940932
GGA2	0.029750
GGA3	0.089331
GGACT	0.031110
GGCT	0.036887
GGCX	0.039020
GGH	0.031501
GGN	0.098801
GGNBP2	0.033751
GGPS1	0.097017
GGT1	0.040397
GGT5	0.029447
GGT6	0.030296
GGT7	0.044180
GGTLC1	0.027985
GGTLC2	0.033464
GH2	0.062226
GHDC	0.035030
GHITM	0.030071
GHR	0.058275
GHRH	0.091910
GHRHR	0.083860
GHRL	0.104743
GHSR	0.150562
GID4	0.078457
GIGYF1	0.102356
GIGYF2	0.087099
GIMAP1	0.025874
GIMAP2	0.026263
GIMAP4	0.025999
GIMAP5	0.032594
GIMAP6	0.026811
GIMAP7	0.025555
GIMAP8	0.029701
GIN1	0.034682
GINM1	0.030510
GINS1	0.051437
GINS2	0.099389
GINS3	0.095347
GINS4	0.027808
GIP	0.075998
GIPC1	0.057416
GIPC2	0.025713
GIPC3	0.041114
GIPR	0.090274
GIT1	0.034163
GIT2	0.039613
GJA1	0.052086
GJA10	0.032463
GJA3	0.057714
GJA4	0.053385
GJA5	0.027764
GJA8	0.042697
GJA9	0.029254
GJB1	0.064133
GJB2	0.036633
GJB3	0.033672
GJB4	0.029168
GJB5	0.035030
GJB6	0.040446
GJB7	0.033965
GJC1	0.038533
GJC2	0.034818
GJC3	0.036046
GJD2	0.035073
GJD3	0.042041
GJD4	0.040723
GK	0.026578
GK2	0.024894
GK5	0.028112
GKAP1	0.040724
GKN1	0.032153
GKN2	0.038589
GLA	0.041305
GLB1	0.085204
GLB1L	0.026912
GLB1L2	0.031631
GLB1L3	0.034186
GLCCI1	0.035310
GLCE	0.046109
GLDC	0.030034
GLDN	0.045363
GLE1	0.030136
GLG1	0.080533
GLI1	0.047094
GLI2	0.047102
GLI3	0.044059
GLI4	0.024675
GLIPR1	0.030587
GLIPR1L1	0.135747
GLIPR1L2	0.055987
GLIPR2	0.029063
GLIS1	0.028826
GLIS2	0.100740
GLIS3	0.043220
GLMN	0.112925
GLMP	0.063932
GLO1	0.034335
GLOD4	0.062971
GLP1R	0.080037
GLP2R	0.084590
GLRA1	0.062283
GLRA2	0.064598
GLRA3	0.090873
GLRB	0.072018
GLRX	0.037781
GLRX2	0.029338
GLRX3	0.034680
GLRX5	0.040059
GLS	0.031125
GLS2	0.029299
GLT1D1	0.031839
GLT6D1	0.049208
GLT8D1	0.038866
GLT8D2	0.046452
GLTP	0.028131
GLTPD2	0.028087
GLUD1	0.027579
GLUD2	0.027501
GLUL	0.026870
GLYAT	0.038585
GLYATL1	0.041943
GLYATL2	0.054976
GLYCTK	0.038056
GLYR1	0.030018
GM2A	0.055886
GMCL1	0.028558
GMDS	0.045019
GMEB1	0.037064
GMEB2	0.025772
GMFB	0.028113
GMFG	0.027665
GMIP	0.031060
GML	0.098076
GMNN	0.058949
GMPPA	0.027762
GMPPB	0.090521
GMPR	0.030167
GMPR2	0.036749
GMPS	0.464251
GNA11	0.107890
GNA12	0.058733
GNA13	0.075352
GNA14	0.071328
GNA15	0.105668
GNAI1	0.116045
GNAI2	0.094563
GNAI3	0.856711
GNAL	0.094589
GNAO1	0.061422
GNAQ	0.085946
GNAS	0.077138
GNAT1	0.069096
GNAT2	0.076060
GNAZ	0.072787
GNB1	0.069245
GNB1L	0.026942
GNB2	0.051427
GNB3	0.061180
GNB4	0.065202
GNB5	0.185029
GNE	0.026090
GNG10	0.077989
GNG11	0.094412
GNG12	0.052263
GNG13	0.078404
GNG2	0.084433
GNG3	0.100655
GNG4	0.075964
GNG5	0.084539
GNG7	0.067067
GNG8	0.067296
GNGT1	0.083719
GNGT2	0.090272
GNL1	0.057740
GNL2	0.110351
GNL3	0.072589
GNL3L	0.104637
GNLY	0.037041
GNMT	0.027646
GNPAT	0.028945
GNPDA1	0.962406
GNPDA2	0.091458
GNPNAT1	0.026945
GNPTAB	0.090903
GNPTG	0.031812
GNRH1	0.064547
GNRH2	0.942529
GNRHR	0.098175
GNS	0.025931
GOLGA1	0.026483
GOLGA2	0.025937
GOLGA3	0.027763
GOLGA4	0.026353
GOLGA5	0.029183
GOLGA6A	0.026170
GOLGA6B	0.026005
GOLGA6L9	0.027897
GOLGA7	0.098795
GOLGA7B	0.092208
GOLGA8A	0.039207
GOLGA8B	0.030242
GOLGA8F	0.027211
GOLGA8G	0.026194
GOLGB1	0.063060
GOLIM4	0.097324
GOLM1	0.055199
GOLM2	0.050193
GOLPH3	0.095023
GOLPH3L	0.095507
GOLT1A	0.025760
GOLT1B	0.029393
GON4L	0.233021
GON7	0.156411
GOPC	0.295390
GORAB	0.025886
GORASP1	0.044045
GORASP2	0.053314
GOSR1	0.922581
GOSR2	0.046294
GOT1	0.026970
GOT1L1	0.033900
GOT2	0.026389
GP1BA	0.059712
GP2	0.047212
GP5	0.050444
GP6	0.045697
GP9	0.057773
GPA33	0.047936
GPAA1	0.104333
GPALPP1	0.026955
GPAM	0.028329
GPANK1	0.040817
GPAT2	0.033403
GPAT3	0.028124
GPAT4	0.030650
GPATCH1	0.025378
GPATCH11	0.025490
GPATCH2	0.049995
GPATCH2L	0.029179
GPATCH3	0.024900
GPATCH4	0.037150
GPATCH8	0.042847
GPBAR1	0.109288
GPBP1	0.034908
GPBP1L1	0.031738
GPC1	0.107621
GPC2	0.040013
GPC3	0.041556
GPC4	0.044020
GPC5	0.074388
GPC6	0.044614
GPCPD1	0.041075
GPD1	0.027696
GPD1L	0.025676
GPD2	0.029812
GPER1	0.195268
GPHA2	0.050026
GPHB5	0.046904
GPHN	0.098781
GPI	0.062511
GPIHBP1	0.911809
GPKOW	0.063793
GPLD1	0.030471
GPM6A	0.029429
GPM6B	0.034196
GPN1	0.122479
GPN2	0.033248
GPN3	0.042792
GPNMB	0.041849
GPR101	0.027916
GPR107	0.033324
GPR108	0.078765
GPR119	0.034551
GPR12	0.046111
GPR132	0.032734
GPR135	0.083261
GPR137	0.049501
GPR137B	0.028695
GPR139	0.059679
GPR141	0.040400
GPR142	0.068483
GPR143	0.041851
GPR146	0.052946
GPR148	0.028036
GPR149	0.035770
GPR15	0.100870
GPR151	0.035400
GPR152	0.078774
GPR153	0.032583
GPR155	0.030217
GPR156	0.034552
GPR157	0.039802
GPR158	0.063697
GPR15LG	0.031300
GPR160	0.056704
GPR161	0.041203
GPR162	0.035198
GPR17	0.060053
GPR171	0.039728
GPR173	0.086019
GPR174	0.049229
GPR176	0.093198
GPR179	0.054816
GPR18	0.043610
GPR180	0.033261
GPR183	0.031224
GPR19	0.083226
GPR20	0.047494
GPR21	0.038849
GPR22	0.110529
GPR26	0.053486
GPR3	0.095503
GPR31	0.093338
GPR32	0.074186
GPR34	0.051508
GPR35	0.034041
GPR37	0.125076
GPR37L1	0.085150
GPR39	0.087623
GPR4	0.133221
GPR42	0.079740
GPR45	0.078944
GPR50	0.026413
GPR52	0.040395
GPR55	0.030109
GPR6	0.044609
GPR61	0.088136
GPR62	0.083130
GPR63	0.093813
GPR65	0.097318
GPR68	0.039776
GPR75	0.034085
GPR78	0.043792
GPR82	0.039570
GPR83	0.110424
GPR84	0.085438
GPR85	0.071397
GPR87	0.037777
GPR88	0.049695
GPR89B	0.025600
GPRASP1	0.042682
GPRASP2	0.025382
GPRASP3	0.027188
GPRC5A	0.036426
GPRC5B	0.056135
GPRC5C	0.043793
GPRC5D	0.048949
GPRC6A	0.041190
GPRIN1	0.028098
GPRIN2	0.028108
GPRIN3	0.028281
GPS1	0.136098
GPS2	0.057319
GPSM1	0.027808
GPSM2	0.025954
GPSM3	0.027299
GPT	0.028974
GPT2	0.041734
GPX1	0.045854
GPX2	0.026529
GPX3	0.033844
GPX4	0.043449
GPX5	0.032623
GPX6	0.069373
GPX7	0.031422
GPX8	0.029294
GRAMD1A	0.025352
GRAMD1B	0.032850
GRAMD1C	0.027187
GRAMD2A	0.032423
GRAMD2B	0.030082
GRAMD4	0.027007
GRAP	0.069369
GRAP2	0.055135
GRB10	0.038198
GRB14	0.067770
GRB2	0.063260
GRB7	0.064481
GREB1	0.079044
GREM1	0.052651
GREM2	0.043078
GRHL1	0.029837
GRHL2	0.027790
GRHL3	0.027383
GRHPR	0.026844
GRIA1	0.049031
GRIA2	0.050820
GRIA3	0.046366
GRIA4	0.048626
GRID1	0.050197
GRID2	0.089603
GRIK1	0.058580
GRIK2	0.071692
GRIK3	0.044154
GRIK4	0.108049
GRIK5	0.048793
GRIN1	0.103131
GRIN2A	0.070840
GRIN2B	0.049224
GRIN2C	0.067894
GRIN2D	0.040457
GRIN3A	0.044779
GRIN3B	0.044594
GRINA	0.025989
GRIP1	0.063664
GRIP2	0.075738
GRIPAP1	0.030407
GRK1	0.035064
GRK2	0.082141
GRK3	0.109261
GRK4	0.034233
GRK5	0.027548
GRK6	0.035389
GRK7	0.033311
GRM1	0.049418
GRM2	0.059758
GRM3	0.044522
GRM4	0.046370
GRM5	0.047061
GRM6	0.047387
GRM7	0.054290
GRM8	0.047349
GRN	0.054218
GRP	0.116100
GRPEL1	0.027752
GRPEL2	0.032253
GRPR	0.094663
GRSF1	0.027302
GRTP1	0.024763
GRWD1	0.041478
GRXCR2	0.025864
GSAP	0.211062
GSC	0.031467
GSDMA	0.032666
GSDMB	0.073536
GSDMC	0.031042
GSDMD	0.045027
GSDME	0.027977
GSE1	0.033349
GSG1	0.043279
GSG1L	0.030922
GSK3A	0.069050
GSK3B	0.733716
GSKIP	0.090028
GSN	0.046167
GSPT1	0.775724
GSPT2	0.112929
GSR	0.090444
GSS	0.029729
GSTA1	0.049652
GSTA2	0.045543
GSTA3	0.071837
GSTA4	0.056190
GSTA5	0.044926
GSTCD	0.026329
GSTK1	0.026255
GSTM1	0.047305
GSTM2	0.044291
GSTM3	0.049337
GSTM5	0.062563
GSTO1	0.057276
GSTO2	0.063110
GSTP1	0.073591
GSTT1	0.034785
GSTT2	0.040377
GSTT2B	0.034514
GSTZ1	0.031808
GSX1	0.029390
GSX2	0.041364
GTF2A1	0.026620
GTF2A1L	0.112649
GTF2A2	0.114480
GTF2B	0.114900
GTF2E1	0.092123
GTF2E2	0.094314
GTF2F1	0.094549
GTF2F2	0.025633
GTF2H1	0.076787
GTF2H2	0.091291
GTF2H2C_2	0.119315
GTF2H3	0.113224
GTF2H4	0.025097
GTF2H5	0.114445
GTF2I	0.099998
GTF2IRD1	0.072543
GTF2IRD2	0.028856
GTF2IRD2B	0.028596
GTF3A	0.093011
GTF3C1	0.038279
GTF3C2	0.076754
GTF3C3	0.108800
GTF3C4	0.070989
GTF3C5	0.035534
GTF3C6	0.026126
GTPBP1	0.976813
GTPBP10	0.033286
GTPBP2	0.058406
GTPBP3	0.029665
GTPBP4	0.953726
GTPBP6	0.024529
GTPBP8	0.026649
GTSE1	0.050420
GTSF1	0.026071
GTSF1L	0.028394
GUCA1A	0.036029
GUCA1B	0.027141
GUCA1C	0.035397
GUCA2A	0.033611
GUCA2B	0.029824
GUCD1	0.026716
GUCY1A1	0.033086
GUCY1A2	0.049247
GUCY1B1	0.100626
GUCY2C	0.064768
GUCY2D	0.051234
GUCY2F	0.041380
GUF1	0.027872
GUK1	0.041406
GULP1	0.032050
GUSB	0.061926
GXYLT2	0.042714
GYG1	0.032310
GYG2	0.028063
GYPA	0.034503
GYPB	0.033553
GYPC	0.035722
GYS1	0.030685
GYS2	0.031981
GZF1	0.025695
GZMA	0.043884
GZMB	0.059591
GZMH	0.039966
GZMK	0.030080
GZMM	0.043788
H1-0	0.045507
H1-1	0.027571
H1-10	0.032837
H1-2	0.034302
H1-3	0.032533
H1-4	0.047189
H1-5	0.043183
H1-6	0.024046
H1-7	0.029127
H1-8	0.086457
H2AB1	0.040541
H2AB2	0.044866
H2AB3	0.045438
H2AC1	0.033162
H2AC11	0.032267
H2AC12	0.030352
H2AC17	0.031465
H2AC21	0.032433
H2AC4	0.030577
H2AC6	0.037311
H2AC7	0.030948
H2AC8	0.034938
H2AJ	0.035407
H2AX	0.034623
H2AZ1	0.076602
H2BC1	0.104581
H2BC10	0.047948
H2BC12	0.059414
H2BC17	0.591298
H2BC18	0.056425
H2BC21	0.054840
H2BC3	0.044893
H2BC5	0.077131
H2BC8	0.050806
H2BW1	0.040213
H3-3A	0.073379
H3-3B	0.079963
H3-4	0.059228
H3-5	0.056201
H3C1	0.064135
H3C10	0.058609
H3C11	0.065243
H3C12	0.085880
H3C2	0.133450
H3C3	0.073866
H3C4	0.068299
H3C6	0.058911
H4C11	0.045360
H4C12	0.046706
H4C13	0.044194
H4C14	0.051621
H4C15	0.049174
H4C16	0.047588
H4C2	0.051170
H4C3	0.043961
H4C4	0.047377
H4C5	0.046560
H4C6	0.048832
H4C7	0.025400
H4C8	0.049966
H6PD	0.039764
HAAO	0.026235
HABP2	0.032010
HABP4	0.025400
HACD1	0.028182
HACD2	0.970737
HACD3	0.034877
HACD4	0.027305
HACE1	0.067073
HACL1	0.024987
HACL2	0.032169
HADH	0.038717
HADHA	0.055070
HADHB	0.122169
HAGH	0.057942
HAGHL	0.032893
HAL	0.025921
HAMP	0.081656
HAND1	0.075999
HAND2	0.065089
HAO1	0.031907
HAO2	0.025656
HAP1	0.161094
HAPLN1	0.043755
HAPLN2	0.204864
HAPLN3	0.056565
HAPLN4	0.080723
HAPSTR1	0.029251
HARBI1	0.027632
HARS1	0.025652
HARS2	0.055687
HAS1	0.030849
HAS2	0.029993
HASPIN	0.026690
HAT1	0.069769
HAUS1	0.103890
HAUS2	0.103231
HAUS3	0.114077
HAUS4	0.357495
HAUS6	0.055691
HAUS7	0.051640
HAUS8	0.104470
HAVCR1	0.052638
HAVCR2	0.049454
HAX1	0.099701
HBA1	0.028852
HBB	0.047701
HBD	0.042441
HBE1	0.027079
HBEGF	0.042280
HBG1	0.036475
HBG2	0.030244
HBM	0.027768
HBP1	0.093094
HBQ1	0.032492
HBS1L	0.035628
HBZ	0.087895
HCAR1	0.040115
HCAR2	0.080591
HCAR3	0.076199
HCCS	0.041175
HCFC1	0.027492
HCFC1R1	0.026770
HCFC2	0.097131
HCK	0.037387
HCLS1	0.098755
HCN1	0.028367
HCN2	0.039778
HCN3	0.046216
HCN4	0.039469
HCRT	0.107829
HCRTR1	0.093923
HCRTR2	0.080224
HCST	0.072721
HDAC1	0.096141
HDAC10	0.080792
HDAC11	0.041519
HDAC2	0.106316
HDAC3	0.149936
HDAC4	0.068465
HDAC5	0.052073
HDAC6	0.090939
HDAC7	0.074706
HDAC8	0.053129
HDAC9	0.230491
HDC	0.027423
HDDC2	0.025879
HDDC3	0.033962
HDGF	0.026185
HDGFL1	0.024299
HDGFL2	0.025472
HDGFL3	0.024726
HDHD2	0.028801
HDHD3	0.042540
HDHD5	0.028675
HDLBP	0.102404
HDX	0.025246
HEATR1	0.086102
HEATR3	0.024176
HEATR4	0.027038
HEATR5B	0.111732
HEATR6	0.086748
HEATR9	0.030941
HEBP1	0.025803
HEBP2	0.026973
HECA	0.027662
HECTD1	0.126748
HECTD2	0.170163
HECTD3	0.046993
HECTD4	0.103587
HECW1	0.100571
HECW2	0.091890
HELB	0.047421
HELLS	0.078136
HELQ	0.114397
HELT	0.040369
HELZ	0.037807
HELZ2	0.035931
HEMGN	0.026993
HEMK1	0.030387
HEMK2	0.024781
HENMT1	0.026285
HEPACAM	0.047791
HEPACAM2	0.062612
HEPH	0.045050
HEPN1	0.027916
HERC1	0.098687
HERC2	0.585441
HERC3	0.068085
HERC4	0.074822
HERC5	0.092380
HERC6	0.115378
HERPUD1	0.050001
HERPUD2	0.027829
HES1	0.076259
HES2	0.043040
HES3	0.043888
HES4	0.835063
HES5	0.211155
HES6	0.062611
HES7	0.040180
HESX1	0.028744
HEXA	0.028915
HEXB	0.028062
HEXD	0.028421
HEXIM1	0.040692
HEXIM2	0.060106
HEY1	0.074118
HEY2	0.074767
HEYL	0.042533
HFM1	0.119926
HGD	0.026030
HGF	0.508126
HGFAC	0.032581
HGH1	0.071686
HGS	0.091869
HHAT	0.188455
HHATL	0.027595
HHEX	0.055767
HHIP	0.054695
HHIPL1	0.036659
HHIPL2	0.037620
HHLA2	0.046742
HIBADH	0.363116
HIBCH	0.030427
HIC1	0.046135
HIC2	0.045625
HID1	0.101767
HIF1A	0.095185
HIF1AN	0.030599
HIF3A	0.079036
HIGD1A	0.027430
HIGD1B	0.029426
HIGD2A	0.032079
HIKESHI	0.069637
HILPDA	0.027063
HINFP	0.031128
HINT1	0.026893
HINT2	0.028453
HIP1	0.088919
HIP1R	0.099615
HIPK1	0.117214
HIPK2	0.091841
HIPK3	0.448809
HIPK4	0.044340
HIRA	0.108039
HIRIP3	0.025032
HIVEP1	0.028854
HIVEP2	0.028189
HIVEP3	0.042131
HJURP	0.095496
HJV	0.051005
HK1	0.056808
HK2	0.046653
HK3	0.026931
HKDC1	0.058026
HLA-A	0.061135
HLA-B	0.073188
HLA-C	0.050176
HLA-DMA	0.051506
HLA-DMB	0.054038
HLA-DOA	0.058789
HLA-DOB	0.094908
HLA-DPA1	0.064709
HLA-DPB1	0.080766
HLA-DQA1	0.076475
HLA-DQA2	0.067400
HLA-DQB1	0.080437
HLA-DRA	0.072248
HLA-DRB1	0.068912
HLA-DRB4	0.076945
HLA-DRB5	0.073962
HLA-E	0.061726
HLA-F	0.068728
HLA-G	0.384324
HLCS	0.028465
HLF	0.094371
HLTF	0.089960
HLX	0.037063
HM13	0.025050
HMBOX1	0.029997
HMBS	0.080099
HMCES	0.025298
HMCN1	0.063373
HMCN2	0.052889
HMG20A	0.041327
HMG20B	0.045944
HMGA1	0.068874
HMGA2	0.035580
HMGB1	0.092986
HMGB2	0.401782
HMGB3	0.097945
HMGB4	0.028580
HMGCL	0.027282
HMGCLL1	0.050339
HMGCR	0.026534
HMGCS1	0.106291
HMGCS2	0.034700
HMGN1	0.030234
HMGN3	0.025611
HMGN4	0.033348
HMGN5	0.024868
HMGXB4	0.056762
HMHB1	0.031869
HMMR	0.037053
HMOX1	0.058116
HMOX2	0.034078
HMX1	0.030374
HMX2	0.041237
HNF1A	0.082855
HNF1B	0.100800
HNF4A	0.078039
HNF4G	0.049447
HNMT	0.032105
HNRNPA0	0.033710
HNRNPA1	0.111647
HNRNPA1L2	0.139387
HNRNPA2B1	0.046368
HNRNPA3	0.171505
HNRNPAB	0.148398
HNRNPC	0.148638
HNRNPCL1	0.031919
HNRNPD	0.104863
HNRNPDL	0.318701
HNRNPF	0.025434
HNRNPH1	0.047675
HNRNPH2	0.027982
HNRNPH3	0.025951
HNRNPK	0.911682
HNRNPL	0.128466
HNRNPLL	0.033289
HNRNPM	0.083948
HNRNPR	0.037055
HNRNPU	0.064865
HNRNPUL1	0.093148
HNRNPUL2	0.048202
HOATZ	0.026250
HOGA1	0.027318
HOMER1	0.099473
HOMER2	0.090236
HOMER3	0.082823
HOMEZ	0.033438
HOOK1	0.029946
HOOK2	0.027152
HOOK3	0.096685
HOPX	0.029169
HORMAD1	0.030329
HORMAD2	0.033708
HOXA1	0.029450
HOXA10	0.047302
HOXA11	0.096970
HOXA13	0.048134
HOXA2	0.046297
HOXA3	0.044785
HOXA4	0.032879
HOXA5	0.036706
HOXA6	0.036160
HOXA7	0.134059
HOXA9	0.061975
HOXB1	0.066990
HOXB13	0.469387
HOXB2	0.030542
HOXB3	0.033657
HOXB4	0.038444
HOXB5	0.039212
HOXB6	0.034996
HOXB7	0.051118
HOXB8	0.047754
HOXB9	0.056991
HOXC10	0.044097
HOXC11	0.034646
HOXC12	0.041454
HOXC13	0.064168
HOXC4	0.040711
HOXC5	0.033139
HOXC6	0.035615
HOXC8	0.605019
HOXC9	0.046872
HOXD1	0.031362
HOXD10	0.040989
HOXD11	0.052322
HOXD12	0.035751
HOXD13	0.046355
HOXD3	0.040457
HOXD4	0.035145
HOXD8	0.043032
HOXD9	0.045854
HP	0.092895
HP1BP3	0.031733
HPCA	0.048189
HPCAL1	0.047406
HPCAL4	0.041220
HPD	0.027198
HPDL	0.048125
HPF1	0.041443
HPGD	0.048380
HPGDS	0.044329
HPN	0.031384
HPR	0.058410
HPRT1	0.030053
HPS1	0.030732
HPS3	0.055410
HPS4	0.028349
HPS5	0.044925
HPS6	0.026730
HPSE	0.028789
HPSE2	0.034777
HPX	0.035143
HR	0.033775
HRAS	0.068952
HRC	0.041304
HRCT1	0.029798
HRG	0.037629
HRH1	0.112977
HRH2	0.682303
HRH3	0.105940
HRH4	0.098076
HRK	0.029118
HRNR	0.035178
HROB	0.025527
HS1BP3	0.028780
HS2ST1	0.035275
HS3ST1	0.095639
HS3ST2	0.044007
HS3ST3A1	0.041593
HS3ST3B1	0.048868
HS3ST4	0.047130
HS3ST5	0.044024
HS3ST6	0.058656
HS6ST1	0.066025
HS6ST2	0.076415
HS6ST3	0.079154
HSBP1	0.039778
HSCB	0.102834
HSD11B1	0.061728
HSD11B1L	0.060829
HSD11B2	0.116751
HSD17B1	0.169791
HSD17B10	0.038701
HSD17B11	0.030435
HSD17B12	0.117235
HSD17B13	0.031826
HSD17B14	0.071723
HSD17B2	0.046392
HSD17B3	0.047481
HSD17B4	0.026143
HSD17B6	0.043085
HSD17B7	0.077986
HSD17B8	0.051579
HSD3B1	0.062643
HSD3B2	0.070890
HSD3B7	0.031289
HSDL1	0.721656
HSDL2	0.396947
HSF1	0.040242
HSF2	0.101149
HSF2BP	0.106837
HSF4	0.043181
HSF5	0.027157
HSFX1	0.070826
HSFY1	0.025927
HSFY2	0.026157
HSH2D	0.039138
HSP90AA1	0.087413
HSP90AB1	0.088238
HSP90B1	0.896412
HSPA12A	0.088968
HSPA12B	0.039177
HSPA13	0.050384
HSPA14	0.049646
HSPA1A	0.042082
HSPA1B	0.044605
HSPA1L	0.034663
HSPA2	0.037504
HSPA4	0.111863
HSPA4L	0.056703
HSPA5	0.602153
HSPA6	0.066667
HSPA8	0.118507
HSPA9	0.093252
HSPB1	0.976434
HSPB2	0.044472
HSPB3	0.050026
HSPB6	0.060307
HSPB7	0.040725
HSPB8	0.044554
HSPB9	0.030231
HSPBAP1	0.029552
HSPBP1	0.097336
HSPD1	0.098378
HSPE1	0.052608
HSPG2	0.056983
HSPH1	0.071704
HTATIP2	0.064188
HTATSF1	0.049468
HTN1	0.076816
HTN3	0.101135
HTR1A	0.064047
HTR1B	0.062589
HTR1D	0.092813
HTR1E	0.073758
HTR1F	0.078227
HTR2A	0.092529
HTR2B	0.080322
HTR2C	0.075989
HTR3A	0.060923
HTR3B	0.053036
HTR3C	0.064708
HTR3D	0.080238
HTR3E	0.077225
HTR4	0.091198
HTR5A	0.089610
HTR6	0.087022
HTR7	0.090821
HTRA1	0.076805
HTRA2	0.046163
HTRA3	0.030599
HTRA4	0.034720
HTT	0.087667
HUNK	0.034453
HUS1	0.103620
HUS1B	0.041987
HUWE1	0.100920
HVCN1	0.026572
HYAL1	0.030246
HYAL2	0.033589
HYAL3	0.026873
HYAL4	0.034496
HYCC1	0.025436
HYCC2	0.026389
HYDIN	0.027592
HYI	0.032169
HYKK	0.039324
HYLS1	0.024897
HYOU1	0.210437
HYPK	0.028252
IAH1	0.029944
IAPP	0.070422
IARS1	0.100234
IARS2	0.025068
IBA57	0.025994
IBSP	0.041865
IBTK	0.048241
ICA1	0.026848
ICA1L	0.026980
ICAM1	0.050381
ICAM2	0.042616
ICAM3	0.044957
ICAM4	0.044409
ICAM5	0.041158
ICE2	0.026826
ICMT	0.025991
ICOS	0.064137
ICOSLG	0.058720
ID1	0.050366
ID2	0.072043
ID3	0.060097
ID4	0.054411
IDE	0.033693
IDH1	0.025511
IDH2	0.026242
IDH3A	0.031957
IDH3B	0.027969
IDH3G	0.031750
IDI1	0.027177
IDI2	0.025632
IDNK	0.031010
IDO1	0.026776
IDS	0.028638
IDUA	0.031500
IER2	0.024500
IER3	0.046589
IER3IP1	0.025599
IER5	0.028178
IER5L	0.031452
IFFO2	0.031613
IFI16	0.032155
IFI27	0.027844
IFI27L1	0.032627
IFI27L2	0.026836
IFI30	0.031043
IFI35	0.027555
IFI44	0.024736
IFI44L	0.028350
IFI6	0.032535
IFIH1	0.094497
IFIT1	0.035251
IFIT1B	0.026518
IFIT2	0.024542
IFIT3	0.026987
IFIT5	0.033008
IFITM1	0.041934
IFITM2	0.041306
IFITM3	0.074090
IFITM5	0.026357
IFNA1	0.048514
IFNA13	0.053520
IFNA14	0.041432
IFNA16	0.046615
IFNA17	0.051641
IFNA2	0.041898
IFNA21	0.047385
IFNA4	0.045024
IFNA5	0.042993
IFNA6	0.040294
IFNA7	0.049748
IFNA8	0.061556
IFNAR1	0.113670
IFNAR2	0.047196
IFNB1	0.042906
IFNE	0.075453
IFNG	0.073525
IFNGR1	0.059494
IFNGR2	0.067556
IFNK	0.045090
IFNL1	0.047214
IFNL2	0.047352
IFNL3	0.043123
IFNLR1	0.048438
IFNW1	0.335129
IFRD1	0.026537
IFRD2	0.029322
IFT122	0.089737
IFT140	0.073860
IFT172	0.083920
IFT20	0.040608
IFT22	0.092795
IFT25	0.032326
IFT27	0.063714
IFT43	0.028913
IFT46	0.113140
IFT52	0.033193
IFT56	0.029098
IFT57	0.076580
IFT70A	0.027089
IFT70B	0.028947
IFT74	0.083082
IFT80	0.096064
IFT81	0.036606
IFT88	0.093099
IFTAP	0.027017
IGBP1	0.031326
IGDCC3	0.061254
IGDCC4	0.045669
IGF1	0.040879
IGF1R	0.102693
IGF2	0.077349
IGF2BP1	0.041803
IGF2BP2	0.039145
IGF2BP3	0.026712
IGF2R	0.047451
IGFALS	0.053566
IGFBP1	0.045091
IGFBP2	0.055953
IGFBP3	0.039719
IGFBP4	0.045603
IGFBP5	0.058456
IGFBP6	0.041121
IGFBP7	0.055477
IGFBPL1	0.031981
IGFL1	0.050907
IGFL2	0.047293
IGFL3	0.044093
IGFL4	0.045857
IGFLR1	0.050781
IGFN1	0.033600
IGHMBP2	0.075954
IGIP	0.025676
IGLL1	0.060670
IGSF1	0.081166
IGSF10	0.078912
IGSF11	0.056036
IGSF21	0.129231
IGSF3	0.081311
IGSF5	0.035353
IGSF6	0.059593
IGSF8	0.154311
IGSF9	0.050916
IHH	0.104496
IHO1	0.030991
IK	0.974551
IKBKB	0.127223
IKBKE	0.092345
IKBKG	0.063627
IKZF1	0.040268
IKZF2	0.051433
IKZF3	0.052686
IKZF4	0.038568
IKZF5	0.025845
IL10	0.052711
IL10RA	0.080836
IL10RB	0.067708
IL11	0.038830
IL11RA	0.043994
IL12A	0.046036
IL12B	0.068096
IL12RB1	0.054836
IL12RB2	0.059477
IL13	0.072676
IL13RA1	0.056850
IL13RA2	0.040119
IL15	0.098578
IL15RA	0.042825
IL16	0.073089
IL17A	0.045312
IL17B	0.074301
IL17C	0.067990
IL17D	0.073555
IL17F	0.048780
IL17RA	0.144218
IL17RB	0.084773
IL17RC	0.103661
IL17RD	0.067144
IL17RE	0.076879
IL17REL	0.074723
IL18	0.052479
IL18BP	0.054835
IL18R1	0.053948
IL18RAP	0.052391
IL19	0.049305
IL1A	0.043330
IL1B	0.076227
IL1F10	0.041447
IL1R1	0.050574
IL1R2	0.046123
IL1RAP	0.049581
IL1RAPL1	0.051886
IL1RAPL2	0.053869
IL1RL1	0.081918
IL1RL2	0.058107
IL1RN	0.048295
IL2	0.067008
IL20	0.041814
IL20RA	0.049449
IL20RB	0.073419
IL21	0.044503
IL21R	0.041799
IL22	0.051115
IL22RA1	0.048372
IL22RA2	0.050175
IL23A	0.046497
IL23R	0.047052
IL24	0.057993
IL25	0.051295
IL26	0.044342
IL27RA	0.045700
IL2RA	0.060265
IL2RB	0.073993
IL2RG	0.075091
IL3	0.050600
IL31	0.076934
IL31RA	0.044064
IL32	0.035289
IL33	0.041110
IL34	0.048304
IL36A	0.201378
IL36B	0.056430
IL36G	0.046279
IL36RN	0.042389
IL37	0.047538
IL3RA	0.049798
IL4	0.044596
IL4I1	0.027791
IL4R	0.221107
IL5	0.084128
IL5RA	0.043624
IL6	0.046134
IL6R	0.043870
IL6ST	0.054368
IL7	0.046855
IL7R	0.091592
IL9	0.045633
IL9R	0.084396
ILDR1	0.033395
ILDR2	0.046111
ILF2	0.058042
ILF3	0.085220
ILK	0.041482
ILKAP	0.102511
ILRUN	0.064458
IMMP1L	0.030811
IMMP2L	0.026514
IMMT	0.072715
IMP3	0.127265
IMP4	0.133540
IMPA1	0.058967
IMPA2	0.074047
IMPACT	0.026123
IMPDH1	0.026204
IMPDH2	0.027788
IMPG1	0.092903
IMPG2	0.048433
INA	0.043231
INAFM1	0.039640
INAVA	0.026372
INCA1	0.025428
INCENP	0.110300
INF2	0.042080
ING1	0.037788
ING2	0.096877
ING3	0.067185
ING4	0.063278
ING5	0.037276
INHA	0.045155
INHBA	0.071745
INHBB	0.042782
INHBC	0.046653
INHBE	0.044696
INIP	0.024956
INKA1	0.028181
INKA2	0.029652
INMT	0.025429
INO80	0.064463
INO80B	0.062911
INO80C	0.089509
INO80D	0.064147
INO80E	0.060436
INPP1	0.038637
INPP4A	0.031766
INPP4B	0.126021
INPP5A	0.027272
INPP5B	0.031780
INPP5D	0.099605
INPP5E	0.030913
INPP5J	0.042423
INPP5K	0.047420
INPPL1	0.081392
INS	0.050511
INS-IGF2	0.073777
INSC	0.026452
INSIG1	0.028068
INSIG2	0.027578
INSL3	0.059583
INSL4	0.046041
INSL5	0.044131
INSL6	0.074647
INSM1	0.042168
INSM2	0.028358
INSR	0.046534
INSRR	0.043032
INSYN1	0.031163
INSYN2A	0.029066
INSYN2B	0.025165
INTS1	0.267454
INTS10	0.102296
INTS11	0.082751
INTS12	0.030622
INTS13	0.100106
INTS14	0.081651
INTS15	0.092910
INTS2	0.105432
INTS3	0.094737
INTS4	0.082507
INTS5	0.098726
INTS6	0.093909
INTS6L	0.120584
INTS7	0.101702
INTS8	0.112561
INTS9	0.103656
INTU	0.029747
INVS	0.027739
IP6K1	0.028804
IP6K2	0.029039
IP6K3	0.026621
IPCEF1	0.038767
IPMK	0.031219
IPO11	0.125908
IPO13	0.114432
IPO4	0.033087
IPO5	0.951533
IPO7	0.103257
IPO8	0.105018
IPO9	0.104795
IPP	0.024959
IPPK	0.041524
IQCB1	0.094581
IQCC	0.027809
IQCE	0.026249
IQCF1	0.030555
IQCF2	0.028012
IQCF3	0.029988
IQCH	0.030279
IQCJ	0.026131
IQCK	0.026693
IQCN	0.027025
IQGAP1	0.095604
IQGAP2	0.959841
IQGAP3	0.066678
IQSEC1	0.037721
IQSEC2	0.037739
IQSEC3	0.037889
IQUB	0.027327
IRAG1	0.090123
IRAG2	0.033172
IRAK1	0.096391
IRAK1BP1	0.029228
IRAK2	0.054021
IRAK3	0.076900
IRAK4	0.089964
IREB2	0.026422
IRF1	0.083790
IRF2	0.094128
IRF2BP1	0.053664
IRF2BP2	0.046801
IRF2BPL	0.053918
IRF3	0.056267
IRF4	0.094145
IRF5	0.134231
IRF6	0.038241
IRF7	0.073572
IRF8	0.076981
IRF9	0.080162
IRGC	0.028979
IRGQ	0.027077
IRS1	0.055293
IRS2	0.043857
IRS4	0.042861
IRX1	0.045280
IRX2	0.039736
IRX3	0.036466
IRX4	0.036293
IRX5	0.043211
IRX6	0.036297
ISCA1	0.033559
ISCA2	0.040373
ISCU	0.052904
ISG15	0.348744
ISG20	0.027057
ISG20L2	0.024639
ISL1	0.050423
ISL2	0.043359
ISLR	0.043216
ISLR2	0.042109
ISM2	0.083049
ISOC1	0.028352
ISOC2	0.026668
IST1	0.103083
ISX	0.026203
ISY1	0.179352
ISYNA1	0.025493
ITCH	0.060374
ITFG1	0.076590
ITFG2	0.087745
ITGA1	0.041323
ITGA10	0.044949
ITGA11	0.042314
ITGA2	0.038219
ITGA2B	0.044596
ITGA3	0.042038
ITGA4	0.043703
ITGA5	0.091498
ITGA6	0.038427
ITGA7	0.047684
ITGA8	0.044017
ITGA9	0.080183
ITGAD	0.052244
ITGAE	0.036547
ITGAL	0.048417
ITGAM	0.050389
ITGAV	0.066726
ITGAX	0.041378
ITGB1	0.055140
ITGB1BP1	0.033137
ITGB1BP2	0.112051
ITGB2	0.091293
ITGB3	0.105964
ITGB3BP	0.046374
ITGB4	0.045034
ITGB5	0.083895
ITGB6	0.092510
ITGB7	0.092407
ITGB8	0.045475
ITGBL1	0.038806
ITIH1	0.035795
ITIH2	0.032607
ITIH3	0.046323
ITIH4	0.041027
ITIH6	0.043650
ITK	0.094664
ITLN1	0.026135
ITLN2	0.032279
ITM2A	0.027120
ITM2B	0.027387
ITM2C	0.048173
ITPA	0.070693
ITPK1	0.031110
ITPKA	0.032446
ITPKB	0.034380
ITPKC	0.034489
ITPR1	0.077672
ITPR2	0.049713
ITPR3	0.076848
ITPRID1	0.029945
ITPRID2	0.029691
ITPRIP	0.026267
ITPRIPL1	0.028502
ITPRIPL2	0.027048
ITSN1	0.078267
ITSN2	0.120841
IVD	0.028411
IVL	0.054190
IVNS1ABP	0.032403
IWS1	0.033803
IYD	0.026901
IZUMO1	0.054398
IZUMO1R	0.045874
IZUMO2	0.041947
IZUMO4	0.044041
JADE1	0.070047
JADE2	0.054575
JADE3	0.070224
JAG1	0.678844
JAG2	0.943365
JAGN1	0.025839
JAK1	0.082015
JAK2	0.097522
JAK3	0.097658
JAKMIP1	0.047068
JAKMIP2	0.028090
JAM2	0.045436
JAM3	0.060717
JAML	0.060399
JARID2	0.099658
JCHAIN	0.044585
JDP2	0.234899
JHY	0.027380
JKAMP	0.025632
JMJD1C	0.042901
JMJD4	0.024692
JMJD6	0.027148
JMJD7	0.025762
JMJD8	0.032716
JMY	0.027615
JOSD1	0.026015
JOSD2	0.025144
JPH1	0.027147
JPH2	0.027032
JPH3	0.024956
JPH4	0.027620
JPT1	0.026044
JPT2	0.026145
JRK	0.025131
JRKL	0.028303
JSRP1	0.026516
JTB	0.028542
JUN	0.096702
JUNB	0.077625
JUND	0.152497
JUP	0.100230
KANK1	0.028308
KANK2	0.028554
KANK3	0.029892
KANK4	0.026292
KANSL1	0.102994
KANSL1L	0.064134
KANSL2	0.061458
KANSL3	0.111811
KARS1	0.099244
KASH5	0.050770
KAT14	0.080592
KAT2A	0.087045
KAT2B	0.107951
KAT5	0.979312
KAT6A	0.983264
KAT6B	0.122245
KAT7	0.094922
KAT8	0.968117
KATNA1	0.087487
KATNAL1	0.111576
KATNAL2	0.083466
KATNB1	0.681241
KATNBL1	0.041213
KATNIP	0.030416
KAZALD1	0.225180
KAZN	0.028406
KBTBD11	0.026076
KBTBD12	0.026077
KBTBD2	0.029048
KBTBD3	0.026797
KBTBD4	0.033495
KBTBD6	0.026330
KBTBD7	0.028191
KBTBD8	0.031182
KCMF1	0.025265
KCNA1	0.030348
KCNA10	0.027664
KCNA2	0.029997
KCNA3	0.037213
KCNA4	0.030655
KCNA5	0.034274
KCNA6	0.031974
KCNA7	0.037777
KCNAB1	0.065229
KCNAB2	0.093986
KCNAB3	0.074861
KCNB1	0.038841
KCNB2	0.041717
KCNC1	0.032309
KCNC2	0.026270
KCNC3	0.036481
KCNC4	0.051146
KCND1	0.040923
KCND2	0.038032
KCND3	0.036324
KCNE1	0.027430
KCNE2	0.031562
KCNE3	0.026143
KCNE5	0.027528
KCNF1	0.034584
KCNG1	0.037796
KCNG2	0.045630
KCNG3	0.036630
KCNG4	0.030436
KCNH1	0.044607
KCNH2	0.056438
KCNH3	0.049383
KCNH4	0.060343
KCNH5	0.043629
KCNH6	0.034911
KCNH7	0.073879
KCNH8	0.049642
KCNIP1	0.044321
KCNIP2	0.061930
KCNIP3	0.059874
KCNIP4	0.044919
KCNJ1	0.085369
KCNJ10	0.050871
KCNJ11	0.077015
KCNJ12	0.063832
KCNJ13	0.031914
KCNJ14	0.080102
KCNJ15	0.163065
KCNJ16	0.060138
KCNJ2	0.088802
KCNJ3	0.071261
KCNJ4	0.080362
KCNJ5	0.068654
KCNJ6	0.064406
KCNJ8	0.076472
KCNJ9	0.073392
KCNK1	0.049991
KCNK10	0.031781
KCNK12	0.034578
KCNK13	0.032875
KCNK15	0.031394
KCNK16	0.038867
KCNK17	0.030604
KCNK18	0.028083
KCNK2	0.031603
KCNK3	0.039031
KCNK4	0.031227
KCNK5	0.030157
KCNK6	0.028129
KCNK7	0.035797
KCNK9	0.054094
KCNMA1	0.039103
KCNMB1	0.099137
KCNMB2	0.029280
KCNMB3	0.032204
KCNMB4	0.025913
KCNN1	0.045040
KCNN2	0.028308
KCNN3	0.035014
KCNN4	0.036474
KCNQ1	0.040699
KCNQ2	0.075349
KCNQ3	0.126433
KCNQ4	0.037657
KCNQ5	0.041214
KCNRG	0.025062
KCNS1	0.039774
KCNS2	0.048039
KCNS3	0.035168
KCNT1	0.040058
KCNT2	0.026670
KCNU1	0.033425
KCNV1	0.028561
KCNV2	0.029832
KCTD1	0.076263
KCTD10	0.053770
KCTD11	0.023242
KCTD12	0.042825
KCTD13	0.027410
KCTD14	0.032860
KCTD15	0.040541
KCTD16	0.029005
KCTD17	0.026702
KCTD18	0.024656
KCTD2	0.081459
KCTD20	0.029482
KCTD21	0.026686
KCTD3	0.044130
KCTD4	0.025120
KCTD5	0.102387
KCTD6	0.049478
KCTD7	0.062632
KCTD8	0.032920
KCTD9	0.025426
KDELR1	0.024596
KDELR2	0.029954
KDELR3	0.025969
KDF1	0.027622
KDM1A	0.085635
KDM1B	0.048620
KDM2A	0.053389
KDM2B	0.096965
KDM3A	0.098875
KDM3B	0.123884
KDM4A	0.052330
KDM4C	0.058518
KDM4D	0.070379
KDM5A	0.092227
KDM5B	0.104424
KDM5C	0.102041
KDM5D	0.105403
KDM6A	0.159572
KDM6B	0.027938
KDM7A	0.069679
KDM8	0.059858
KDR	0.054191
KDSR	0.033589
KEAP1	0.060300
KEL	0.054144
KERA	0.030593
KGD4	0.058981
KHDC1L	0.024615
KHDC3L	0.026563
KHDC4	0.033182
KHDRBS1	0.124950
KHDRBS2	0.026556
KHDRBS3	0.100591
KHK	0.035460
KHNYN	0.026495
KHSRP	0.883967
KIAA0232	0.025301
KIAA0319	0.047359
KIAA0319L	0.068395
KIAA0408	0.025078
KIAA0513	0.036271
KIAA0586	0.027907
KIAA0753	0.033277
KIAA0825	0.089624
KIAA0930	0.027174
KIAA1143	0.024290
KIAA1191	0.030668
KIAA1217	0.030718
KIAA1328	0.028489
KIAA1586	0.025478
KIAA1755	0.027619
KIAA1958	0.027216
KIAA2012	0.024919
KIAA2013	0.042709
KICS2	0.088260
KIDINS220	0.052206
KIF11	0.134759
KIF12	0.032931
KIF13A	0.076402
KIF13B	0.078452
KIF14	0.081629
KIF15	0.058483
KIF16B	0.082598
KIF17	0.079433
KIF18A	0.050821
KIF18B	0.033152
KIF19	0.035222
KIF1A	0.080801
KIF1B	0.093195
KIF1C	0.038081
KIF20A	0.081640
KIF20B	0.061150
KIF21A	0.045215
KIF21B	0.032575
KIF22	0.044895
KIF23	0.096043
KIF24	0.031183
KIF25	0.025840
KIF26A	0.026605
KIF26B	0.029149
KIF27	0.032954
KIF2A	0.032961
KIF2B	0.044762
KIF2C	0.112182
KIF3A	0.050865
KIF3B	0.040036
KIF3C	0.024534
KIF4A	0.039839
KIF5A	0.031004
KIF5B	0.065349
KIF5C	0.041042
KIF6	0.031528
KIF7	0.025981
KIF9	0.043508
KIFAP3	0.062679
KIFBP	0.028886
KIFC1	0.969918
KIFC2	0.032388
KIFC3	0.752296
KIN	0.025235
KIR2DL4	0.060841
KIR2DL5A	0.069622
KIR2DL5B	0.059882
KIR3DL1	0.068193
KIR3DL2	0.060448
KIR3DL3	0.051570
KIRREL1	0.041328
KIRREL2	0.053560
KIRREL3	0.047064
KISS1	0.069587
KISS1R	0.098054
KIT	0.051121
KITLG	0.045760
KIZ	0.028082
KL	0.060604
KLB	0.078293
KLC1	0.074368
KLC2	0.028648
KLC3	0.089546
KLC4	0.083409
KLF1	0.034322
KLF10	0.028895
KLF11	0.025615
KLF12	0.057163
KLF13	0.040125
KLF14	0.034384
KLF15	0.043658
KLF16	0.029077
KLF17	0.025506
KLF2	0.038507
KLF3	0.027674
KLF4	0.556540
KLF5	0.050756
KLF6	0.030901
KLF7	0.030943
KLF8	0.146457
KLF9	0.030250
KLHDC1	0.024072
KLHDC10	0.025886
KLHDC2	0.024121
KLHDC3	0.024904
KLHDC4	0.024838
KLHDC7A	0.028432
KLHDC7B	0.026419
KLHDC8A	0.026063
KLHDC8B	0.025261
KLHDC9	0.034006
KLHL1	0.031640
KLHL10	0.025284
KLHL11	0.027225
KLHL12	0.032463
KLHL13	0.030327
KLHL14	0.024028
KLHL15	0.041901
KLHL17	0.027890
KLHL18	0.037094
KLHL2	0.035325
KLHL20	0.036806
KLHL21	0.028205
KLHL22	0.032898
KLHL23	0.025111
KLHL24	0.028849
KLHL25	0.035501
KLHL26	0.028241
KLHL28	0.024435
KLHL3	0.037472
KLHL30	0.027545
KLHL31	0.031595
KLHL32	0.034836
KLHL34	0.030762
KLHL35	0.026575
KLHL36	0.030773
KLHL38	0.024684
KLHL4	0.024439
KLHL40	0.026363
KLHL41	0.037585
KLHL42	0.037466
KLHL5	0.028844
KLHL6	0.024787
KLHL7	0.063205
KLHL8	0.026548
KLHL9	0.032802
KLK1	0.080512
KLK10	0.037016
KLK11	0.055254
KLK12	0.031247
KLK13	0.088956
KLK14	0.039871
KLK15	0.038920
KLK2	0.101413
KLK4	0.039105
KLK5	0.053268
KLK6	0.052468
KLK7	0.040389
KLK8	0.052335
KLK9	0.032783
KLKB1	0.064362
KLLN	0.023791
KLRB1	0.060778
KLRC1	0.058811
KLRC2	0.060845
KLRC3	0.053984
KLRC4	0.072344
KLRD1	0.099017
KLRF1	0.063130
KLRG1	0.056841
KLRG2	0.052734
KLRK1	0.063448
KMO	0.026505
KMT2A	0.094486
KMT2B	0.039218
KMT2C	0.081706
KMT2D	0.025472
KMT2E	0.058930
KMT5A	0.032241
KMT5B	0.087818
KMT5C	0.028865
KNCN	0.030294
KNDC1	0.037010
KNG1	0.061417
KNL1	0.054501
KNOP1	0.032007
KNSTRN	0.024820
KNTC1	0.069832
KPLCE	0.050619
KPNA1	0.045106
KPNA2	0.972057
KPNA3	0.091597
KPNA4	0.107219
KPNA5	0.068732
KPNA6	0.027752
KPNB1	0.970791
KPRP	0.892025
KPTN	0.039572
KRABD2	0.029956
KRABD3	0.025884
KRABD4	0.031408
KRABD5	0.026738
KRAS	0.081853
KRCC1	0.025227
KREMEN1	0.042103
KREMEN2	0.045793
KRI1	0.091146
KRIT1	0.060018
KRR1	0.121491
KRT1	0.025827
KRT10	0.026072
KRT12	0.025496
KRT13	0.034373
KRT14	0.035108
KRT15	0.026581
KRT16	0.032578
KRT17	0.026681
KRT18	0.051862
KRT19	0.026262
KRT2	0.025540
KRT20	0.027541
KRT222	0.025193
KRT23	0.026224
KRT24	0.026899
KRT25	0.030975
KRT26	0.035747
KRT27	0.026433
KRT28	0.028654
KRT3	0.030303
KRT31	0.046350
KRT32	0.035189
KRT33A	0.029694
KRT33B	0.028191
KRT34	0.032532
KRT35	0.026580
KRT36	0.026247
KRT37	0.027643
KRT38	0.027229
KRT39	0.029988
KRT4	0.026711
KRT40	0.039509
KRT5	0.106964
KRT6A	0.027058
KRT6B	0.027683
KRT6C	0.026352
KRT7	0.026735
KRT71	0.027365
KRT72	0.030109
KRT73	0.026997
KRT74	0.026346
KRT75	0.028071
KRT76	0.025968
KRT77	0.027444
KRT78	0.033548
KRT79	0.026284
KRT8	0.041256
KRT80	0.028044
KRT81	0.034581
KRT82	0.034783
KRT83	0.029408
KRT84	0.028267
KRT85	0.032183
KRT86	0.032795
KRT9	0.026668
KRTAP1-1	0.111720
KRTAP1-3	0.079523
KRTAP1-5	0.047678
KRTAP10-10	0.138982
KRTAP10-11	0.774132
KRTAP10-7	0.120145
KRTAP10-8	0.115963
KRTAP11-1	0.069399
KRTAP12-1	0.071334
KRTAP12-2	0.087560
KRTAP13-1	0.108718
KRTAP13-2	0.107576
KRTAP13-3	0.100794
KRTAP15-1	0.108067
KRTAP17-1	0.038927
KRTAP19-3	0.026308
KRTAP19-4	0.034557
KRTAP2-4	0.099366
KRTAP20-1	0.032672
KRTAP20-3	0.033378
KRTAP21-2	0.053908
KRTAP25-1	0.031215
KRTAP26-1	0.088373
KRTAP27-1	0.093460
KRTAP3-1	0.732391
KRTAP3-2	0.058251
KRTAP3-3	0.068223
KRTAP4-1	0.037010
KRTAP4-11	0.056671
KRTAP4-12	0.089422
KRTAP4-2	0.029785
KRTAP4-4	0.037294
KRTAP4-5	0.030496
KRTAP4-7	0.034841
KRTAP5-1	0.046457
KRTAP5-11	0.068902
KRTAP5-2	0.029638
KRTAP5-3	0.030061
KRTAP5-4	0.074867
KRTAP5-5	0.036480
KRTAP5-6	0.036588
KRTAP5-7	0.040017
KRTAP5-8	0.034923
KRTAP5-9	0.078906
KRTAP6-2	0.037040
KRTAP6-3	0.076443
KRTAP8-1	0.026099
KRTAP9-2	0.040951
KRTAP9-3	0.042018
KRTAP9-4	0.052044
KRTCAP2	0.027092
KRTCAP3	0.030921
KRTDAP	0.032581
KSR1	0.050049
KSR2	0.069222
KTI12	0.028446
KTN1	0.053419
KXD1	0.047353
KY	0.033612
KYAT1	0.043234
KYAT3	0.031640
KYNU	0.028130
L1CAM	0.064893
L1TD1	0.033535
L2HGDH	0.030541
L3HYPDH	0.033956
L3MBTL1	0.077704
L3MBTL2	0.107727
L3MBTL3	0.066753
L3MBTL4	0.085354
LACC1	0.030783
LACRT	0.047748
LACTB	0.025460
LACTB2	0.034028
LAD1	0.025940
LAG3	0.045212
LAGE3	0.087481
LAIR1	0.068554
LAIR2	0.049843
LALBA	0.036438
LAMA1	0.042113
LAMA2	0.038081
LAMA4	0.041906
LAMA5	0.040300
LAMB1	0.059498
LAMB2	0.049186
LAMB3	0.058593
LAMB4	0.054799
LAMC1	0.048367
LAMC2	0.047461
LAMC3	0.078200
LAMP1	0.047018
LAMP2	0.038198
LAMP3	0.043306
LAMP5	0.029396
LAMTOR1	0.087106
LAMTOR2	0.165508
LAMTOR3	0.027131
LAMTOR4	0.076003
LAMTOR5	0.083621
LANCL1	0.027675
LANCL2	0.027847
LANCL3	0.030753
LAP3	0.769251
LAPTM4A	0.025297
LAPTM5	0.030075
LARGE1	0.054162
LARGE2	0.070407
LARP1	0.051747
LARP1B	0.067858
LARP4	0.039012
LARP4B	0.025388
LARP7	0.123776
LARS1	0.110466
LARS2	0.050589
LAS1L	0.033110
LASP1	0.059597
LAT	0.040995
LAT2	0.041211
LATS1	0.029411
LATS2	0.031270
LAX1	0.051279
LAYN	0.043277
LBH	0.026436
LBHD1	0.026249
LBP	0.040028
LBR	0.061825
LBX1	0.035049
LBX2	0.042668
LCA5	0.027502
LCA5L	0.025995
LCAT	0.102331
LCE1B	0.097475
LCE1C	0.049198
LCE1E	0.083772
LCE2A	0.046035
LCE2B	0.083846
LCE2C	0.062101
LCE3D	0.052500
LCE3E	0.663919
LCE4A	0.101534
LCE5A	0.482109
LCE6A	0.027753
LCK	0.100039
LCLAT1	0.030457
LCMT1	0.026874
LCMT2	0.025790
LCN1	0.034140
LCN10	0.033073
LCN12	0.044156
LCN15	0.259037
LCN2	0.039820
LCN6	0.033789
LCN8	0.036747
LCN9	0.034168
LCNL1	0.028538
LCOR	0.103256
LCORL	0.040848
LCP1	0.100015
LCP2	0.088194
LCT	0.034178
LCTL	0.056530
LDAF1	0.026281
LDAH	0.028035
LDB1	0.097460
LDB2	0.085438
LDB3	0.081385
LDHA	0.026925
LDHAL6A	0.028461
LDHAL6B	0.037215
LDHB	0.029607
LDHC	0.029763
LDHD	0.029078
LDLR	0.055176
LDLRAD1	0.040246
LDLRAD2	0.049680
LDLRAD3	0.032353
LDLRAD4	0.027019
LDLRAP1	0.047958
LDOC1	0.032704
LEAP2	0.044244
LECT2	0.028584
LEF1	0.095608
LEFTY1	0.038606
LEFTY2	0.038052
LEKR1	0.026054
LELP1	0.074856
LEMD1	0.029108
LEMD2	0.027106
LEMD3	0.041722
LENEP	0.028400
LENG8	0.025935
LENG9	0.025243
LEO1	0.034888
LEP	0.060202
LEPR	0.055481
LEPROT	0.084170
LEPROTL1	0.029886
LETM1	0.027008
LETM2	0.033248
LETMD1	0.028376
LGALS1	0.036110
LGALS12	0.029001
LGALS13	0.027358
LGALS14	0.026178
LGALS2	0.034730
LGALS3	0.092716
LGALS3BP	0.127217
LGALS4	0.047620
LGALS7B	0.032702
LGALS8	0.145329
LGALS9	0.086389
LGALS9B	0.083371
LGALS9C	0.968598
LGALSL	0.025654
LGI1	0.044309
LGI2	0.043927
LGI3	0.054891
LGI4	0.058680
LGMN	0.033430
LGR4	0.044399
LGR5	0.053787
LGR6	0.052008
LGSN	0.047257
LHB	0.059510
LHCGR	0.068252
LHFPL1	0.029352
LHFPL2	0.031461
LHFPL3	0.026770
LHFPL4	0.036374
LHFPL5	0.027083
LHFPL6	0.036779
LHFPL7	0.029890
LHPP	0.038391
LHX1	0.032455
LHX2	0.059343
LHX3	0.036664
LHX4	0.044561
LHX5	0.044828
LHX6	0.036838
LHX8	0.047037
LHX9	0.040343
LIAS	0.028322
LIAT1	0.026137
LIF	0.061703
LIFR	0.056552
LIG1	0.119581
LIG3	0.057691
LIG4	0.028808
LILRA1	0.051141
LILRA2	0.097449
LILRA3	0.049139
LILRA4	0.077927
LILRA5	0.103280
LILRA6	0.077224
LILRB1	0.068093
LILRB2	0.055302
LILRB3	0.097678
LILRB4	0.056825
LILRB5	0.062361
LIM2	0.032157
LIMA1	0.027260
LIMCH1	0.031169
LIMD1	0.028968
LIMD2	0.026310
LIME1	0.045152
LIMK1	0.027784
LIMK2	0.082035
LIMS1	0.026396
LIMS2	0.031419
LIMS3	0.027462
LIN28A	0.029645
LIN28B	0.029292
LIN37	0.064562
LIN52	0.028850
LIN54	0.983364
LIN7A	0.037069
LIN7B	0.042484
LIN7C	0.047124
LIN9	0.050916
LINGO1	0.078540
LINGO2	0.045791
LINGO4	0.044534
LINS1	0.044855
LIPA	0.044899
LIPC	0.034939
LIPE	0.101740
LIPF	0.040582
LIPG	0.114537
LIPH	0.090691
LIPI	0.060126
LIPJ	0.070376
LIPK	0.060215
LIPM	0.078974
LIPN	0.061832
LIPT1	0.024403
LITAF	0.026366
LIX1	0.028763
LIX1L	0.183925
LKAAEAR1	0.032495
LLCFC1	0.038086
LLGL1	0.260924
LLGL2	0.026665
LLPH	0.026227
LMAN1	0.039765
LMAN1L	0.038076
LMAN2	0.041982
LMAN2L	0.028616
LMBR1	0.042382
LMBR1L	0.054994
LMBRD1	0.032567
LMBRD2	0.026838
LMCD1	0.039260
LMF1	0.038847
LMF2	0.041646
LMLN	0.046892
LMNA	0.089339
LMNB1	0.038863
LMNB2	0.037449
LMNTD1	0.025805
LMNTD2	0.024761
LMO1	0.041867
LMO2	0.053919
LMO3	0.029649
LMO4	0.040314
LMO7	0.699714
LMOD1	0.025962
LMOD3	0.026785
LMTK2	0.046782
LMTK3	0.056355
LMX1A	0.050910
LMX1B	0.071531
LNP1	0.027443
LNPEP	0.043180
LNPK	0.087046
LNX1	0.048369
LNX2	0.036043
LONP1	0.144732
LONP2	0.099503
LONRF1	0.041077
LONRF2	0.031170
LONRF3	0.981482
LORICRIN	0.030692
LOX	0.047945
LOXL1	0.089759
LOXL2	0.041204
LOXL3	0.053172
LOXL4	0.040656
LPA	0.027996
LPAR1	0.071626
LPAR2	0.066193
LPAR3	0.048451
LPAR4	0.088641
LPAR5	0.069651
LPAR6	0.075496
LPCAT1	0.058024
LPCAT2	0.030240
LPCAT3	0.104672
LPCAT4	0.028053
LPGAT1	0.030136
LPIN1	0.103822
LPIN2	0.081830
LPIN3	0.076495
LPL	0.056773
LPO	0.039778
LPP	0.029663
LPXN	0.075026
LRAT	0.032360
LRATD1	0.025490
LRATD2	0.031591
LRBA	0.069522
LRCH1	0.029307
LRCH2	0.032103
LRCH3	0.034927
LRCH4	0.038205
LRFN2	0.049228
LRFN3	0.042179
LRFN4	0.046933
LRFN5	0.051703
LRG1	0.316019
LRGUK	0.027068
LRIF1	0.089838
LRIG1	0.047451
LRIG2	0.043804
LRIG3	0.058850
LRIT1	0.045653
LRIT2	0.045488
LRIT3	0.047200
LRMDA	0.026965
LRP1	0.047521
LRP10	0.064930
LRP11	0.053307
LRP12	0.120484
LRP1B	0.051136
LRP2	0.050126
LRP2BP	0.086677
LRP3	0.046052
LRP4	0.078606
LRP5	0.060419
LRP6	0.048641
LRP8	0.052990
LRPAP1	0.057719
LRPPRC	0.119133
LRR1	0.038800
LRRC1	0.029927
LRRC10	0.025307
LRRC14	0.024085
LRRC15	0.042330
LRRC17	0.064245
LRRC18	0.024754
LRRC19	0.053783
LRRC2	0.024919
LRRC20	0.031954
LRRC23	0.053181
LRRC24	0.062782
LRRC25	0.061795
LRRC26	0.083965
LRRC27	0.026941
LRRC28	0.024538
LRRC3	0.028694
LRRC31	0.026429
LRRC32	0.047396
LRRC34	0.029583
LRRC36	0.103263
LRRC37A	0.051037
LRRC37A2	0.076671
LRRC37A3	0.051329
LRRC37B	0.045428
LRRC39	0.024116
LRRC3B	0.040656
LRRC4	0.045734
LRRC40	0.027565
LRRC41	0.039817
LRRC42	0.024928
LRRC43	0.024839
LRRC45	0.029325
LRRC46	0.025887
LRRC47	0.027289
LRRC49	0.099407
LRRC4B	0.079448
LRRC4C	0.042319
LRRC52	0.042123
LRRC55	0.046595
LRRC56	0.027240
LRRC57	0.029021
LRRC59	0.026167
LRRC61	0.043150
LRRC63	0.025429
LRRC66	0.048079
LRRC7	0.029695
LRRC70	0.040581
LRRC71	0.023719
LRRC73	0.026948
LRRC74A	0.026050
LRRC75A	0.025105
LRRC75B	0.025215
LRRC8A	0.109390
LRRC8B	0.038149
LRRC8C	0.029553
LRRC8D	0.029072
LRRC8E	0.027796
LRRCC1	0.035675
LRRD1	0.026761
LRRFIP1	0.079549
LRRFIP2	0.040299
LRRIQ1	0.026696
LRRK1	0.040075
LRRK2	0.025622
LRRN1	0.043483
LRRN2	0.047544
LRRN3	0.056734
LRRN4	0.064380
LRRN4CL	0.042143
LRRTM1	0.054046
LRRTM2	0.043940
LRRTM3	0.046491
LRRTM4	0.065515
LRSAM1	0.034446
LRTM1	0.051022
LRTM2	0.044715
LRTOMT	0.088092
LRWD1	0.098422
LSAMP	0.097387
LSG1	0.035373
LSM1	0.110228
LSM10	0.031067
LSM11	0.026681
LSM12	0.027344
LSM14A	0.025419
LSM14B	0.104417
LSM2	0.728450
LSM3	0.033018
LSM4	0.120803
LSM5	0.043929
LSM6	0.978226
LSM7	0.119617
LSM8	0.041317
LSMEM1	0.025197
LSMEM2	0.058428
LSP1	0.031588
LSR	0.032752
LSS	0.026366
LST1	0.058314
LTA	0.047569
LTA4H	0.029205
LTAP1	0.027504
LTB	0.042017
LTB4R	0.098378
LTB4R2	0.093332
LTBP1	0.072305
LTBP2	0.121598
LTBP3	0.057970
LTBP4	0.048270
LTBR	0.081912
LTF	0.044204
LTK	0.051775
LTN1	0.736816
LTO1	0.038970
LTV1	0.114430
LUC7L	0.025710
LUC7L2	0.025358
LUC7L3	0.034812
LUM	0.051000
LURAP1	0.026799
LURAP1L	0.030608
LUZP1	0.029193
LUZP2	0.025337
LUZP4	0.025827
LVRN	0.036878
LXN	0.033736
LY6D	0.040147
LY6E	0.030643
LY6G5B	0.030784
LY6G5C	0.030152
LY6G6C	0.030423
LY6G6D	0.029226
LY6G6F	0.046215
LY6H	0.028961
LY6K	0.040846
LY75	0.050653
LY86	0.026245
LY9	0.056910
LY96	0.100092
LYAR	0.027494
LYG1	0.026184
LYG2	0.027154
LYN	0.104143
LYPD1	0.423624
LYPD2	0.036826
LYPD3	0.032699
LYPD4	0.043481
LYPD5	0.038093
LYPD6	0.058152
LYPD6B	0.065127
LYPD8	0.032010
LYPLA1	0.039070
LYPLA2	0.484646
LYPLAL1	0.043546
LYRM1	0.028952
LYRM2	0.034154
LYRM4	0.042882
LYRM7	0.029863
LYRM9	0.045833
LYSMD1	0.028870
LYSMD2	0.023991
LYSMD3	0.025942
LYSMD4	0.033530
LYST	0.026099
LYVE1	0.051157
LYZ	0.047797
LYZL1	0.029957
LYZL2	0.027954
LYZL4	0.029681
LYZL6	0.090872
LZIC	0.027928
LZTFL1	0.090661
LZTR1	0.034640
LZTS1	0.027880
LZTS2	0.028540
LZTS3	0.027878
M1AP	0.113398
M6PR	0.105297
MAB21L1	0.025112
MAB21L2	0.044976
MAB21L3	0.026751
MAB21L4	0.039507
MACC1	0.040511
MACF1	0.028259
MACIR	0.040771
MACO1	0.742392
MACROD1	0.030024
MACROD2	0.027267
MACROH2A1	0.034292
MACROH2A2	0.040473
MAD1L1	0.123144
MAD2L1	0.406909
MAD2L1BP	0.036184
MAD2L2	0.094045
MADCAM1	0.050924
MADD	0.038639
MAEA	0.097402
MAEL	0.095641
MAF	0.082228
MAF1	0.114502
MAFB	0.118996
MAFF	0.066993
MAFG	0.056786
MAFK	0.977786
MAG	0.055390
MAGEA1	0.040365
MAGEA10	0.028231
MAGEA11	0.027441
MAGEA12	0.025964
MAGEA2	0.025818
MAGEA2B	0.026349
MAGEA3	0.026789
MAGEA4	0.031203
MAGEA6	0.027510
MAGEA8	0.027252
MAGEA9	0.027680
MAGEA9B	0.030222
MAGEB1	0.026282
MAGEB10	0.024919
MAGEB18	0.032170
MAGEB2	0.025058
MAGEB3	0.025007
MAGEB4	0.024414
MAGEB6	0.026228
MAGEC1	0.030998
MAGEC2	0.027489
MAGEC3	0.037026
MAGED1	0.031290
MAGED2	0.031644
MAGED4B	0.035924
MAGEE1	0.033981
MAGEE2	0.034307
MAGEF1	0.032731
MAGEH1	0.029637
MAGEL2	0.033384
MAGI1	0.092902
MAGI2	0.219424
MAGI3	0.051108
MAGIX	0.039511
MAGOH	0.069034
MAGOHB	0.072329
MAGT1	0.033570
MAIP1	0.059355
MAJIN	0.026583
MAK	0.029954
MAK16	0.075897
MAL	0.030101
MAL2	0.048330
MALL	0.028244
MALSU1	0.048041
MALT1	0.078266
MAMDC2	0.039878
MAMDC4	0.047590
MAML1	0.091309
MAML2	0.111590
MAML3	0.262260
MAMLD1	0.065627
MAMSTR	0.026990
MAN1A1	0.051808
MAN1A2	0.039108
MAN1B1	0.968777
MAN1C1	0.062947
MAN2A1	0.028985
MAN2A2	0.026529
MAN2B1	0.027050
MAN2B2	0.027144
MAN2C1	0.026356
MANBA	0.029838
MANBAL	0.028362
MANEA	0.029784
MANEAL	0.028070
MANF	0.045990
MANSC1	0.051642
MAOA	0.046222
MAOB	0.037496
MAP1A	0.096879
MAP1B	0.097529
MAP1LC3A	0.028151
MAP1LC3B	0.090607
MAP1LC3C	0.026767
MAP1S	0.042994
MAP2	0.971952
MAP2K1	0.078080
MAP2K2	0.049052
MAP2K3	0.082786
MAP2K4	0.075654
MAP2K5	0.038263
MAP2K6	0.087353
MAP2K7	0.030525
MAP3K1	0.040243
MAP3K10	0.031633
MAP3K11	0.033717
MAP3K12	0.039677
MAP3K13	0.044499
MAP3K14	0.043006
MAP3K15	0.128146
MAP3K19	0.026507
MAP3K2	0.038388
MAP3K20	0.047619
MAP3K21	0.030467
MAP3K3	0.130463
MAP3K4	0.062366
MAP3K5	0.074426
MAP3K6	0.073430
MAP3K7	0.082462
MAP3K7CL	0.029380
MAP3K8	0.098775
MAP3K9	0.031874
MAP4K1	0.042953
MAP4K2	0.092108
MAP4K3	0.074144
MAP4K4	0.053871
MAP4K5	0.065123
MAP6	0.027687
MAP6D1	0.040594
MAP7	0.025831
MAP7D1	0.026105
MAP7D2	0.026269
MAP9	0.026889
MAPDA	0.026197
MAPK1	0.082684
MAPK10	0.044229
MAPK11	0.028321
MAPK12	0.037510
MAPK13	0.031166
MAPK14	0.096116
MAPK15	0.031443
MAPK1IP1L	0.247255
MAPK3	0.106961
MAPK4	0.033102
MAPK6	0.030587
MAPK7	0.051160
MAPK8	0.050067
MAPK8IP1	0.038237
MAPK8IP2	0.029478
MAPK8IP3	0.083735
MAPK9	0.031257
MAPKAP1	0.037853
MAPKAPK2	0.031086
MAPKAPK3	0.029193
MAPKAPK5	0.082618
MAPRE1	0.045430
MAPRE2	0.043028
MAPRE3	0.038678
MAPT	0.093451
MARCHF1	0.027209
MARCHF10	0.024632
MARCHF11	0.025133
MARCHF2	0.027609
MARCHF3	0.029328
MARCHF4	0.051171
MARCHF5	0.026185
MARCHF6	0.078635
MARCHF7	0.028361
MARCHF8	0.024571
MARCHF9	0.026266
MARCKS	0.032837
MARCKSL1	0.028658
MARCO	0.039906
MARF1	0.034734
MARK1	0.028719
MARK2	0.027497
MARK3	0.062354
MARK4	0.064724
MARS1	0.037357
MARS2	0.029351
MARVELD2	0.079575
MARVELD3	0.045005
MAS1	0.030900
MAS1L	0.032894
MASP1	0.049634
MASP2	0.062288
MAST1	0.046899
MAST2	0.048864
MAST3	0.081572
MAST4	0.045317
MASTL	0.322498
MAT1A	0.026417
MAT2A	0.043299
MAT2B	0.029114
MATCAP1	0.030197
MATCAP2	0.028565
MATK	0.138897
MATN1	0.056314
MATN2	0.041284
MATN3	0.040050
MATN4	0.040874
MATR3	0.025254
MAU2	0.025509
MAVS	0.559148
MAX	0.097375
MAZ	0.088911
MB	0.033911
MB21D2	0.026786
MBD1	0.040845
MBD2	0.077474
MBD3	0.089849
MBD3L1	0.034799
MBD3L2	0.038515
MBD4	0.069575
MBD5	0.098046
MBD6	0.075301
MBIP	0.066468
MBLAC1	0.025401
MBLAC2	0.025293
MBNL1	0.036288
MBNL2	0.034609
MBNL3	0.038185
MBOAT1	0.032296
MBOAT2	0.096390
MBOAT7	0.089280
MBP	0.027953
MBTD1	0.105611
MBTPS1	0.092820
MBTPS2	0.026956
MC1R	0.048868
MC2R	0.051152
MC3R	0.070866
MC4R	0.053232
MC5R	0.045072
MCAM	0.042678
MCAT	0.035848
MCC	0.072244
MCCC1	0.050939
MCCC2	0.074219
MCCD1	0.030078
MCEE	0.024919
MCEMP1	0.053387
MCF2	0.033400
MCF2L	0.026753
MCF2L2	0.030729
MCHR1	0.109644
MCHR2	0.079038
MCL1	0.058385
MCM10	0.117190
MCM2	0.122384
MCM3	0.110777
MCM3AP	0.097025
MCM4	0.114523
MCM5	0.103796
MCM6	0.121837
MCM7	0.094853
MCM8	0.197719
MCM9	0.123369
MCMBP	0.025488
MCMDC2	0.095447
MCOLN1	0.028680
MCOLN2	0.030996
MCOLN3	0.029529
MCPH1	0.101184
MCRIP1	0.098310
MCRIP2	0.027073
MCRS1	0.091533
MCTP1	0.037252
MCTP2	0.036066
MCTS1	0.023402
MCU	0.084375
MCUB	0.027540
MCUR1	0.028332
MDC1	0.056423
MDFI	0.040563
MDFIC	0.244314
MDGA1	0.078886
MDGA2	0.048212
MDH1	0.035748
MDH1B	0.030432
MDH2	0.062173
MDK	0.043513
MDM1	0.025292
MDM2	0.079739
MDM4	0.060911
MDN1	0.096112
MDP1	0.046736
ME1	0.025432
ME2	0.025985
ME3	0.029253
MEA1	0.031982
MEAF6	0.058772
MEAK7	0.026987
MECOM	0.045247
MECP2	0.089361
MECR	0.027230
MED1	0.101804
MED10	0.024722
MED11	0.113449
MED12	0.100271
MED12L	0.110089
MED13	0.092674
MED13L	0.114459
MED14	0.090711
MED15	0.099207
MED16	0.082233
MED17	0.080102
MED18	0.026993
MED19	0.045451
MED20	0.094423
MED21	0.131898
MED22	0.045656
MED23	0.108772
MED24	0.109664
MED25	0.105180
MED26	0.097967
MED27	0.130759
MED28	0.132806
MED29	0.097756
MED30	0.025484
MED31	0.024034
MED4	0.205792
MED6	0.115121
MED7	0.099260
MED8	0.045118
MED9	0.025002
MEDAG	0.038599
MEF2A	0.042965
MEF2C	0.102741
MEF2D	0.050178
MEFV	0.045183
MEGF10	0.044600
MEGF11	0.098701
MEGF6	0.039213
MEGF8	0.034290
MEGF9	0.046960
MEI1	0.052797
MEIG1	0.026658
MEIOB	0.027213
MEIOC	0.079673
MEIS1	0.970992
MEIS2	0.106222
MEIS3	0.090371
MELK	0.061148
MELTF	0.040415
MEMO1	0.031573
MEN1	0.122262
MEOX1	0.035274
MEOX2	0.056104
MEP1A	0.051033
MEP1B	0.041814
MEPCE	0.037105
MEPE	0.030561
MERTK	0.044007
MESD	0.053541
MESP1	0.048866
MESP2	0.047671
MEST	0.039197
MET	0.054897
METAP1	0.041344
METAP1D	0.038083
METAP2	0.036513
METRN	0.070460
METRNL	0.032125
METTL1	0.118805
METTL13	0.027167
METTL14	0.024463
METTL15	0.045021
METTL16	0.028871
METTL17	0.023428
METTL18	0.029165
METTL21A	0.026166
METTL21C	0.036640
METTL22	0.031801
METTL23	0.027612
METTL25	0.026599
METTL25B	0.045082
METTL26	0.026326
METTL27	0.032236
METTL2A	0.046268
METTL2B	0.041385
METTL3	0.091011
METTL4	0.025677
METTL5	0.024091
METTL6	0.039534
METTL8	0.026635
METTL9	0.096812
MEX3A	0.038260
MEX3B	0.074797
MEX3C	0.041527
MEX3D	0.040574
MFAP1	0.286174
MFAP2	0.052999
MFAP3	0.052084
MFAP3L	0.056236
MFAP4	0.079273
MFAP5	0.045755
MFF	0.067183
MFGE8	0.038845
MFHAS1	0.027556
MFN1	0.098373
MFN2	0.091662
MFNG	0.042298
MFRP	0.055366
MFSD1	0.030464
MFSD11	0.029673
MFSD12	0.032319
MFSD2A	0.034195
MFSD2B	0.041004
MFSD6	0.055903
MFSD6L	0.037623
MFSD8	0.063325
MGA	0.033327
MGAM	0.085148
MGARP	0.036195
MGAT1	0.063605
MGAT2	0.072894
MGAT3	0.057806
MGAT4A	0.038001
MGAT4B	0.046909
MGAT4C	0.041463
MGAT5	0.035765
MGAT5B	0.047263
MGLL	0.044085
MGME1	0.048631
MGMT	0.035190
MGP	0.043192
MGRN1	0.052831
MGST1	0.691837
MGST2	0.028501
MGST3	0.025463
MIA	0.031529
MIA2	0.053490
MIA3	0.042043
MIB1	0.037296
MIB2	0.030298
MICA	0.073054
MICAL1	0.030261
MICAL2	0.024850
MICALL1	0.044846
MICALL2	0.074462
MICB	0.063408
MICOS10	0.029309
MICOS13	0.065704
MICU1	0.028502
MICU2	0.027389
MICU3	0.030476
MID1	0.030798
MID1IP1	0.041871
MID2	0.036265
MIDEAS	0.048192
MIDN	0.085867
MIEF1	0.025777
MIEF2	0.027737
MIEN1	0.025917
MIER1	0.027593
MIER2	0.024873
MIER3	0.028134
MIF4GD	0.058115
MIGA1	0.026888
MIGA2	0.026638
MIIP	0.030573
MILR1	0.051758
MINAR1	0.025550
MINDY1	0.027563
MINDY2	0.030886
MINDY3	0.026147
MINDY4	0.053849
MINK1	0.041464
MINPP1	0.025958
MIOS	0.076301
MIOX	0.035869
MIP	0.031898
MIPEP	0.040938
MIPOL1	0.030275
MIS12	0.116273
MIS18A	0.051843
MIS18BP1	0.040822
MISP	0.026045
MITD1	0.025278
MITF	0.189806
MIX23	0.044335
MIXL1	0.041502
MKI67	0.047796
MKKS	0.048345
MKLN1	0.082882
MKNK1	0.034347
MKNK2	0.033297
MKRN1	0.084124
MKRN2	0.093312
MKRN3	0.025937
MKS1	0.098012
MKX	0.028173
MLANA	0.027439
MLC1	0.032134
MLEC	0.051798
MLF1	0.076637
MLF2	0.036397
MLH1	0.109954
MLH3	0.058460
MLIP	0.054899
MLKL	0.087114
MLLT1	0.059946
MLLT10	0.068212
MLLT11	0.031479
MLLT3	0.044863
MLLT6	0.059798
MLN	0.076637
MLNR	0.083073
MLPH	0.048359
MLST8	0.072895
MLX	0.081742
MLXIP	0.061971
MLXIPL	0.048989
MLYCD	0.030701
MMAA	0.029006
MMAB	0.025941
MMACHC	0.033222
MMADHC	0.037846
MMD	0.025747
MMD2	0.027210
MME	0.040495
MMEL1	0.045426
MMGT1	0.039476
MMP1	0.035312
MMP10	0.042233
MMP11	0.040236
MMP12	0.880616
MMP13	0.042698
MMP14	0.040398
MMP15	0.038839
MMP16	0.041843
MMP17	0.068885
MMP19	0.053688
MMP2	0.092590
MMP20	0.035883
MMP21	0.033541
MMP23B	0.033876
MMP24	0.042395
MMP25	0.044647
MMP26	0.072648
MMP27	0.033352
MMP28	0.035816
MMP3	0.039681
MMP7	0.039325
MMP8	0.041193
MMP9	0.044053
MMRN1	0.051698
MMRN2	0.044107
MMS19	0.086520
MMS22L	0.096836
MMUT	0.030218
MN1	0.092725
MNAT1	0.025057
MND1	0.053705
MNDA	0.028521
MNS1	0.034418
MNT	0.056482
MNX1	0.037208
MOAP1	0.036225
MOB1A	0.033507
MOB1B	0.029283
MOB2	0.029779
MOB3A	0.026136
MOB3B	0.027130
MOB3C	0.029170
MOB4	0.032271
MOBP	0.024755
MOCOS	0.038537
MOCS1	0.071402
MOCS2	0.027758
MOCS3	0.030792
MOG	0.050947
MOGAT1	0.038262
MOGAT2	0.094514
MOGAT3	0.043491
MOGS	0.054040
MOK	0.050393
MON1A	0.033160
MON1B	0.657016
MON2	0.175286
MORC1	0.051158
MORC2	0.066552
MORC3	0.058940
MORC4	0.111265
MORF4L1	0.092266
MORF4L2	0.118410
MORN1	0.026154
MORN3	0.024868
MORN4	0.025336
MORN5	0.027673
MOS	0.028921
MOSPD1	0.025638
MOSPD2	0.026592
MOV10	0.031423
MOV10L1	0.028876
MOXD1	0.027483
MPC1	0.026904
MPC2	0.029820
MPDU1	0.040704
MPDZ	0.054784
MPEG1	0.043649
MPHOSPH10	0.192856
MPHOSPH6	0.108085
MPHOSPH8	0.089485
MPHOSPH9	0.026867
MPI	0.068373
MPIG6B	0.055277
MPL	0.055986
MPLKIP	0.025138
MPND	0.043218
MPO	0.076027
MPP1	0.064042
MPP2	0.097564
MPP3	0.037454
MPP4	0.037338
MPP7	0.029454
MPPE1	0.027881
MPPED1	0.024604
MPPED2	0.024415
MPRIP	0.026143
MPST	0.046456
MPV17	0.030900
MPV17L	0.045072
MPV17L2	0.025145
MPZ	0.048415
MPZL1	0.069389
MPZL2	0.036139
MPZL3	0.045475
MR1	0.052895
MRAP	0.056212
MRAP2	0.030986
MRAS	0.032344
MRC1	0.058486
MRC2	0.055251
MRE11	0.108049
MREG	0.026786
MRFAP1	0.025369
MRFAP1L1	0.025719
MRGBP	0.048328
MRGPRD	0.034575
MRGPRE	0.040925
MRGPRF	0.059396
MRGPRG	0.040095
MRGPRX1	0.041171
MRGPRX2	0.040349
MRGPRX3	0.043365
MRGPRX4	0.040654
MRI1	0.027561
MRM1	0.025389
MRM2	0.038950
MRM3	0.025901
MRNIP	0.036688
MRO	0.032810
MROH2B	0.090248
MROH5	0.027403
MROH7	0.029531
MROH8	0.095042
MROH9	0.044143
MRPL1	0.040458
MRPL10	0.066921
MRPL11	0.105638
MRPL12	0.099946
MRPL13	0.116253
MRPL14	0.044759
MRPL15	0.125110
MRPL16	0.036424
MRPL17	0.024636
MRPL18	0.037371
MRPL19	0.117758
MRPL2	0.037306
MRPL20	0.108491
MRPL21	0.120288
MRPL22	0.108556
MRPL23	0.032325
MRPL24	0.040893
MRPL27	0.194823
MRPL28	0.116472
MRPL3	0.120649
MRPL30	0.024261
MRPL32	0.043592
MRPL33	0.069113
MRPL34	0.028732
MRPL35	0.116859
MRPL36	0.123821
MRPL37	0.026948
MRPL38	0.981024
MRPL39	0.026253
MRPL4	0.137558
MRPL40	0.023554
MRPL41	0.028510
MRPL42	0.025547
MRPL43	0.036050
MRPL44	0.023826
MRPL45	0.027057
MRPL46	0.120102
MRPL47	0.029717
MRPL48	0.052809
MRPL49	0.024476
MRPL50	0.025206
MRPL51	0.111161
MRPL52	0.025780
MRPL53	0.026504
MRPL54	0.125113
MRPL55	0.045366
MRPL57	0.037327
MRPL58	0.043488
MRPL9	0.025040
MRPS10	0.107068
MRPS11	0.054878
MRPS12	0.044991
MRPS14	0.113353
MRPS15	0.034276
MRPS16	0.047551
MRPS17	0.029131
MRPS18A	0.049621
MRPS18B	0.040495
MRPS18C	0.038180
MRPS2	0.137382
MRPS21	0.025445
MRPS22	0.112373
MRPS23	0.032225
MRPS24	0.105163
MRPS25	0.087981
MRPS26	0.026911
MRPS27	0.106474
MRPS28	0.112721
MRPS30	0.105544
MRPS31	0.031703
MRPS33	0.027172
MRPS34	0.701486
MRPS35	0.115444
MRPS5	0.122817
MRPS6	0.023747
MRPS7	0.111194
MRPS9	0.038402
MRRF	0.024365
MRS2	0.027749
MRTFA	0.040020
MRTFB	0.042798
MRTO4	0.024937
MS4A1	0.028954
MS4A10	0.031767
MS4A13	0.033291
MS4A14	0.029851
MS4A15	0.029128
MS4A2	0.071745
MS4A3	0.064989
MS4A4A	0.033976
MS4A5	0.029196
MS4A6A	0.030432
MS4A6E	0.071205
MS4A7	0.034299
MS4A8	0.029453
MSANTD1	0.026760
MSANTD2	0.025025
MSANTD3	0.027205
MSANTD4	0.028392
MSC	0.053804
MSH2	0.126517
MSH3	0.109154
MSH4	0.033561
MSH5	0.067662
MSH6	0.073981
MSI1	0.028992
MSI2	0.050530
MSL2	0.101043
MSL3	0.092990
MSLN	0.039236
MSMB	0.044356
MSMO1	0.086032
MSMP	0.049918
MSN	0.056729
MSR1	0.029059
MSRA	0.043921
MSRB1	0.032745
MSRB2	0.038714
MSRB3	0.028445
MSS51	0.025929
MST1	0.042648
MST1R	0.050353
MSTN	0.036259
MSTO1	0.029664
MSX1	0.057947
MSX2	0.052813
MT1A	0.042250
MT1F	0.054485
MT1H	0.038427
MT1X	0.035640
MT3	0.031709
MT4	0.034318
MTA1	0.082751
MTA2	0.099532
MTA3	0.043429
MTAP	0.035824
MTARC1	0.028744
MTARC2	0.026114
MTBP	0.112654
MTCH1	0.042180
MTCH2	0.025799
MTCL1	0.032699
MTCL2	0.027364
MTCL3	0.033276
MTCP1	0.024815
MTDH	0.047339
MTERF1	0.027125
MTERF2	0.026599
MTERF3	0.025375
MTERF4	0.025478
MTF1	0.023939
MTF2	0.165427
MTFMT	0.109017
MTFP1	0.028594
MTFR1	0.028747
MTFR1L	0.031229
MTFR2	0.026105
MTG1	0.032050
MTG2	0.026391
MTHFD1	0.025550
MTHFD1L	0.025710
MTHFD2	0.028145
MTHFD2L	0.024931
MTHFR	0.034788
MTHFS	0.031924
MTHFSD	0.050750
MTIF2	0.116862
MTIF3	0.025259
MTM1	0.059947
MTMR1	0.030251
MTMR10	0.026447
MTMR11	0.025691
MTMR12	0.029610
MTMR14	0.026132
MTMR2	0.030428
MTMR3	0.030438
MTMR4	0.035087
MTMR6	0.026137
MTMR7	0.094335
MTMR8	0.025682
MTMR9	0.096415
MTNAP1	0.043524
MTNR1A	0.048750
MTNR1B	0.065727
MTO1	0.026461
MTOR	0.895084
MTPAP	0.025538
MTPN	0.030338
MTR	0.028476
MTRES1	0.023715
MTREX	0.131370
MTRF1	0.027906
MTRF1L	0.122577
MTRFR	0.029240
MTRR	0.103413
MTSS1	0.042370
MTSS2	0.040418
MTTP	0.051230
MTURN	0.026303
MTUS1	0.047645
MTUS2	0.026705
MTX1	0.037544
MTX2	0.080077
MTX3	0.034508
MUC1	0.061949
MUC13	0.073602
MUC15	0.045370
MUC16	0.031212
MUC17	0.049737
MUC2	0.051220
MUC20	0.034070
MUC21	0.027435
MUC4	0.038461
MUC7	0.043198
MUCL1	0.030462
MUCL3	0.033925
MUL1	0.026472
MUS81	0.113448
MUSK	0.053467
MUSTN1	0.026714
MUTYH	0.845122
MVB12A	0.032428
MVB12B	0.026043
MVD	0.033919
MVK	0.056530
MVP	0.057780
MX1	0.027884
MX2	0.052978
MXD1	0.077887
MXD3	0.039548
MXD4	0.101049
MXI1	0.041139
MXRA5	0.106794
MXRA7	0.029384
MXRA8	0.044912
MYADM	0.030931
MYB	0.100657
MYBBP1A	0.097653
MYBL1	0.074777
MYBL2	0.071027
MYBPC1	0.037199
MYBPC2	0.042140
MYBPC3	0.044169
MYBPH	0.026112
MYBPHL	0.026911
MYC	0.135534
MYCBP	0.032912
MYCBP2	0.042896
MYCBPAP	0.025487
MYCL	0.033204
MYCN	0.087583
MYCT1	0.025671
MYD88	0.069608
MYDGF	0.041696
MYEF2	0.088785
MYEOV	0.024278
MYF5	0.247069
MYF6	0.062198
MYG1	0.026955
MYH1	0.098172
MYH10	0.072943
MYH11	0.082215
MYH13	0.716057
MYH14	0.032470
MYH2	0.095624
MYH3	0.920312
MYH4	0.432810
MYH6	0.102442
MYH7	0.141726
MYH7B	0.027810
MYH8	0.093988
MYH9	0.102924
MYL1	0.036782
MYL10	0.065805
MYL11	0.104299
MYL12A	0.080479
MYL12B	0.086049
MYL2	0.095236
MYL3	0.027662
MYL4	0.036617
MYL5	0.101536
MYL6	0.067353
MYL6B	0.053962
MYL7	0.182005
MYL9	0.048972
MYLIP	0.032215
MYLK	0.045589
MYLK2	0.024876
MYLK3	0.034648
MYLK4	0.025711
MYMK	0.025045
MYNN	0.024311
MYO10	0.035511
MYO15A	0.038744
MYO16	0.034758
MYO18A	0.035730
MYO18B	0.098267
MYO19	0.029541
MYO1A	0.038135
MYO1B	0.045474
MYO1C	0.078240
MYO1D	0.037330
MYO1E	0.065303
MYO1F	0.052068
MYO1G	0.026223
MYO3A	0.028493
MYO3B	0.029312
MYO5A	0.092165
MYO5B	0.070986
MYO5C	0.082967
MYO6	0.139419
MYO7A	0.082414
MYO7B	0.041272
MYO9A	0.035781
MYO9B	0.029375
MYOC	0.064075
MYOCD	0.051474
MYOD1	0.079765
MYOF	0.085365
MYOG	0.938781
MYOM1	0.031342
MYOM2	0.024878
MYOM3	0.028577
MYORG	0.028963
MYOT	0.028955
MYOZ1	0.035418
MYOZ2	0.031500
MYOZ3	0.045754
MYPN	0.042932
MYPOP	0.028542
MYRF	0.045919
MYRFL	0.037430
MYRIP	0.028563
MYT1	0.101380
MYT1L	0.087717
MZB1	0.107386
MZF1	0.032593
MZT1	0.036973
MZT2A	0.041835
N4BP1	0.026934
N4BP2	0.030720
N4BP2L1	0.026088
N4BP2L2	0.030055
N4BP3	0.026990
NAA10	0.052760
NAA11	0.117724
NAA15	0.082761
NAA16	0.045560
NAA20	0.030982
NAA25	0.098295
NAA30	0.040881
NAA38	0.085995
NAA40	0.025801
NAA50	0.287272
NAA60	0.096301
NAA80	0.034394
NAAA	0.028241
NAALAD2	0.026867
NAALADL1	0.027554
NAALADL2	0.029997
NAB1	0.031321
NAB2	0.040648
NABP1	0.027370
NABP2	0.026142
NACA	0.979175
NACA2	0.039736
NACC1	0.051203
NACC2	0.031794
NADK	0.026954
NADK2	0.026676
NADSYN1	0.026192
NAE1	0.048431
NAF1	0.102949
NAGA	0.031800
NAGK	0.027434
NAGLU	0.032183
NAGPA	0.391012
NAGS	0.026667
NAIF1	0.026253
NAIP	0.062129
NALCN	0.073412
NALF1	0.049515
NALF2	0.075470
NAMPT	0.027450
NANOG	0.094862
NANOS1	0.024232
NANOS2	0.024334
NANP	0.028858
NANS	0.032807
NAP1L1	0.075350
NAP1L2	0.026324
NAP1L3	0.044607
NAP1L4	0.031477
NAP1L5	0.026649
NAPA	0.121095
NAPB	0.077213
NAPEPLD	0.037995
NAPG	0.107925
NAPRT	0.040085
NAPSA	0.037627
NARF	0.026175
NARS1	0.096267
NARS2	0.086016
NASP	0.078624
NAT1	0.031661
NAT10	0.120987
NAT14	0.032783
NAT16	0.026673
NAT2	0.044581
NAT8	0.029724
NAT8L	0.030874
NAT9	0.034065
NATD1	0.027073
NAV1	0.030761
NAV2	0.041569
NAV3	0.030906
NAXD	0.026752
NAXE	0.026732
NBEA	0.080058
NBL1	0.051804
NBN	0.095913
NBPF1	0.035716
NBPF10	0.037488
NBPF11	0.033917
NBPF14	0.033876
NBPF15	0.035064
NBPF3	0.029799
NBPF8	0.039937
NBR1	0.044884
NCALD	0.050886
NCAM1	0.052970
NCAM2	0.043112
NCAN	0.094538
NCAPD2	0.085930
NCAPD3	0.169611
NCAPG	0.109699
NCAPG2	0.102955
NCAPH	0.066148
NCAPH2	0.039929
NCBP1	0.102328
NCBP2	0.098843
NCBP3	0.114317
NCCRP1	0.028134
NCDN	0.027500
NCEH1	0.028790
NCF1	0.054337
NCF2	0.077943
NCF4	0.043091
NCK1	0.093518
NCK2	0.051911
NCKAP1	0.979936
NCKAP1L	0.094623
NCKAP5	0.027591
NCKAP5L	0.030202
NCKIPSD	0.088725
NCL	0.157124
NCLN	0.078636
NCMAP	0.028340
NCOA1	0.110052
NCOA2	0.094969
NCOA3	0.083149
NCOA4	0.070542
NCOA5	0.036730
NCOA6	0.059309
NCOA7	0.028139
NCOR1	0.103607
NCOR2	0.044978
NCR1	0.049616
NCR2	0.043761
NCR3	0.045980
NCS1	0.072180
NCSTN	0.033032
NDC1	0.054847
NDC80	0.940087
NDE1	0.031166
NDEL1	0.032596
NDFIP1	0.025369
NDFIP2	0.025853
NDN	0.041999
NDNF	0.032742
NDOR1	0.130649
NDP	0.079169
NDRG1	0.037434
NDRG2	0.030167
NDRG3	0.026871
NDRG4	0.028582
NDST1	0.053290
NDST2	0.047859
NDST3	0.041135
NDST4	0.045463
NDUFA1	0.035519
NDUFA10	0.035393
NDUFA11	0.044773
NDUFA12	0.033869
NDUFA13	0.032030
NDUFA2	0.033078
NDUFA5	0.031040
NDUFA6	0.031187
NDUFA7	0.031734
NDUFA8	0.039830
NDUFA9	0.088751
NDUFAB1	0.034139
NDUFAF1	0.114132
NDUFAF2	0.062837
NDUFAF3	0.057795
NDUFAF4	0.031096
NDUFAF5	0.074489
NDUFAF6	0.025793
NDUFAF7	0.093801
NDUFB1	0.050813
NDUFB10	0.035734
NDUFB11	0.034160
NDUFB2	0.033336
NDUFB3	0.028899
NDUFB4	0.098305
NDUFB5	0.091613
NDUFB6	0.030784
NDUFB7	0.028977
NDUFB8	0.042285
NDUFB9	0.026290
NDUFC1	0.029760
NDUFC2	0.030118
NDUFS1	0.086658
NDUFS2	0.028819
NDUFS3	0.030187
NDUFS4	0.101638
NDUFS5	0.031218
NDUFS6	0.060420
NDUFS7	0.077393
NDUFS8	0.121118
NDUFV1	0.110063
NDUFV2	0.036384
NDUFV3	0.027604
NEB	0.093876
NEBL	0.086740
NECAB1	0.025410
NECAB2	0.026323
NECAB3	0.027643
NECAP1	0.090172
NECAP2	0.096560
NECTIN1	0.044602
NECTIN3	0.050842
NECTIN4	0.047165
NEDD1	0.067130
NEDD4	0.068638
NEDD4L	0.095719
NEDD8	0.111324
NEDD9	0.037045
NEFH	0.035089
NEFL	0.073103
NEFM	0.050581
NEGR1	0.071881
NEIL1	0.067065
NEIL2	0.025264
NEIL3	0.027996
NEK1	0.038439
NEK10	0.105406
NEK11	0.044019
NEK2	0.056590
NEK3	0.034256
NEK4	0.060455
NEK5	0.026327
NEK6	0.102848
NEK7	0.073170
NEK8	0.037227
NEK9	0.047476
NELFA	0.099008
NELFB	0.030727
NELFCD	0.040874
NELFE	0.105200
NELL1	0.046663
NELL2	0.045100
NEMF	0.031848
NEMP1	0.043328
NENF	0.038657
NEO1	0.046635
NES	0.031824
NET1	0.029264
NETO1	0.043380
NETO2	0.046512
NEU1	0.050154
NEU2	0.034604
NEU3	0.028778
NEU4	0.028471
NEURL1	0.029337
NEURL2	0.032910
NEURL4	0.065993
NEUROD1	0.049664
NEUROD2	0.050901
NEUROD4	0.048998
NEUROD6	0.043787
NEUROG1	0.095742
NEUROG2	0.081035
NEUROG3	0.066335
NEXMIF	0.027713
NEXN	0.025639
NF1	0.088394
NF2	0.034119
NFAM1	0.051447
NFASC	0.056994
NFAT5	0.849526
NFATC1	0.044931
NFATC2	0.052245
NFATC2IP	0.160059
NFATC3	0.061453
NFATC4	0.030972
NFE2	0.058778
NFE2L1	0.148476
NFE2L2	0.792863
NFE2L3	0.078317
NFIA	0.042157
NFIB	0.047665
NFIC	0.373294
NFIL3	0.051660
NFIX	0.058112
NFKB1	0.072412
NFKB2	0.097240
NFKBIA	0.107085
NFKBIB	0.044673
NFKBID	0.027180
NFKBIE	0.099753
NFKBIL1	0.031130
NFKBIZ	0.044247
NFRKB	0.125223
NFS1	0.260993
NFU1	0.028352
NFX1	0.048411
NFXL1	0.038704
NFYA	0.041582
NFYB	0.096041
NFYC	0.082688
NGB	0.035102
NGDN	0.045844
NGEF	0.035181
NGF	0.041140
NGFR	0.119719
NGLY1	0.040914
NGRN	0.026109
NHEJ1	0.111298
NHERF1	0.058163
NHERF2	0.109434
NHERF4	0.132066
NHLH1	0.050435
NHLH2	0.059201
NHLRC1	0.030285
NHLRC3	0.049764
NHLRC4	0.025555
NHP2	0.118433
NHS	0.029727
NHSL2	0.029473
NHSL3	0.028326
NIBAN1	0.026072
NIBAN2	0.026127
NIBAN3	0.025663
NICN1	0.100792
NID1	0.044399
NID2	0.067349
NIF3L1	0.027403
NIFK	0.132256
NIM1K	0.030809
NIN	0.031378
NINJ1	0.028607
NINJ2	0.054340
NINL	0.027075
NIP7	0.107768
NIPA1	0.025828
NIPA2	0.028258
NIPAL1	0.025123
NIPAL2	0.025705
NIPAL3	0.026759
NIPBL	0.103871
NIPSNAP1	0.029284
NIPSNAP2	0.030625
NIPSNAP3A	0.031185
NIPSNAP3B	0.027980
NISCH	0.033831
NIT1	0.700177
NIT2	0.025718
NKAIN1	0.035921
NKAIN2	0.043257
NKAIN3	0.054804
NKAIN4	0.042339
NKAP	0.021356
NKAPD1	0.025663
NKAPL	0.035036
NKD1	0.029100
NKD2	0.026916
NKG7	0.038284
NKIRAS1	0.031313
NKIRAS2	0.030387
NKPD1	0.043844
NKRF	0.028686
NKTR	0.040355
NKX2-1	0.076112
NKX2-2	0.037624
NKX2-3	0.049719
NKX2-5	0.049699
NKX2-8	0.038539
NKX3-1	0.041465
NKX3-2	0.040905
NKX6-1	0.029547
NLE1	0.127394
NLGN1	0.051372
NLGN2	0.037760
NLGN3	0.052554
NLGN4X	0.745190
NLGN4Y	0.051584
NLK	0.098260
NLN	0.034270
NLRC3	0.036331
NLRC4	0.032585
NLRC5	0.054217
NLRP1	0.035538
NLRP10	0.056658
NLRP11	0.026043
NLRP12	0.028388
NLRP13	0.035895
NLRP14	0.041150
NLRP2	0.032899
NLRP3	0.040146
NLRP4	0.033620
NLRP5	0.031495
NLRP6	0.040995
NLRP7	0.031220
NLRP8	0.032533
NLRP9	0.041152
NLRX1	0.066901
NMB	0.573600
NMBR	0.083277
NMD3	0.113381
NME1	0.072895
NME1-NME2	0.050228
NME2	0.042472
NME3	0.122131
NME4	0.095789
NME5	0.045296
NME6	0.033614
NME7	0.059241
NME8	0.097682
NME9	0.111163
NMI	0.030944
NMNAT1	0.043459
NMNAT2	0.042108
NMNAT3	0.033335
NMRAL1	0.035039
NMRK1	0.033753
NMRK2	0.027225
NMS	0.082603
NMT1	0.034302
NMT2	0.090890
NMU	0.065153
NMUR1	0.100274
NMUR2	0.086466
NNAT	0.025735
NNMT	0.025254
NNT	0.026527
NOA1	0.032062
NOB1	0.033021
NOBOX	0.030828
NOC2L	0.034980
NOC3L	0.025632
NOC4L	0.111866
NOCT	0.038519
NOD1	0.037609
NOD2	0.064705
NODAL	0.052877
NOG	0.045005
NOL10	0.686756
NOL11	0.109917
NOL12	0.029355
NOL3	0.035375
NOL4	0.053714
NOL4L	0.036328
NOL6	0.109122
NOL8	0.037498
NOL9	0.046514
NOLC1	0.088125
NOM1	0.128208
NOMO1	0.053367
NOMO2	0.051231
NOMO3	0.052696
NONO	0.103517
NOP10	0.027015
NOP14	0.033079
NOP16	0.056419
NOP2	0.036806
NOP53	0.982365
NOP56	0.151157
NOP58	0.177533
NOP9	0.023700
NOPCHAP1	0.043056
NOS1	0.040814
NOS1AP	0.032333
NOS2	0.029039
NOS3	0.032736
NOSIP	0.045538
NOSTRIN	0.034874
NOTCH1	0.042154
NOTCH2	0.038714
NOTCH2NLA	0.038577
NOTCH3	0.040053
NOTCH4	0.036020
NOTUM	0.029430
NOVA1	0.104235
NOVA2	0.042038
NOX1	0.036126
NOX3	0.032708
NOX4	0.051518
NOX5	0.069848
NOXA1	0.030539
NOXO1	0.042940
NOXRED1	0.024448
NPAP1	0.026257
NPAS1	0.032631
NPAS2	0.089056
NPAS3	0.094669
NPAS4	0.111512
NPAT	0.202103
NPBWR1	0.075003
NPBWR2	0.097712
NPC1	0.040901
NPC1L1	0.081809
NPC2	0.028148
NPDC1	0.044675
NPEPL1	0.030958
NPEPPS	0.031471
NPFF	0.080384
NPFFR1	0.116650
NPFFR2	0.087554
NPHP1	0.078947
NPHP3	0.087445
NPHP4	0.027333
NPHS1	0.047735
NPHS2	0.046293
NPIPA1	0.041464
NPIPB15	0.028220
NPIPB5	0.032459
NPIPB7	0.027382
NPL	0.036274
NPLOC4	0.294257
NPM1	0.098088
NPM2	0.028157
NPM3	0.030954
NPNT	0.042763
NPPA	0.076880
NPPB	0.057932
NPPC	0.088454
NPR1	0.050281
NPR2	0.062617
NPR3	0.061004
NPRL2	0.091121
NPRL3	0.053283
NPS	0.034155
NPSR1	0.088587
NPTN	0.039764
NPTX1	0.042038
NPTX2	0.039658
NPTXR	0.080759
NPVF	0.058886
NPY	0.059504
NPY1R	0.089051
NPY2R	0.091962
NPY4R	0.100541
NPY5R	0.104722
NQO1	0.029702
NQO2	0.041996
NR0B1	0.061502
NR0B2	0.062048
NR1D1	0.030986
NR1D2	0.030731
NR1H2	0.042630
NR1H3	0.028478
NR1H4	0.125928
NR1I2	0.053856
NR1I3	0.060953
NR2C1	0.057761
NR2C2	0.067458
NR2C2AP	0.047450
NR2E1	0.053614
NR2E3	0.047121
NR2F1	0.039085
NR2F2	0.036108
NR2F6	0.043327
NR3C1	0.077868
NR3C2	0.076441
NR4A1	0.035291
NR4A2	0.033263
NR4A3	0.036198
NR5A1	0.042507
NR5A2	0.037344
NR6A1	0.056913
NRAP	0.027345
NRARP	0.023303
NRAS	0.039209
NRBF2	0.096851
NRBP1	0.042291
NRBP2	0.065444
NRCAM	0.050666
NRDC	0.027026
NRDE2	0.106672
NREP	0.026613
NRF1	0.044113
NRG1	0.060233
NRG2	0.060580
NRG3	0.049557
NRG4	0.026798
NRGN	0.026232
NRIP1	0.082783
NRIP2	0.027584
NRIP3	0.024726
NRK	0.066126
NRL	0.048974
NRM	0.028288
NRN1	0.068948
NRN1L	0.948299
NRP1	0.057398
NRP2	0.044954
NRROS	0.049015
NRSN1	0.031651
NRSN2	0.029182
NRXN1	0.052512
NRXN2	0.052926
NRXN3	0.048209
NSA2	0.967169
NSD1	0.103970
NSD2	0.061276
NSD3	0.076506
NSDHL	0.049135
NSF	0.082604
NSFL1C	0.045503
NSG1	0.038895
NSG2	0.028499
NSL1	0.056479
NSMAF	0.031360
NSMCE1	0.102618
NSMCE2	0.110811
NSMCE3	0.064721
NSMCE4A	0.131229
NSMF	0.025680
NSRP1	0.033419
NSUN2	0.034794
NSUN3	0.026763
NSUN4	0.026253
NSUN5	0.024710
NSUN6	0.037984
NSUN7	0.024998
NT5C	0.033017
NT5C1A	0.026079
NT5C1B	0.040787
NT5C2	0.029045
NT5C3A	0.026853
NT5C3B	0.026366
NT5DC1	0.029783
NT5DC2	0.034122
NT5DC3	0.026109
NT5E	0.105986
NT5M	0.028798
NTAN1	0.026696
NTAQ1	0.028783
NTF3	0.041993
NTF4	0.042330
NTHL1	0.027339
NTM	0.093686
NTMT1	0.028745
NTN1	0.046170
NTN3	0.088362
NTN4	0.044467
NTN5	0.051799
NTNG1	0.047769
NTNG2	0.051306
NTPCR	0.025354
NTRK1	0.076219
NTRK2	0.091849
NTRK3	0.049294
NTS	0.101373
NTSR1	0.097350
NTSR2	0.135053
NUAK1	0.044789
NUAK2	0.029602
NUB1	0.065407
NUBP1	0.107657
NUBP2	0.029404
NUBPL	0.055265
NUCB1	0.044386
NUCB2	0.043266
NUCKS1	0.035025
NUDC	0.042723
NUDCD1	0.078528
NUDCD2	0.054462
NUDCD3	0.053723
NUDT1	0.032390
NUDT10	0.027409
NUDT11	0.028412
NUDT12	0.027892
NUDT13	0.042815
NUDT14	0.038350
NUDT15	0.046734
NUDT16	0.030881
NUDT16L1	0.030194
NUDT17	0.026379
NUDT18	0.025606
NUDT2	0.027518
NUDT21	0.028984
NUDT22	0.063903
NUDT3	0.026003
NUDT4	0.026248
NUDT5	0.026378
NUDT6	0.025768
NUDT8	0.038860
NUDT9	0.028767
NUF2	0.968498
NUFIP1	0.030045
NUFIP2	0.080918
NUMA1	0.062897
NUMB	0.067869
NUMBL	0.090004
NUP107	0.156834
NUP133	0.092087
NUP153	0.148438
NUP155	0.110040
NUP160	0.127154
NUP188	0.086309
NUP205	0.941375
NUP210	0.027454
NUP210L	0.026549
NUP214	0.140886
NUP35	0.094674
NUP37	0.081709
NUP42	0.090936
NUP43	0.082020
NUP50	0.126907
NUP54	0.090848
NUP58	0.084841
NUP62	0.127198
NUP62CL	0.039070
NUP85	0.087422
NUP88	0.131431
NUP93	0.967217
NUP98	0.121060
NUPR1	0.028809
NUS1	0.028119
NUSAP1	0.283721
NUTF2	0.968495
NUTM1	0.033315
NUTM2G	0.023932
NVL	0.072779
NWD1	0.027616
NXF1	0.973326
NXF3	0.095401
NXN	0.038630
NXNL1	0.028348
NXNL2	0.028759
NXPE1	0.025780
NXPE2	0.026343
NXPE3	0.031382
NXPE4	0.024887
NXPH1	0.037851
NXPH2	0.035330
NXPH3	0.045589
NXPH4	0.044337
NXT1	0.167999
NXT2	0.064593
NYAP1	0.028071
NYNRIN	0.029222
NYX	0.053796
OAF	0.028136
OARD1	0.091326
OAS1	0.038680
OAS2	0.037278
OAS3	0.036064
OASL	0.045034
OAT	0.039618
OAZ1	0.121269
OAZ2	0.090728
OAZ3	0.099376
OBI1	0.057708
OBP2A	0.041330
OBP2B	0.033884
OBSCN	0.028615
OBSL1	0.044203
OC90	0.059901
OCA2	0.033127
OCEL1	0.027709
OCIAD1	0.064654
OCIAD2	0.028519
OCLN	0.049662
OCM2	0.026383
OCRL	0.079323
ODAD1	0.028740
ODAD2	0.032140
ODAD3	0.030619
ODAD4	0.034191
ODAM	0.045304
ODAPH	0.041486
ODC1	0.176109
ODF1	0.029803
ODF2	0.025983
ODF2L	0.026828
ODF4	0.033350
ODR4	0.101038
OFD1	0.078147
OGA	0.059000
OGDH	0.126101
OGDHL	0.026961
OGFOD1	0.037028
OGFOD2	0.026900
OGFOD3	0.030051
OGFR	0.025318
OGFRL1	0.030194
OGG1	0.029440
OGN	0.039540
OGT	0.976978
OIP5	0.041458
OIT3	0.044160
OLA1	0.125569
OLAH	0.026938
OLFM1	0.043961
OLFM2	0.038458
OLFM3	0.043547
OLFM4	0.027591
OLFML1	0.037681
OLFML2A	0.049940
OLFML2B	0.074863
OLFML3	0.034005
OLIG1	0.051164
OLIG2	0.135411
OLIG3	0.047954
OLR1	0.056418
OMA1	0.026147
OMD	0.034483
OMG	0.043600
OMP	0.024873
ONECUT1	0.050531
ONECUT2	0.051918
ONECUT3	0.038284
OOEP	0.026573
OOSP2	0.028791
OPA1	0.051184
OPA3	0.025820
OPALIN	0.028451
OPCML	0.721097
OPHN1	0.096204
OPLAH	0.025051
OPN1LW	0.039881
OPN1MW	0.042828
OPN1MW2	0.040530
OPN1SW	0.052792
OPN3	0.096356
OPN4	0.082347
OPN5	0.098720
OPRD1	0.086962
OPRK1	0.074028
OPRL1	0.077012
OPRM1	0.081957
OPRPN	0.030604
OPTC	0.045480
OPTN	0.027677
OR10A2	0.038192
OR10A3	0.034960
OR10A4	0.038950
OR10A5	0.092195
OR10A6	0.041504
OR10A7	0.036207
OR10AD1	0.045362
OR10AG1	0.040150
OR10C1	0.032841
OR10G3	0.031966
OR10G4	0.043667
OR10G8	0.037489
OR10G9	0.062131
OR10H1	0.038578
OR10H2	0.033782
OR10H3	0.041444
OR10H4	0.034650
OR10H5	0.035772
OR10J1	0.039985
OR10J5	0.034852
OR10K1	0.031719
OR10K2	0.038299
OR10P1	0.046218
OR10Q1	0.043622
OR10R2	0.042816
OR10S1	0.037794
OR10T2	0.038424
OR10V1	0.033493
OR10W1	0.032744
OR10X1	0.039500
OR10Z1	0.037536
OR11A1	0.032143
OR11G2	0.036748
OR11H1	0.042327
OR11H12	0.048297
OR11H4	0.038235
OR11H6	0.041386
OR11L1	0.031493
OR12D2	0.035597
OR12D3	0.039552
OR13A1	0.041201
OR13C2	0.040443
OR13C3	0.038342
OR13C4	0.039054
OR13C5	0.038728
OR13C8	0.081627
OR13C9	0.033259
OR13D1	0.038476
OR13F1	0.055402
OR13G1	0.039428
OR13H1	0.035347
OR13J1	0.034101
OR14A16	0.036609
OR14C36	0.038281
OR14I1	0.039723
OR14J1	0.033886
OR14K1	0.041200
OR1A1	0.039072
OR1A2	0.035831
OR1B1	0.032798
OR1C1	0.041228
OR1D2	0.041577
OR1D4	0.045022
OR1D5	0.039667
OR1E1	0.034926
OR1E2	0.035939
OR1F1	0.042004
OR1G1	0.035997
OR1I1	0.042908
OR1J1	0.037571
OR1J2	0.033769
OR1J4	0.035469
OR1K1	0.043108
OR1L1	0.044183
OR1L3	0.041255
OR1L4	0.057960
OR1L6	0.042383
OR1L8	0.097774
OR1M1	0.035342
OR1N1	0.039885
OR1N2	0.061077
OR1Q1	0.036836
OR1S1	0.051591
OR1S2	0.047775
OR2A1	0.040382
OR2A12	0.040012
OR2A14	0.040666
OR2A2	0.034561
OR2A25	0.037333
OR2A4	0.035356
OR2A42	0.034997
OR2A5	0.036155
OR2A7	0.036834
OR2AE1	0.040446
OR2AG1	0.073563
OR2AG2	0.046594
OR2AK2	0.033011
OR2AT4	0.030938
OR2B11	0.039974
OR2B2	0.035259
OR2B3	0.036205
OR2B6	0.045835
OR2C1	0.034096
OR2C3	0.033327
OR2D2	0.037023
OR2D3	0.044783
OR2F1	0.038423
OR2F2	0.034189
OR2G2	0.036980
OR2G3	0.041494
OR2G6	0.037366
OR2H1	0.036107
OR2H2	0.042481
OR2J2	0.062072
OR2J3	0.035569
OR2K2	0.038890
OR2L13	0.036069
OR2L2	0.037179
OR2L3	0.037073
OR2L8	0.041838
OR2M2	0.036087
OR2M4	0.034862
OR2M7	0.033288
OR2S2	0.036112
OR2T1	0.035700
OR2T10	0.038975
OR2T11	0.030850
OR2T12	0.029838
OR2T2	0.034509
OR2T27	0.032794
OR2T29	0.036572
OR2T3	0.042603
OR2T33	0.031264
OR2T34	0.037502
OR2T35	0.034571
OR2T4	0.039213
OR2T5	0.034866
OR2T6	0.041999
OR2T8	0.031101
OR2V2	0.035265
OR2W1	0.055887
OR2W3	0.048739
OR2Y1	0.036690
OR2Z1	0.035443
OR3A1	0.037534
OR3A2	0.250902
OR3A3	0.046960
OR4A15	0.032368
OR4A16	0.033249
OR4A47	0.045658
OR4A5	0.038412
OR4B1	0.033720
OR4C11	0.037159
OR4C12	0.037825
OR4C15	0.038658
OR4C16	0.036225
OR4C3	0.039070
OR4C45	0.043835
OR4C46	0.038177
OR4C6	0.035660
OR4D1	0.039965
OR4D10	0.040745
OR4D11	0.032030
OR4D2	0.035166
OR4D5	0.034911
OR4D6	0.034609
OR4D9	0.036389
OR4E2	0.034124
OR4F15	0.036318
OR4F16	0.034441
OR4F17	0.034318
OR4F21	0.032574
OR4F29	0.040888
OR4F3	0.033829
OR4F5	0.033997
OR4F6	0.037814
OR4K1	0.035507
OR4K13	0.034860
OR4K14	0.036131
OR4K15	0.033141
OR4K17	0.042921
OR4K2	0.042209
OR4K5	0.040392
OR4L1	0.033210
OR4M1	0.037964
OR4N2	0.037356
OR4N4	0.032900
OR4N5	0.031772
OR4P4	0.034538
OR4Q3	0.046321
OR4S1	0.036641
OR4S2	0.031591
OR4X1	0.033837
OR4X2	0.070142
OR51A2	0.030928
OR51A4	0.028984
OR51A7	0.030528
OR51B2	0.029119
OR51B4	0.030666
OR51B5	0.038825
OR51B6	0.038123
OR51D1	0.038116
OR51E1	0.031623
OR51E2	0.034156
OR51F1	0.034169
OR51F2	0.033663
OR51G1	0.030130
OR51G2	0.029293
OR51I1	0.030930
OR51I2	0.043087
OR51L1	0.032216
OR51M1	0.035027
OR51Q1	0.031194
OR51S1	0.034345
OR51T1	0.032041
OR51V1	0.035755
OR52A1	0.038346
OR52A5	0.030465
OR52B2	0.041528
OR52B4	0.039710
OR52B6	0.032333
OR52D1	0.040497
OR52E2	0.036675
OR52E4	0.032913
OR52E6	0.029567
OR52H1	0.037908
OR52I2	0.030873
OR52J3	0.032338
OR52K1	0.032059
OR52K2	0.031350
OR52L1	0.032203
OR52M1	0.036264
OR52N1	0.034274
OR52N2	0.027854
OR52N4	0.031073
OR52N5	0.031021
OR52R1	0.029456
OR52W1	0.031226
OR56A1	0.028363
OR56A3	0.033041
OR56A4	0.037223
OR56B1	0.033822
OR56B4	0.031398
OR5A1	0.038459
OR5A2	0.039503
OR5AC2	0.045310
OR5AK2	0.038000
OR5AN1	0.062497
OR5AP2	0.040026
OR5AR1	0.049375
OR5AS1	0.040428
OR5AU1	0.033459
OR5B12	0.047635
OR5B17	0.036978
OR5B2	0.037005
OR5B21	0.036761
OR5B3	0.035938
OR5C1	0.040651
OR5D13	0.033224
OR5D14	0.039545
OR5D16	0.036272
OR5D18	0.032100
OR5F1	0.034747
OR5H1	0.036259
OR5H14	0.038463
OR5H15	0.039552
OR5H2	0.035384
OR5H6	0.041456
OR5I1	0.035054
OR5J2	0.054422
OR5K1	0.056291
OR5K2	0.042164
OR5K3	0.052730
OR5K4	0.049560
OR5L1	0.039989
OR5M1	0.039154
OR5M10	0.040610
OR5M11	0.035018
OR5M3	0.034607
OR5M8	0.039047
OR5M9	0.067283
OR5P2	0.044480
OR5P3	0.075031
OR5T1	0.038901
OR5T2	0.037883
OR5T3	0.030588
OR5V1	0.077004
OR5W2	0.036464
OR6A2	0.034515
OR6B1	0.035730
OR6B2	0.068171
OR6B3	0.118972
OR6C1	0.032583
OR6C2	0.056583
OR6C3	0.038396
OR6C4	0.038942
OR6C6	0.031460
OR6C65	0.034277
OR6C68	0.034133
OR6C70	0.036738
OR6C74	0.038506
OR6C75	0.043569
OR6C76	0.031713
OR6F1	0.031251
OR6K2	0.034500
OR6K3	0.039564
OR6K6	0.044218
OR6M1	0.047894
OR6N1	0.030699
OR6N2	0.028281
OR6Q1	0.035723
OR6S1	0.032906
OR6T1	0.033569
OR6V1	0.034231
OR6X1	0.038862
OR6Y1	0.037177
OR7A10	0.033546
OR7A17	0.035291
OR7A5	0.036664
OR7C1	0.040780
OR7C2	0.037926
OR7D2	0.041163
OR7D4	0.035948
OR7E24	0.036753
OR7G1	0.038127
OR7G2	0.037394
OR7G3	0.033334
OR8A1	0.042881
OR8B12	0.034542
OR8B2	0.033418
OR8B3	0.034310
OR8B4	0.036787
OR8B8	0.038125
OR8D1	0.035686
OR8D2	0.035037
OR8D4	0.034758
OR8G1	0.036478
OR8G5	0.055655
OR8H1	0.033913
OR8H2	0.031803
OR8J1	0.036068
OR8J3	0.038157
OR8K1	0.036163
OR8K3	0.034759
OR8K5	0.030326
OR8S1	0.043882
OR8U1	0.052978
OR8U3	0.042758
OR8U8	0.034124
OR8U9	0.044937
OR9A2	0.037977
OR9A4	0.032369
OR9G1	0.035756
OR9G4	0.034684
OR9G9	0.033141
OR9I1	0.055052
OR9K2	0.042320
OR9Q1	0.042535
OR9Q2	0.045132
ORAI1	0.090366
ORAI2	0.117735
ORAI3	0.083283
ORC1	0.112146
ORC2	0.061783
ORC3	0.085006
ORC4	0.102438
ORC5	0.049387
ORC6	0.106589
ORM1	0.026365
ORM2	0.027007
ORMDL2	0.063213
ORMDL3	0.087726
OS9	0.045829
OSBP	0.034231
OSBP2	0.038768
OSBPL10	0.026162
OSBPL11	0.027725
OSBPL1A	0.026750
OSBPL2	0.027084
OSBPL3	0.027340
OSBPL5	0.035781
OSBPL6	0.029069
OSBPL7	0.029106
OSBPL8	0.038838
OSBPL9	0.027640
OSCAR	0.067716
OSCP1	0.042014
OSER1	0.026368
OSGEP	0.099149
OSGEPL1	0.076482
OSGIN1	0.026739
OSGIN2	0.024935
OSM	0.042996
OSMR	0.048899
OSR1	0.025710
OSR2	0.030746
OST4	0.025945
OSTC	0.034082
OSTF1	0.026256
OSTM1	0.093494
OSTN	0.072114
OTC	0.025748
OTOA	0.038921
OTOF	0.077341
OTOG	0.053896
OTOGL	0.061056
OTOL1	0.068343
OTOP1	0.040394
OTOP2	0.074102
OTOR	0.027336
OTOS	0.031017
OTP	0.039579
OTUB1	0.067509
OTUB2	0.074163
OTUD3	0.024405
OTUD4	0.035379
OTUD5	0.149976
OTUD6A	0.027038
OTUD6B	0.024718
OTUD7A	0.035274
OTUD7B	0.040135
OTULIN	0.039374
OTULINL	0.034510
OTX1	0.056161
OTX2	0.063077
OVCA2	0.024939
OVCH1	0.086792
OVCH2	0.049288
OVGP1	0.051090
OVOL1	0.028067
OVOL2	0.029620
OXA1L	0.055559
OXCT1	0.025997
OXCT2	0.026141
OXER1	0.086457
OXGR1	0.084491
OXLD1	0.024591
OXNAD1	0.029512
OXR1	0.025972
OXSM	0.174262
OXSR1	0.070575
OXT	0.039956
OXTR	0.185634
P2RX1	0.046664
P2RX2	0.050856
P2RX3	0.040426
P2RX4	0.035912
P2RX5	0.046909
P2RX6	0.056213
P2RX7	0.039848
P2RY1	0.086114
P2RY10	0.037573
P2RY11	0.088931
P2RY12	0.032479
P2RY13	0.035784
P2RY14	0.037079
P2RY2	0.071705
P2RY4	0.070637
P2RY6	0.076403
P2RY8	0.038724
P3H1	0.031278
P3H2	0.030062
P3H3	0.030547
P3H4	0.036102
P4HA1	0.039814
P4HA2	0.041733
P4HA3	0.038714
P4HB	0.090437
P4HTM	0.029666
PA2G4	0.092664
PAAF1	0.025444
PABIR1	0.025115
PABIR2	0.036880
PABIR3	0.026670
PABPC1	0.737854
PABPC1L2A	0.026992
PABPC1L2B	0.104427
PABPC3	0.038111
PABPC4	0.074732
PABPC4L	0.035635
PABPC5	0.027754
PABPN1	0.048458
PABPN1L	0.026016
PACC1	0.028783
PACRG	0.025091
PACRGL	0.026277
PACS1	0.029254
PACS2	0.064561
PACSIN1	0.026995
PACSIN2	0.099193
PACSIN3	0.038350
PADI1	0.025763
PADI2	0.027642
PADI3	0.024398
PADI4	0.026563
PADI6	0.026121
PAEP	0.037832
PAF1	0.103033
PAFAH1B1	0.118344
PAFAH1B2	0.028744
PAFAH1B3	0.048125
PAFAH2	0.027099
PAG1	0.070294
PAGE1	0.026568
PAGE2	0.027424
PAGE2B	0.025385
PAGE3	0.026063
PAGE4	0.024433
PAGE5	0.027952
PAGR1	0.114069
PAH	0.029001
PAICS	0.088191
PAIP1	0.088816
PAIP2	0.064427
PAK1	0.091182
PAK1IP1	0.028096
PAK2	0.097171
PAK3	0.075063
PAK4	0.033711
PAK5	0.042661
PAK6	0.033460
PALB2	0.032958
PALD1	0.042174
PALLD	0.037254
PALM	0.027499
PALM2AKAP2	0.042307
PALMD	0.026758
PALS1	0.094651
PALS2	0.076853
PAM	0.085829
PAM16	0.137298
PAMR1	0.033694
PAN2	0.227789
PAN3	0.082902
PANK1	0.027441
PANK2	0.034155
PANK3	0.025912
PANK4	0.036568
PANX1	0.098572
PANX2	0.027489
PANX3	0.026780
PAOX	0.064080
PAPLN	0.061204
PAPOLA	0.100510
PAPOLB	0.039688
PAPOLG	0.026838
PAPPA	0.034536
PAPPA2	0.070904
PAPSS1	0.026662
PAPSS2	0.027607
PAQR3	0.035578
PAQR4	0.030918
PAQR5	0.028585
PAQR6	0.043046
PAQR7	0.029886
PAQR8	0.028232
PAQR9	0.025046
PARD3	0.047788
PARD3B	0.040040
PARD6A	0.107179
PARD6B	0.031138
PARD6G	0.033816
PARG	0.037156
PARK7	0.054050
PARL	0.032638
PARM1	0.045438
PARN	0.025336
PARP1	0.104746
PARP10	0.033079
PARP11	0.024329
PARP12	0.040347
PARP14	0.029934
PARP15	0.028067
PARP16	0.028102
PARP2	0.080605
PARP3	0.037483
PARP4	0.026090
PARP6	0.028181
PARP8	0.029555
PARP9	0.025364
PARPBP	0.031593
PARS2	0.028929
PARVA	0.138586
PARVB	0.052384
PARVG	0.033142
PASD1	0.026704
PASK	0.030761
PATE1	0.045771
PATE2	0.027540
PATE3	0.027604
PATJ	0.067156
PATL1	0.026165
PATZ1	0.049155
PAWR	0.044669
PAX1	0.052554
PAX2	0.094730
PAX3	0.067324
PAX4	0.030799
PAX5	0.100319
PAX6	0.043802
PAX7	0.082389
PAX8	0.192612
PAX9	0.067560
PAXBP1	0.116531
PAXIP1	0.078599
PAXX	0.049024
PBDC1	0.025709
PBK	0.049518
PBLD	0.031413
PBOV1	0.024528
PBRM1	0.101106
PBX1	0.085802
PBX2	0.056417
PBX3	0.211007
PBX4	0.035250
PBXIP1	0.079184
PC	0.118005
PCARE	0.027132
PCBD1	0.076279
PCBD2	0.029897
PCBP1	0.036546
PCBP2	0.043056
PCBP3	0.037941
PCBP4	0.030742
PCCA	0.075068
PCCB	0.082127
PCDH1	0.051079
PCDH10	0.045135
PCDH11X	0.045071
PCDH11Y	0.042474
PCDH12	0.040433
PCDH15	0.042001
PCDH17	0.046570
PCDH18	0.044426
PCDH19	0.027943
PCDH20	0.033501
PCDH7	0.053697
PCDH8	0.046515
PCDH9	0.053360
PCDHA1	0.058723
PCDHA10	0.109795
PCDHA11	0.090996
PCDHA12	0.060985
PCDHA13	0.069632
PCDHA2	0.062835
PCDHA3	0.052748
PCDHA4	0.074009
PCDHA5	0.059437
PCDHA6	0.050942
PCDHA7	0.145321
PCDHA8	0.059248
PCDHA9	0.098743
PCDHAC1	0.058441
PCDHAC2	0.029395
PCDHB1	0.035378
PCDHB10	0.055255
PCDHB11	0.046336
PCDHB12	0.052371
PCDHB13	0.049378
PCDHB14	0.047391
PCDHB15	0.042186
PCDHB16	0.045402
PCDHB2	0.045884
PCDHB3	0.065301
PCDHB4	0.041249
PCDHB5	0.042168
PCDHB6	0.047433
PCDHB7	0.044771
PCDHB8	0.050060
PCDHB9	0.037958
PCDHGA1	0.057605
PCDHGA10	0.043922
PCDHGA11	0.039329
PCDHGA12	0.041647
PCDHGA2	0.044625
PCDHGA3	0.053131
PCDHGA4	0.045453
PCDHGA5	0.078378
PCDHGA6	0.049133
PCDHGA7	0.064382
PCDHGA8	0.035337
PCDHGA9	0.042369
PCDHGB1	0.043145
PCDHGB2	0.046753
PCDHGB3	0.035568
PCDHGB4	0.039163
PCDHGB5	0.162167
PCDHGB6	0.043457
PCDHGB7	0.043063
PCDHGC4	0.047462
PCDHGC5	0.053803
PCED1A	0.027828
PCED1B	0.025206
PCF11	0.973343
PCGF1	0.078527
PCGF2	0.112725
PCGF3	0.082731
PCGF5	0.113004
PCGF6	0.089732
PCID2	0.067971
PCIF1	0.023624
PCK1	0.029075
PCK2	0.094936
PCLAF	0.024611
PCM1	0.032929
PCMT1	0.026657
PCMTD1	0.034525
PCMTD2	0.024886
PCNA	0.138392
PCNP	0.045362
PCNT	0.026882
PCNX1	0.027470
PCNX2	0.025886
PCNX4	0.027757
PCOLCE	0.046160
PCOLCE2	0.055493
PCP2	0.026261
PCP4	0.038542
PCSK1	0.035803
PCSK1N	0.067161
PCSK2	0.038064
PCSK4	0.042021
PCSK5	0.057199
PCSK6	0.055055
PCSK7	0.031910
PCSK9	0.042729
PCTP	0.084221
PCYOX1	0.035748
PCYOX1L	0.030106
PCYT1A	0.027286
PCYT1B	0.028410
PCYT2	0.037129
PDAP1	0.027495
PDC	0.029334
PDCD1	0.049696
PDCD10	0.094535
PDCD11	0.182833
PDCD1LG2	0.063400
PDCD2	0.024838
PDCD2L	0.027970
PDCD4	0.042164
PDCD5	0.724841
PDCD6	0.076739
PDCD6IP	0.244924
PDCD7	0.025386
PDCL	0.030425
PDCL2	0.100927
PDCL3	0.089516
PDE10A	0.041955
PDE11A	0.029403
PDE12	0.101607
PDE1A	0.074381
PDE1B	0.037515
PDE1C	0.043873
PDE2A	0.035196
PDE3A	0.033226
PDE3B	0.042563
PDE4A	0.028712
PDE4B	0.028183
PDE4C	0.034274
PDE4D	0.097115
PDE5A	0.032219
PDE6A	0.044234
PDE6B	0.043353
PDE6C	0.039364
PDE6D	0.102999
PDE6G	0.029538
PDE6H	0.030638
PDE7A	0.027140
PDE7B	0.029828
PDE8A	0.051781
PDE8B	0.048098
PDE9A	0.066151
PDF	0.032820
PDGFA	0.056136
PDGFB	0.051899
PDGFC	0.060328
PDGFD	0.048633
PDGFRA	0.050739
PDGFRB	0.094897
PDGFRL	0.053501
PDHA1	0.063315
PDHA2	0.028741
PDHB	0.087160
PDHX	0.058336
PDIA2	0.042350
PDIA3	0.099708
PDIA4	0.044875
PDIA5	0.043089
PDIA6	0.081058
PDIK1L	0.031632
PDILT	0.029743
PDK1	0.072814
PDK2	0.028598
PDK3	0.031609
PDK4	0.029844
PDLIM1	0.026253
PDLIM2	0.042371
PDLIM3	0.028791
PDLIM4	0.030941
PDLIM5	0.094838
PDLIM7	0.087271
PDP1	0.032069
PDP2	0.031588
PDPK1	0.074072
PDPN	0.053254
PDPR	0.807854
PDRG1	0.051663
PDS5A	0.092148
PDS5B	0.090137
PDSS1	0.025682
PDSS2	0.028920
PDX1	0.042837
PDXDC1	0.027234
PDXK	0.026706
PDXP	0.036616
PDYN	0.083842
PDZD11	0.066514
PDZD2	0.033953
PDZD4	0.028091
PDZD7	0.058751
PDZD8	0.045790
PDZD9	0.026500
PDZK1	0.052280
PDZK1IP1	0.047038
PDZRN3	0.042256
PDZRN4	0.046730
PEA15	0.043670
PEAK1	0.039204
PEAK3	0.030744
PEAR1	0.042196
PEBP1	0.046147
PEBP4	0.035246
PECAM1	0.056027
PECR	0.026464
PEDS1	0.033329
PEF1	0.033790
PEG10	0.029060
PEG3	0.026585
PELI1	0.046655
PELI2	0.048417
PELI3	0.056117
PELO	0.038590
PELP1	0.112698
PEMT	0.099961
PENK	0.067277
PEPD	0.097819
PER1	0.109179
PER2	0.091127
PER3	0.097060
PERP	0.028382
PES1	0.173109
PEX1	0.052095
PEX10	0.905686
PEX11A	0.042070
PEX11B	0.039731
PEX11G	0.035570
PEX12	0.085050
PEX13	0.139623
PEX14	0.036500
PEX16	0.091054
PEX19	0.031681
PEX2	0.087545
PEX26	0.079312
PEX3	0.026734
PEX39	0.033522
PEX5	0.078926
PEX5L	0.051614
PEX6	0.071434
PEX7	0.028541
PF4	0.060430
PF4V1	0.238222
PFAS	0.026178
PFDN1	0.098828
PFDN2	0.047442
PFDN4	0.044129
PFDN5	0.129585
PFDN6	0.047660
PFKFB1	0.026666
PFKFB2	0.032717
PFKFB3	0.025208
PFKFB4	0.026164
PFKL	0.034782
PFKM	0.043940
PFKP	0.036688
PFN1	0.031178
PFN2	0.063660
PFN3	0.027117
PFN4	0.029430
PGA3	0.050678
PGA4	0.049768
PGA5	0.049061
PGAM1	0.025943
PGAM2	0.027642
PGAM4	0.028077
PGAM5	0.032086
PGAP1	0.057812
PGAP2	0.027011
PGAP3	0.029038
PGAP4	0.073561
PGAP6	0.026963
PGBD1	0.036533
PGBD2	0.028761
PGBD3	0.027161
PGBD4	0.028444
PGBD5	0.024964
PGC	0.048336
PGCKA1	0.031332
PGD	0.092738
PGF	0.051601
PGGHG	0.026910
PGGT1B	0.024754
PGK1	0.032432
PGK2	0.025794
PGLS	0.088509
PGLYRP1	0.066936
PGLYRP2	0.032357
PGLYRP3	0.028349
PGLYRP4	0.027300
PGM1	0.063359
PGM2	0.032632
PGM2L1	0.027412
PGM3	0.068297
PGM5	0.028051
PGP	0.034167
PGPEP1	0.040026
PGR	0.064966
PGRMC1	0.049402
PGRMC2	0.042133
PGS1	0.087517
PHACTR1	0.027379
PHACTR3	0.027072
PHACTR4	0.027418
PHAF1	0.126150
PHAX	0.024585
PHB1	0.085157
PHB2	0.485961
PHC1	0.066071
PHC2	0.083260
PHC3	0.068948
PHETA1	0.030353
PHETA2	0.027363
PHEX	0.045173
PHF1	0.330803
PHF10	0.041064
PHF11	0.046382
PHF12	0.042294
PHF13	0.071337
PHF14	0.095688
PHF19	0.121925
PHF2	0.089762
PHF20	0.079726
PHF20L1	0.091943
PHF21A	0.128093
PHF21B	0.040183
PHF23	0.079184
PHF3	0.078485
PHF5A	0.044252
PHF6	0.025791
PHF7	0.024242
PHF8	0.069320
PHGDH	0.036684
PHIP	0.112061
PHKA1	0.049710
PHKA2	0.033543
PHKB	0.031259
PHKG1	0.283123
PHKG2	0.064319
PHLDA1	0.030406
PHLDA2	0.025385
PHLDA3	0.028444
PHLDB1	0.046264
PHLDB2	0.027883
PHLPP1	0.029287
PHLPP2	0.036172
PHOSPHO1	0.027274
PHOSPHO2	0.367933
PHOX2A	0.032090
PHOX2B	0.032820
PHPT1	0.030621
PHRF1	0.048163
PHTF1	0.027300
PHTF2	0.028972
PHYH	0.028197
PHYHD1	0.028181
PHYHIP	0.027454
PHYHIPL	0.026317
PHYKPL	0.027655
PI16	0.052461
PI3	0.051367
PI4K2A	0.026892
PI4K2B	0.026105
PI4KA	0.092409
PI4KB	0.040183
PIANP	0.032431
PIAS1	0.086080
PIAS2	0.101416
PIAS3	0.041406
PIAS4	0.055300
PIBF1	0.095014
PICALM	0.100456
PICK1	0.050321
PID1	0.027695
PIDD1	0.049017
PIERCE1	0.031305
PIEZO1	0.084520
PIEZO2	0.082643
PIF1	0.038010
PIGA	0.077497
PIGB	0.036061
PIGC	0.030619
PIGF	0.026651
PIGG	0.041463
PIGH	0.681387
PIGK	0.031815
PIGL	0.029836
PIGM	0.026951
PIGN	0.026007
PIGO	0.031427
PIGP	0.027363
PIGQ	0.091035
PIGR	0.044089
PIGS	0.107621
PIGT	0.071219
PIGU	0.108919
PIGV	0.034978
PIGW	0.024994
PIGX	0.098833
PIGY	0.027403
PIGZ	0.032386
PIH1D1	0.097997
PIH1D2	0.028861
PIK3AP1	0.035279
PIK3C2A	0.028354
PIK3C2B	0.029538
PIK3C2G	0.036855
PIK3C3	0.073973
PIK3CA	0.244034
PIK3CB	0.050708
PIK3CD	0.072303
PIK3CG	0.080859
PIK3IP1	0.048121
PIK3R1	0.068749
PIK3R2	0.953755
PIK3R3	0.039933
PIK3R4	0.110925
PIK3R5	0.040233
PIK3R6	0.028058
PIKFYVE	0.073683
PILRA	0.054671
PILRB	0.040999
PIM1	0.027263
PIM2	0.027822
PIM3	0.026351
PIMREG	0.057747
PIN1	0.093834
PIN4	0.026108
PINK1	0.039116
PINX1	0.025556
PIP	0.025754
PIP4K2A	0.029932
PIP4K2B	0.028333
PIP4K2C	0.029109
PIP4P1	0.026448
PIP4P2	0.135378
PIP5K1A	0.048601
PIP5K1B	0.036064
PIP5K1C	0.043427
PIP5KL1	0.044879
PIPOX	0.028908
PIR	0.031704
PISD	0.028459
PITHD1	0.045035
PITPNA	0.026388
PITPNB	0.036186
PITPNC1	0.027401
PITPNM1	0.030074
PITPNM2	0.048039
PITPNM3	0.027618
PITRM1	0.032027
PITX1	0.053997
PITX2	0.092979
PITX3	0.038699
PIWIL1	0.090416
PIWIL2	0.049240
PIWIL3	0.100705
PIWIL4	0.033629
PJA1	0.030103
PJA2	0.042564
PJVK	0.027588
PKD1	0.033808
PKD1L1	0.033525
PKD1L2	0.047544
PKD1L3	0.081338
PKD2	0.055444
PKD2L1	0.053865
PKD2L2	0.043879
PKDCC	0.035363
PKDREJ	0.036226
PKHD1	0.036693
PKHD1L1	0.059290
PKIA	0.036155
PKIB	0.026384
PKIG	0.029718
PKLR	0.026052
PKM	0.043792
PKMYT1	0.900298
PKN1	0.077552
PKN2	0.106209
PKN3	0.090644
PKNOX1	0.060984
PKNOX2	0.100306
PKP1	0.083422
PKP2	0.033697
PKP3	0.082781
PKP4	0.088340
PLA1A	0.078879
PLA2G10	0.034309
PLA2G12A	0.040664
PLA2G12B	0.038153
PLA2G15	0.625053
PLA2G1B	0.032961
PLA2G2A	0.028391
PLA2G2D	0.029174
PLA2G2E	0.031545
PLA2G2F	0.030401
PLA2G3	0.055793
PLA2G4A	0.045285
PLA2G4B	0.045993
PLA2G4C	0.048581
PLA2G4D	0.047562
PLA2G4E	0.048282
PLA2G4F	0.059540
PLA2G5	0.029988
PLA2G6	0.035385
PLA2G7	0.049503
PLA2R1	0.079728
PLAA	0.958051
PLAAT1	0.026054
PLAAT2	0.026224
PLAAT3	0.026503
PLAAT4	0.031050
PLAAT5	0.026980
PLAC1	0.035415
PLAC8	0.029607
PLAC8L1	0.035286
PLAC9	0.040218
PLAG1	0.105857
PLAGL1	0.033018
PLAGL2	0.028435
PLAT	0.044218
PLAU	0.041793
PLAUR	0.062794
PLB1	0.069617
PLBD1	0.027591
PLBD2	0.027064
PLCB1	0.094852
PLCB2	0.070861
PLCB3	0.075222
PLCB4	0.084849
PLCD1	0.041924
PLCD3	0.056266
PLCD4	0.066693
PLCE1	0.027695
PLCG1	0.065208
PLCG2	0.090079
PLCH1	0.043446
PLCH2	0.038532
PLCL1	0.040749
PLCL2	0.979438
PLCXD1	0.026120
PLCXD2	0.029084
PLCXD3	0.028665
PLCZ1	0.079519
PLD1	0.079487
PLD2	0.096184
PLD3	0.032287
PLD4	0.026310
PLD5	0.030487
PLD6	0.027698
PLEC	0.046308
PLEK	0.025215
PLEK2	0.025016
PLEKHA1	0.035094
PLEKHA3	0.026212
PLEKHA4	0.029344
PLEKHA5	0.041064
PLEKHA6	0.033755
PLEKHA7	0.040804
PLEKHA8	0.030475
PLEKHB1	0.046101
PLEKHB2	0.041837
PLEKHF1	0.026075
PLEKHF2	0.027184
PLEKHG1	0.030425
PLEKHG2	0.062741
PLEKHG3	0.027380
PLEKHG4	0.027104
PLEKHG4B	0.029256
PLEKHG5	0.027349
PLEKHG6	0.026462
PLEKHG7	0.027001
PLEKHH1	0.030374
PLEKHH2	0.030609
PLEKHH3	0.030783
PLEKHJ1	0.024839
PLEKHM1	0.027800
PLEKHM3	0.025660
PLEKHN1	0.025502
PLEKHO1	0.026442
PLEKHO2	0.027177
PLEKHS1	0.030802
PLG	0.050484
PLGLB1	0.042011
PLGLB2	0.046129
PLGRKT	0.026664
PLIN1	0.098754
PLIN2	0.077413
PLIN3	0.102226
PLIN4	0.028615
PLIN5	0.077859
PLK1	0.966132
PLK2	0.100546
PLK3	0.034013
PLK4	0.069343
PLLP	0.035618
PLN	0.026114
PLOD1	0.944931
PLOD2	0.046532
PLOD3	0.042676
PLP1	0.030033
PLP2	0.044459
PLPBP	0.031678
PLPP1	0.056225
PLPP2	0.054004
PLPP3	0.031452
PLPP4	0.031204
PLPP5	0.032124
PLPP6	0.027653
PLPP7	0.034189
PLPPR1	0.035325
PLPPR2	0.031421
PLPPR3	0.036585
PLPPR4	0.025900
PLRG1	0.239335
PLS1	0.485118
PLS3	0.097969
PLSCR1	0.043517
PLSCR2	0.036623
PLSCR3	0.029945
PLSCR4	0.031518
PLSCR5	0.027712
PLTP	0.035497
PLVAP	0.060015
PLXDC1	0.050251
PLXDC2	0.072004
PLXNA1	0.060799
PLXNA2	0.039038
PLXNA3	0.069693
PLXNA4	0.052184
PLXNB1	0.044859
PLXNB3	0.046668
PLXNC1	0.076256
PLXND1	0.044873
PM20D1	0.031181
PM20D2	0.025412
PMAIP1	0.061707
PMCH	0.066895
PMEL	0.042154
PMEPA1	0.036170
PMF1	0.072843
PMFBP1	0.025628
PML	0.227305
PMM1	0.081240
PMM2	0.082790
PMP2	0.034044
PMP22	0.028879
PMPCA	0.038062
PMPCB	0.029141
PMS1	0.033000
PMS2	0.102336
PMVK	0.037391
PNCK	0.070873
PNISR	0.025047
PNKD	0.093954
PNKP	0.105341
PNLDC1	0.027487
PNLIP	0.058337
PNLIPRP1	0.043003
PNLIPRP2	0.038701
PNLIPRP3	0.044185
PNMA1	0.028130
PNMA2	0.027861
PNMA3	0.025367
PNMA5	0.040706
PNMA6A	0.025545
PNMA8A	0.024593
PNMA8B	0.041915
PNMT	0.035819
PNN	0.162522
PNO1	0.053672
PNOC	0.078058
PNP	0.077951
PNPLA1	0.048827
PNPLA2	0.031836
PNPLA3	0.038857
PNPLA4	0.029958
PNPLA5	0.026745
PNPLA6	0.055379
PNPLA7	0.082834
PNPLA8	0.028687
PNPO	0.035110
PNPT1	0.110138
PNRC1	0.031939
PNRC2	0.029069
POC1A	0.027979
POC1B	0.028204
POC5	0.027311
PODN	0.037308
PODNL1	0.043728
PODXL	0.058372
PODXL2	0.041785
POF1B	0.025626
POFUT1	0.037691
POFUT2	0.037639
POFUT3	0.028631
POFUT4	0.028529
POGK	0.026348
POGLUT1	0.029021
POGLUT2	0.026643
POGLUT3	0.029076
POGZ	0.049407
POLA1	0.110033
POLA2	0.073404
POLB	0.096856
POLD1	0.074521
POLD2	0.110615
POLD3	0.096684
POLD4	0.127494
POLDIP2	0.052037
POLDIP3	0.105144
POLE	0.977592
POLE2	0.150029
POLE3	0.039385
POLE4	0.032186
POLG	0.040495
POLG2	0.026043
POLH	0.118227
POLI	0.112365
POLK	0.251857
POLL	0.193303
POLM	0.026711
POLN	0.025676
POLQ	0.056671
POLR1A	0.030007
POLR1B	0.125031
POLR1C	0.107453
POLR1D	0.106390
POLR1E	0.049307
POLR1F	0.036361
POLR1G	0.028397
POLR1H	0.025126
POLR2A	0.102641
POLR2B	0.130403
POLR2C	0.399514
POLR2D	0.023168
POLR2E	0.028938
POLR2F	0.290968
POLR2G	0.774768
POLR2H	0.099434
POLR2I	0.129255
POLR2J	0.044716
POLR2J3	0.060032
POLR2K	0.029721
POLR2L	0.039375
POLR3A	0.078640
POLR3B	0.145748
POLR3C	0.027312
POLR3D	0.115497
POLR3E	0.100617
POLR3F	0.541063
POLR3G	0.025134
POLR3GL	0.024591
POLR3H	0.026294
POLR3K	0.029558
POLRMT	0.027016
POM121L12	0.031991
POM121L2	0.026773
POMC	0.047313
POMGNT1	0.080603
POMGNT2	0.116319
POMK	0.044332
POMP	0.026259
POMT1	0.053539
POMT2	0.040859
PON1	0.092577
PON2	0.030612
PON3	0.029023
POP1	0.026224
POP4	0.109222
POP5	0.024677
POP7	0.044050
POPDC1	0.092552
POPDC2	0.028182
POPDC3	0.026969
POR	0.093871
PORCN	0.059640
POSTN	0.056506
POT1	0.100176
POTEA	0.025795
POTEB3	0.026071
POTED	0.026810
POTEE	0.026225
POU1F1	0.034869
POU2AF1	0.031181
POU2AF2	0.026043
POU2F1	0.085523
POU2F2	0.123907
POU2F3	0.046373
POU3F1	0.866665
POU3F2	0.041966
POU3F3	0.050898
POU3F4	0.068093
POU4F1	0.108040
POU4F2	0.046663
POU4F3	0.037948
POU5F1	0.097865
POU5F2	0.027356
POU6F1	0.145074
POU6F2	0.034159
PP2D1	0.024569
PPA1	0.028900
PPA2	0.030965
PPAN	0.140373
PPAN-P2RY11	0.031869
PPARA	0.052264
PPARD	0.032736
PPARG	0.080944
PPARGC1A	0.089056
PPARGC1B	0.095510
PPAT	0.027276
PPBP	0.075828
PPCDC	0.081184
PPCS	0.025802
PPDPF	0.024724
PPDPFL	0.025261
PPEF1	0.025923
PPEF2	0.027567
PPFIA1	0.050883
PPFIA2	0.055511
PPFIA3	0.027284
PPFIA4	0.035292
PPFIBP1	0.030759
PPFIBP2	0.058900
PPHLN1	0.067659
PPIA	0.103528
PPIAL4A	0.045493
PPIB	0.048976
PPIC	0.029602
PPID	0.057133
PPIE	0.103198
PPIF	0.092705
PPIG	0.051631
PPIH	0.875146
PPIL1	0.027253
PPIL2	0.103215
PPIL3	0.118595
PPIL4	0.026057
PPIL6	0.121047
PPIP5K1	0.026049
PPIP5K2	0.032943
PPL	0.028005
PPM1A	0.089262
PPM1B	0.084308
PPM1D	0.027561
PPM1E	0.026296
PPM1F	0.026939
PPM1G	0.027257
PPM1H	0.025006
PPM1J	0.026322
PPM1K	0.025150
PPM1L	0.029150
PPM1M	0.024101
PPM1N	0.026025
PPME1	0.044481
PPOX	0.031226
PPP1CA	0.072367
PPP1CB	0.099309
PPP1CC	0.818267
PPP1R10	0.121049
PPP1R11	0.030367
PPP1R12A	0.981644
PPP1R12B	0.177735
PPP1R12C	0.032483
PPP1R13B	0.030944
PPP1R13L	0.034398
PPP1R14A	0.025367
PPP1R14B	0.029940
PPP1R14C	0.024089
PPP1R14D	0.025963
PPP1R15A	0.052144
PPP1R15B	0.032684
PPP1R16A	0.027218
PPP1R16B	0.028610
PPP1R17	0.058906
PPP1R18	0.046494
PPP1R1A	0.026183
PPP1R1B	0.031833
PPP1R1C	0.027691
PPP1R2	0.081399
PPP1R21	0.025877
PPP1R26	0.025738
PPP1R27	0.035624
PPP1R35	0.040055
PPP1R36	0.025188
PPP1R3A	0.079974
PPP1R3B	0.660935
PPP1R3C	0.034003
PPP1R3D	0.131909
PPP1R3F	0.287086
PPP1R42	0.025443
PPP1R7	0.099696
PPP1R8	0.049113
PPP1R9A	0.046608
PPP1R9B	0.068961
PPP2CA	0.089215
PPP2CB	0.105766
PPP2R1A	0.097431
PPP2R1B	0.114164
PPP2R2A	0.085120
PPP2R2B	0.110214
PPP2R2C	0.099032
PPP2R2D	0.096862
PPP2R3A	0.036935
PPP2R3B	0.035303
PPP2R3C	0.068356
PPP2R5A	0.118204
PPP2R5B	0.084037
PPP2R5C	0.102528
PPP2R5D	0.091754
PPP2R5E	0.084078
PPP3CA	0.030764
PPP3CB	0.031419
PPP3CC	0.033119
PPP3R1	0.036653
PPP3R2	0.166307
PPP4C	0.085229
PPP4R1	0.102298
PPP4R2	0.088205
PPP4R3A	0.091916
PPP4R3B	0.104386
PPP4R4	0.108780
PPP5C	0.095136
PPP6C	0.104378
PPP6R1	0.055291
PPP6R2	0.027135
PPP6R3	0.069465
PPRC1	0.077945
PPT1	0.164084
PPT2	0.052344
PPTC7	0.025461
PPWD1	0.045454
PPY	0.064857
PQBP1	0.105193
PRADC1	0.026881
PRAF2	0.091008
PRAG1	0.033019
PRAM1	0.057979
PRAME	0.064595
PRAMEF1	0.026183
PRAMEF10	0.024986
PRAMEF12	0.025222
PRAMEF2	0.024557
PRAMEF4	0.026319
PRAMEF6	0.025594
PRAMEF7	0.025762
PRAMEF8	0.025959
PRAMEF9	0.024749
PRAP1	0.044013
PRB1	0.032518
PRB2	0.031129
PRB3	0.026969
PRB4	0.035717
PRC1	0.104505
PRCC	0.088128
PRCD	0.030765
PRCP	0.042669
PRDM1	0.039862
PRDM10	0.141238
PRDM11	0.040938
PRDM12	0.028557
PRDM13	0.044396
PRDM14	0.046631
PRDM15	0.069659
PRDM16	0.047242
PRDM2	0.030817
PRDM4	0.042332
PRDM5	0.027874
PRDM6	0.026266
PRDM7	0.026384
PRDM8	0.040769
PRDM9	0.044826
PRDX1	0.038563
PRDX3	0.058126
PRDX4	0.034349
PRDX5	0.027219
PRDX6	0.029860
PREB	0.057397
PRELID1	0.094058
PRELID2	0.041618
PRELID3A	0.040607
PRELID3B	0.096471
PRELP	0.039181
PREP	0.028644
PREPL	0.034707
PREX1	0.034882
PREX2	0.033740
PRF1	0.056752
PRG2	0.055556
PRG3	0.038195
PRG4	0.042932
PRH1	0.037503
PRH2	0.037032
PRICKLE1	0.029034
PRICKLE2	0.041669
PRICKLE3	0.034803
PRICKLE4	0.030470
PRIM1	0.087804
PRIM2	0.103458
PRIMA1	0.032154
PRIMPOL	0.978628
PRKAA1	0.046478
PRKAA2	0.148554
PRKAB1	0.031108
PRKAB2	0.028841
PRKACA	0.055002
PRKACB	0.068071
PRKACG	0.047170
PRKAG1	0.769966
PRKAG2	0.095054
PRKAG3	0.084677
PRKAR1A	0.298322
PRKAR1B	0.041581
PRKAR2A	0.099891
PRKAR2B	0.038469
PRKCA	0.092448
PRKCB	0.092271
PRKCD	0.083584
PRKCE	0.047954
PRKCG	0.114200
PRKCH	0.044972
PRKCI	0.047211
PRKCQ	0.088324
PRKCSH	0.049500
PRKCZ	0.051234
PRKD1	0.035060
PRKD2	0.032008
PRKD3	0.035389
PRKDC	0.099356
PRKG1	0.035684
PRKG2	0.040886
PRKN	0.071156
PRKRA	0.060359
PRKRIP1	0.038677
PRKX	0.031466
PRL	0.041419
PRLH	0.079980
PRLHR	0.092654
PRLR	0.048321
PRM1	0.024013
PRM2	0.025048
PRMT1	0.083837
PRMT2	0.109585
PRMT3	0.094938
PRMT5	0.214010
PRMT6	0.043796
PRMT7	0.038016
PRMT8	0.095591
PRMT9	0.030951
PRND	0.061045
PRNP	0.769518
PROC	0.064356
PROCA1	0.025969
PROCR	0.042351
PRODH	0.024998
PRODH2	0.025732
PROK1	0.051994
PROK2	0.068766
PROKR1	0.106336
PROKR2	0.112719
PROM1	0.035888
PROM2	0.046735
PROP1	0.054735
PRORP	0.040676
PROS1	0.046392
PROSER1	0.026310
PROSER2	0.026935
PROSER3	0.030410
PROX1	0.074055
PROX2	0.033893
PROZ	0.043535
PRP4K	0.046506
PRPF18	0.025120
PRPF19	0.119640
PRPF3	0.053568
PRPF31	0.116340
PRPF38A	0.036108
PRPF38B	0.028138
PRPF39	0.119475
PRPF4	0.027942
PRPF40B	0.041561
PRPF6	0.131650
PRPF8	0.971647
PRPH	0.035179
PRPH2	0.027080
PRPS1	0.028447
PRPS1L1	0.028134
PRPS2	0.028780
PRPSAP1	0.059002
PRPSAP2	0.880003
PRR11	0.025816
PRR13	0.024998
PRR14	0.026242
PRR14L	0.024820
PRR15	0.026828
PRR15L	0.047209
PRR16	0.027900
PRR18	0.025909
PRR19	0.026175
PRR20A	0.024343
PRR22	0.032590
PRR23B	0.021861
PRR23E	0.034446
PRR27	0.028065
PRR3	0.258632
PRR30	0.025039
PRR32	0.026046
PRR35	0.035306
PRR36	0.024433
PRR4	0.038414
PRR5	0.030042
PRR5-ARHGAP8	0.031843
PRR7	0.029508
PRRC1	0.049857
PRRC2A	0.045104
PRRC2C	0.113467
PRRG1	0.029689
PRRG2	0.042951
PRRG3	0.028200
PRRG4	0.055114
PRRT1	0.029912
PRRT2	0.037830
PRRT3	0.079347
PRRX1	0.051813
PRRX2	0.576690
PRSS1	0.051911
PRSS12	0.040557
PRSS16	0.040205
PRSS2	0.054568
PRSS21	0.053078
PRSS22	0.031202
PRSS23	0.029316
PRSS27	0.033157
PRSS3	0.052267
PRSS33	0.631700
PRSS35	0.045193
PRSS36	0.058110
PRSS37	0.035022
PRSS38	0.037163
PRSS48	0.070549
PRSS50	0.084478
PRSS53	0.328430
PRSS54	0.118560
PRSS55	0.035853
PRSS57	0.055640
PRSS58	0.027591
PRSS8	0.050858
PRTFDC1	0.047140
PRTG	0.050155
PRTN3	0.037336
PRUNE1	0.041134
PRUNE2	0.112026
PRX	0.050782
PRXL2A	0.034878
PRXL2B	0.032198
PRXL2C	0.033364
PSAP	0.030319
PSAPL1	0.026667
PSAT1	0.027218
PSCA	0.031715
PSD	0.028163
PSD2	0.027393
PSD3	0.027754
PSD4	0.027973
PSEN1	0.075998
PSEN2	0.051525
PSENEN	0.029431
PSG1	0.044004
PSG11	0.052112
PSG3	0.041449
PSG4	0.044261
PSG5	0.040320
PSG6	0.035126
PSG7	0.045538
PSG8	0.044485
PSG9	0.077819
PSIP1	0.042609
PSKH1	0.025289
PSKH2	0.024813
PSMA1	0.826835
PSMA2	0.976189
PSMA3	0.978194
PSMA4	0.801627
PSMA5	0.094562
PSMA6	0.973131
PSMA7	0.972638
PSMA8	0.094577
PSMB1	0.970422
PSMB10	0.192495
PSMB2	0.056074
PSMB3	0.976358
PSMB4	0.933144
PSMB5	0.171351
PSMB6	0.968262
PSMB7	0.895506
PSMB8	0.048651
PSMB9	0.054522
PSMC1	0.972299
PSMC2	0.961694
PSMC3	0.117707
PSMC3IP	0.124567
PSMC4	0.082969
PSMC5	0.973395
PSMC6	0.980464
PSMD1	0.975125
PSMD10	0.111166
PSMD11	0.974905
PSMD12	0.969918
PSMD13	0.504677
PSMD14	0.965529
PSMD2	0.981181
PSMD3	0.965142
PSMD4	0.876067
PSMD5	0.107837
PSMD6	0.973771
PSMD7	0.971642
PSMD8	0.973663
PSMD9	0.119000
PSME1	0.032856
PSME2	0.079680
PSME3	0.982206
PSME4	0.098387
PSMF1	0.100129
PSMG1	0.112394
PSMG2	0.094362
PSMG3	0.024724
PSORS1C1	0.027415
PSORS1C2	0.032327
PSPC1	0.044131
PSPH	0.026789
PSRC1	0.040592
PSTK	0.027070
PSTPIP1	0.089735
PSTPIP2	0.038391
PTAFR	0.089986
PTBP1	0.026337
PTBP2	0.028420
PTBP3	0.029079
PTCD1	0.100955
PTCD2	0.032830
PTCD3	0.103456
PTCH1	0.064658
PTCH2	0.065989
PTCHD1	0.063769
PTCHD3	0.072329
PTCHD4	0.055982
PTCRA	0.050945
PTDSS1	0.036468
PTDSS2	0.037538
PTEN	0.071516
PTER	0.030563
PTF1A	0.068700
PTGDR	0.108888
PTGDR2	0.158309
PTGDS	0.040576
PTGER1	0.233052
PTGER2	0.061467
PTGER3	0.076280
PTGER4	0.055056
PTGES	0.032029
PTGES2	0.026699
PTGES3	0.091689
PTGFR	0.078561
PTGFRN	0.067335
PTGIR	0.070429
PTGIS	0.036397
PTGR1	0.028645
PTGR2	0.035457
PTGR3	0.027065
PTGS1	0.032329
PTGS2	0.031232
PTH	0.072005
PTH1R	0.080665
PTH2R	0.063057
PTHLH	0.071632
PTK2	0.076427
PTK2B	0.038781
PTK6	0.039001
PTK7	0.047473
PTMA	0.120361
PTMS	0.027910
PTN	0.040168
PTOV1	0.070267
PTP4A1	0.046118
PTP4A2	0.025293
PTP4A3	0.025538
PTPA	0.091455
PTPDC1	0.039567
PTPMT1	0.041606
PTPN1	0.030319
PTPN11	0.097895
PTPN12	0.953559
PTPN13	0.050389
PTPN14	0.040023
PTPN18	0.041628
PTPN2	0.089734
PTPN20	0.054802
PTPN21	0.037179
PTPN22	0.037271
PTPN23	0.081615
PTPN3	0.052268
PTPN4	0.051797
PTPN5	0.032031
PTPN6	0.147271
PTPN7	0.046840
PTPN9	0.093873
PTPRA	0.070705
PTPRB	0.046424
PTPRC	0.064197
PTPRD	0.049781
PTPRE	0.052121
PTPRF	0.056793
PTPRG	0.051411
PTPRH	0.046171
PTPRJ	0.056187
PTPRK	0.053345
PTPRM	0.050312
PTPRN	0.059063
PTPRN2	0.044612
PTPRO	0.057010
PTPRR	0.055565
PTPRS	0.050054
PTPRT	0.048709
PTPRU	0.046917
PTPRZ1	0.048376
PTRH1	0.041121
PTRH2	0.027335
PTS	0.102583
PTTG1	0.053326
PTTG1IP	0.030257
PTTG2	0.054639
PTX3	0.070129
PTX4	0.042739
PUDP	0.027579
PUF60	0.173685
PUM1	0.041310
PUM2	0.094729
PUM3	0.032175
PURA	0.037631
PURB	0.041591
PURG	0.038836
PUS1	0.025054
PUS10	0.025053
PUS3	0.037500
PUS7	0.024125
PUS7L	0.024815
PUSL1	0.024783
PVALB	0.027174
PVR	0.946072
PVRIG	0.060077
PWP1	0.032165
PWP2	0.114729
PWWP2B	0.023904
PWWP3A	0.030395
PWWP3B	0.025922
PXDC1	0.025470
PXDN	0.449061
PXDNL	0.049749
PXK	0.027095
PXMP2	0.028101
PXMP4	0.028143
PXN	0.210085
PXT1	0.025872
PXYLP1	0.027280
PYCARD	0.054959
PYCR1	0.028266
PYCR2	0.027697
PYCR3	0.082256
PYDC1	0.039996
PYDC2	0.024770
PYGB	0.042857
PYGL	0.087587
PYGM	0.056707
PYGO1	0.068152
PYGO2	0.062114
PYHIN1	0.026009
PYM1	0.045702
PYROXD1	0.027766
PYROXD2	0.025215
PYY	0.074783
PZP	0.030612
QARS1	0.102532
QDPR	0.030404
QKI	0.041585
QNG1	0.028234
QPCT	0.034140
QPCTL	0.027304
QPRT	0.045580
QRFP	0.078232
QRFPR	0.093363
QRICH1	0.029521
QRICH2	0.035171
QRSL1	0.027334
QSER1	0.099704
QSOX1	0.042733
QSOX2	0.034946
QTGAL	0.043960
QTMAN	0.026352
QTRT1	0.025978
QTRT2	0.028538
R3HCC1L	0.027351
R3HDM1	0.037240
R3HDM2	0.043148
R3HDM4	0.028763
R3HDML	0.037627
RAB10	0.903367
RAB11A	0.077304
RAB11B	0.125343
RAB11FIP1	0.091431
RAB11FIP2	0.025828
RAB11FIP3	0.094759
RAB11FIP4	0.032043
RAB11FIP5	0.047716
RAB12	0.027988
RAB13	0.032079
RAB14	0.029561
RAB15	0.040793
RAB17	0.038957
RAB18	0.029515
RAB19	0.032245
RAB1A	0.052420
RAB1B	0.070179
RAB20	0.041713
RAB21	0.042849
RAB22A	0.046064
RAB23	0.026832
RAB24	0.027519
RAB25	0.025656
RAB26	0.026461
RAB27A	0.037569
RAB27B	0.030021
RAB28	0.048986
RAB29	0.028579
RAB2A	0.115051
RAB2B	0.037286
RAB30	0.034304
RAB31	0.043326
RAB32	0.030615
RAB33A	0.035370
RAB33B	0.031117
RAB34	0.028755
RAB35	0.025754
RAB36	0.028692
RAB37	0.026946
RAB38	0.028633
RAB39A	0.035247
RAB39B	0.025606
RAB3A	0.046183
RAB3B	0.038090
RAB3C	0.028353
RAB3D	0.054583
RAB3GAP1	0.070923
RAB3GAP2	0.103715
RAB3IL1	0.090392
RAB3IP	0.099349
RAB40A	0.026559
RAB40AL	0.027737
RAB40B	0.029505
RAB40C	0.030591
RAB41	0.026501
RAB42	0.030383
RAB43	0.027370
RAB44	0.025573
RAB4A	0.034024
RAB4B	0.030958
RAB5A	0.069113
RAB5B	0.053952
RAB5C	0.216118
RAB5IF	0.027532
RAB6A	0.102206
RAB6B	0.098025
RAB6C	0.082344
RAB6D	0.115148
RAB7A	0.061327
RAB7B	0.047829
RAB8A	0.048584
RAB8B	0.026113
RAB9A	0.031020
RAB9B	0.035936
RABAC1	0.081440
RABEP1	0.064141
RABEP2	0.080369
RABEPK	0.027930
RABGAP1	0.044611
RABGAP1L	0.060382
RABGEF1	0.035363
RABGGTA	0.329193
RABGGTB	0.037326
RABIF	0.028258
RABL2A	0.039066
RABL2B	0.065624
RABL3	0.048390
RABL6	0.033843
RAC1	0.978950
RAC2	0.081553
RAC3	0.250880
RACGAP1	0.038566
RACK1	0.080545
RAD1	0.059729
RAD17	0.062327
RAD18	0.099841
RAD21	0.085960
RAD23A	0.096245
RAD23B	0.105589
RAD50	0.090307
RAD51	0.105669
RAD51AP1	0.094998
RAD51B	0.236440
RAD51C	0.104454
RAD51D	0.117406
RAD52	0.101747
RAD54B	0.028481
RAD54L	0.115803
RAD54L2	0.126278
RAD9A	0.063048
RAD9B	0.069360
RADIL	0.036685
RADX	0.049488
RAE1	0.969047
RAET1E	0.045683
RAET1G	0.050891
RAF1	0.092965
RAG1	0.103694
RAG2	0.024931
RAI1	0.049632
RAI14	0.030443
RAI2	0.026244
RALA	0.062931
RALB	0.076042
RALBP1	0.094778
RALGAPA1	0.071475
RALGAPA2	0.027241
RALGAPB	0.088568
RALGDS	0.027301
RALGPS1	0.027980
RALGPS2	0.058762
RALY	0.815871
RALYL	0.130941
RAMAC	0.026812
RAMP1	0.065922
RAMP2	0.058872
RAMP3	0.098000
RAN	0.654424
RANBP1	0.146443
RANBP10	0.067393
RANBP17	0.095362
RANBP2	0.845837
RANBP3	0.094534
RANBP3L	0.033076
RANBP6	0.099835
RANBP9	0.064800
RANGAP1	0.465639
RANGRF	0.115287
RAP1A	0.097933
RAP1B	0.074859
RAP1GAP	0.029197
RAP1GAP2	0.031666
RAP1GDS1	0.032353
RAP2A	0.066392
RAP2B	0.040409
RAP2C	0.051756
RAPGEF1	0.033517
RAPGEF3	0.026160
RAPGEF4	0.035134
RAPGEF6	0.031930
RAPGEFL1	0.027050
RAPH1	0.040321
RAPSN	0.087890
RARA	0.093403
RARB	0.054180
RARG	0.045450
RARRES1	0.038648
RARRES2	0.031522
RARS1	0.090302
RARS2	0.028258
RASA1	0.086078
RASA2	0.039831
RASA3	0.179665
RASA4	0.037519
RASAL1	0.040991
RASAL2	0.029703
RASAL3	0.034955
RASD1	0.067809
RASD2	0.030673
RASEF	0.027197
RASGEF1A	0.025898
RASGEF1B	0.026072
RASGEF1C	0.025664
RASGRF1	0.029572
RASGRF2	0.026725
RASGRP1	0.033018
RASGRP2	0.027824
RASGRP3	0.028209
RASGRP4	0.027635
RASIP1	0.043081
RASL10A	0.025608
RASL10B	0.025101
RASL11B	0.026582
RASL12	0.025877
RASSF1	0.053654
RASSF10	0.033575
RASSF2	0.032035
RASSF3	0.025380
RASSF4	0.036958
RASSF5	0.027995
RASSF6	0.028105
RASSF7	0.026420
RASSF8	0.034050
RASSF9	0.026201
RAVER1	0.028278
RAVER2	0.027721
RAX	0.043047
RAX2	0.050744
RB1	0.096020
RB1CC1	0.764537
RBAK	0.025951
RBBP4	0.100283
RBBP5	0.108518
RBBP6	0.110695
RBBP7	0.941774
RBBP8	0.095188
RBBP8NL	0.029282
RBBP9	0.051450
RBCK1	0.040880
RBFA	0.048171
RBFOX1	0.033948
RBFOX2	0.039889
RBFOX3	0.058072
RBKS	0.144175
RBL1	0.093439
RBL2	0.077932
RBM10	0.026326
RBM11	0.024759
RBM12	0.105935
RBM12B	0.025193
RBM14	0.792747
RBM15	0.034436
RBM15B	0.026039
RBM17	0.026754
RBM18	0.046246
RBM19	0.096184
RBM22	0.145587
RBM23	0.029621
RBM24	0.031641
RBM25	0.090438
RBM26	0.044058
RBM28	0.087255
RBM3	0.025719
RBM33	0.033906
RBM34	0.097168
RBM38	0.031419
RBM39	0.498427
RBM4	0.028053
RBM41	0.025846
RBM42	0.028350
RBM43	0.025309
RBM44	0.031858
RBM45	0.028815
RBM46	0.058133
RBM47	0.055707
RBM48	0.027465
RBM4B	0.028770
RBM5	0.026473
RBM6	0.039662
RBM7	0.029343
RBM8A	0.959396
RBMS1	0.044901
RBMS2	0.033649
RBMS3	0.045370
RBMX	0.024862
RBMX2	0.024223
RBMXL2	0.024897
RBMY1A1	0.025613
RBMY1B	0.026098
RBMY1D	0.024964
RBMY1E	0.032689
RBMY1F	0.026089
RBMY1J	0.025154
RBP1	0.086415
RBP2	0.026970
RBP3	0.062919
RBP4	0.055747
RBP5	0.075168
RBP7	0.029923
RBPJ	0.082201
RBPJL	0.068080
RBPMS	0.029845
RBPMS2	0.028908
RBSN	0.842810
RBX1	0.313190
RC3H1	0.141081
RC3H2	0.092211
RCAN1	0.036033
RCAN2	0.043240
RCAN3	0.026404
RCBTB1	0.040449
RCBTB2	0.035913
RCC1	0.045329
RCC1L	0.032943
RCC2	0.076479
RCCD1	0.028888
RCE1	0.028512
RCHY1	0.125942
RCL1	0.027394
RCN1	0.032113
RCN2	0.028115
RCN3	0.031253
RCOR1	0.049376
RCOR2	0.044388
RCOR3	0.051928
RCSD1	0.027196
RCVRN	0.043062
RD3	0.024179
RDH10	0.085391
RDH11	0.071291
RDH12	0.912760
RDH13	0.068250
RDH14	0.027662
RDH16	0.034027
RDH5	0.106154
RDH8	0.028761
RDM1	0.044431
RDX	0.043754
REC114	0.100954
REC8	0.080753
RECK	0.047596
RECQL	0.037502
RECQL4	0.029946
RECQL5	0.030197
REDIC1	0.027284
REEP1	0.026889
REEP2	0.025477
REEP3	0.026904
REEP4	0.025987
REEP5	0.025647
REEP6	0.026691
REG1A	0.161308
REG1B	0.135693
REG3A	0.048985
REG3G	0.043544
REG4	0.039496
REL	0.068852
RELA	0.096514
RELB	0.083834
RELCH	0.089879
RELL1	0.044868
RELL2	0.051293
RELN	0.036365
RELT	0.046368
REM1	0.025709
REM2	0.025839
REN	0.043124
RENBP	0.030633
REP15	0.027086
REPIN1	0.030305
REPS1	0.067514
REPS2	0.044959
RER1	0.063350
RERE	0.075739
RERG	0.025100
RERGL	0.028867
RESF1	0.028435
REST	0.026691
RET	0.103500
RETN	0.029066
RETNLB	0.034618
RETREG1	0.027178
RETREG2	0.026794
RETREG3	0.046880
RETSAT	0.036041
REV1	0.112713
REV3L	0.092918
REXO1	0.037757
REXO2	0.037580
REXO4	0.025579
REXO5	0.068823
RFC1	0.068447
RFC2	0.071455
RFC3	0.080069
RFC4	0.030898
RFC5	0.116157
RFESD	0.026544
RFFL	0.038423
RFK	0.032981
RFLNA	0.035528
RFLNB	0.025794
RFNG	0.056746
RFPL1	0.024735
RFPL2	0.026104
RFPL3	0.024930
RFPL4A	0.024947
RFPL4AL1	0.028646
RFPL4B	0.024969
RFT1	0.027083
RFTN1	0.025235
RFTN2	0.025240
RFWD3	0.137847
RFX1	0.091081
RFX2	0.268800
RFX3	0.086944
RFX4	0.030921
RFX5	0.045976
RFX6	0.037455
RFX7	0.076974
RFXANK	0.032518
RFXAP	0.043782
RGCC	0.030124
RGL1	0.028246
RGL2	0.027011
RGL3	0.025483
RGL4	0.033629
RGMA	0.044512
RGMB	0.040013
RGN	0.025771
RGP1	0.026883
RGPD1	0.100035
RGPD2	0.339906
RGPD5	0.099498
RGR	0.114120
RGS1	0.031177
RGS10	0.035069
RGS11	0.025772
RGS12	0.042203
RGS13	0.029328
RGS14	0.028870
RGS16	0.028570
RGS17	0.031278
RGS18	0.027113
RGS19	0.036425
RGS2	0.039870
RGS20	0.048621
RGS21	0.033857
RGS22	0.027418
RGS4	0.041494
RGS5	0.027282
RGS6	0.026891
RGS7	0.027532
RGS7BP	0.028049
RGS8	0.027256
RGS9	0.046979
RGS9BP	0.025462
RHAG	0.027129
RHBDD1	0.028548
RHBDD2	0.026647
RHBDD3	0.025765
RHBDF1	0.055728
RHBDF2	0.041658
RHBDL1	0.033090
RHBDL2	0.028889
RHBDL3	0.036721
RHBG	0.027773
RHCE	0.030134
RHCG	0.027785
RHD	0.026946
RHEB	0.119621
RHEBL1	0.032219
RHEX	0.050495
RHNO1	0.054213
RHO	0.037795
RHOA	0.075535
RHOB	0.041805
RHOBTB1	0.081574
RHOBTB2	0.064996
RHOBTB3	0.026857
RHOC	0.071968
RHOD	0.050254
RHOF	0.066383
RHOG	0.029177
RHOH	0.027065
RHOJ	0.026222
RHOQ	0.089880
RHOT1	0.062684
RHOT2	0.094532
RHOU	0.027931
RHOV	0.028567
RHOXF1	0.025421
RHOXF2	0.025505
RHPN1	0.029832
RHPN2	0.029234
RIBC1	0.025932
RIBC2	0.091103
RIC1	0.085919
RIC3	0.030452
RIC8A	0.085851
RIC8B	0.043209
RICTOR	0.115030
RIDA	0.028532
RIF1	0.124017
RIGI	0.097390
RILP	0.029977
RILPL1	0.033879
RILPL2	0.025946
RIMBP2	0.044224
RIMKLA	0.032078
RIMKLB	0.027250
RIMOC1	0.055493
RIMS1	0.043860
RIMS2	0.046458
RIMS3	0.026569
RIMS4	0.031005
RIN1	0.043124
RIN2	0.040531
RIN3	0.040871
RING1	0.063021
RINL	0.037297
RINT1	0.027051
RIOK1	0.506077
RIOK2	0.104077
RIOK3	0.030065
RIOX1	0.059736
RIOX2	0.030456
RIPK1	0.091975
RIPK2	0.069855
RIPK3	0.092785
RIPK4	0.061853
RIPOR1	0.031224
RIPOR2	0.039854
RIPOR3	0.025876
RIPPLY2	0.026177
RIPPLY3	0.024818
RIT1	0.025141
RIT2	0.032798
RITA1	0.033498
RLBP1	0.025676
RLF	0.031543
RLIG1	0.047934
RLIM	0.096157
RLN1	0.044439
RLN2	0.038290
RLN3	0.091416
RMC1	0.060103
RMDN1	0.026467
RMDN2	0.026282
RMDN3	0.029962
RMI1	0.093505
RMI2	0.058933
RMND1	0.026139
RMND5A	0.047266
RMND5B	0.040860
RMP24	0.048063
RMP64	0.052532
RNASE1	0.032805
RNASE10	0.051814
RNASE11	0.040275
RNASE12	0.033282
RNASE13	0.028117
RNASE2	0.026234
RNASE3	0.028452
RNASE4	0.030329
RNASE6	0.028896
RNASE7	0.043749
RNASE8	0.029984
RNASE9	0.027183
RNASEH1	0.117494
RNASEH2A	0.030362
RNASEH2B	0.082247
RNASEH2C	0.025220
RNASEK	0.031099
RNASEL	0.057469
RNASET2	0.028041
RND1	0.087316
RND2	0.041313
RND3	0.040836
RNF10	0.056855
RNF103	0.068601
RNF11	0.046433
RNF111	0.066406
RNF112	0.037023
RNF113A	0.025915
RNF113B	0.025867
RNF114	0.069378
RNF115	0.075517
RNF121	0.044845
RNF122	0.029789
RNF123	0.103737
RNF125	0.028658
RNF126	0.043868
RNF128	0.037176
RNF13	0.033460
RNF130	0.037910
RNF133	0.036341
RNF135	0.046237
RNF138	0.043512
RNF139	0.044435
RNF14	0.076474
RNF141	0.057351
RNF144A	0.051167
RNF144B	0.041058
RNF145	0.041635
RNF146	0.025043
RNF148	0.028903
RNF149	0.028933
RNF150	0.254602
RNF151	0.055084
RNF152	0.024752
RNF157	0.040317
RNF166	0.026302
RNF167	0.030836
RNF168	0.045000
RNF169	0.035906
RNF17	0.064238
RNF170	0.031110
RNF175	0.042641
RNF180	0.026355
RNF181	0.034459
RNF182	0.039912
RNF183	0.027516
RNF185	0.120469
RNF186	0.027891
RNF19A	0.031601
RNF19B	0.033259
RNF2	0.067462
RNF20	0.096143
RNF207	0.025844
RNF208	0.027393
RNF212	0.029763
RNF213	0.046135
RNF214	0.098734
RNF215	0.031511
RNF216	0.058640
RNF217	0.031566
RNF220	0.037730
RNF222	0.041475
RNF24	0.024468
RNF25	0.033782
RNF26	0.033025
RNF31	0.036893
RNF32	0.026651
RNF34	0.036108
RNF38	0.033138
RNF39	0.025315
RNF4	0.090282
RNF40	0.099027
RNF41	0.060331
RNF43	0.050154
RNF44	0.038358
RNF5	0.047729
RNF6	0.109792
RNF7	0.092849
RNF8	0.087165
RNFT1	0.031991
RNFT2	0.028398
RNGTT	0.030078
RNH1	0.099974
RNLS	0.033590
RNMT	0.042508
RNPC3	0.031568
RNPEP	0.026907
RNPEPL1	0.026789
RNPS1	0.126700
RO60	0.035568
ROBO1	0.048389
ROBO2	0.048946
ROBO3	0.076469
ROBO4	0.055674
ROCK1	0.079379
ROCK2	0.618045
ROGDI	0.099094
ROM1	0.027713
ROMO1	0.033292
ROPN1	0.029035
ROPN1B	0.026361
ROPN1L	0.027294
ROR1	0.050222
ROR2	0.045366
RORA	0.034624
RORB	0.035811
RORC	0.049297
ROS1	0.039006
RP1	0.028353
RP1L1	0.025937
RP2	0.067262
RP9	0.024492
RPA1	0.584370
RPA2	0.320295
RPA4	0.052069
RPAIN	0.028883
RPAP1	0.059165
RPAP2	0.435196
RPAP3	0.044686
RPE	0.028160
RPE65	0.033424
RPF1	0.026500
RPF2	0.028246
RPGR	0.026620
RPGRIP1	0.049294
RPGRIP1L	0.064484
RPH3A	0.050319
RPH3AL	0.028722
RPIA	0.025976
RPL10	0.262028
RPL10A	0.290776
RPL10L	0.137817
RPL11	0.978174
RPL12	0.963998
RPL13	0.752233
RPL13A	0.128925
RPL14	0.944362
RPL15	0.116590
RPL17	0.576604
RPL18	0.981409
RPL19	0.391872
RPL21	0.978395
RPL22	0.115942
RPL23	0.942799
RPL23A	0.137427
RPL24	0.959908
RPL26	0.961141
RPL26L1	0.080425
RPL27	0.308317
RPL27A	0.110255
RPL28	0.133238
RPL3	0.403436
RPL30	0.962637
RPL32	0.153245
RPL34	0.098684
RPL35A	0.392912
RPL36	0.742878
RPL36AL	0.059083
RPL37	0.117544
RPL37A	0.496429
RPL38	0.345553
RPL39L	0.070420
RPL3L	0.124691
RPL4	0.834762
RPL41	0.069305
RPL5	0.978541
RPL6	0.790939
RPL7	0.180696
RPL7A	0.446388
RPL7L1	0.090915
RPL8	0.980483
RPL9	0.377943
RPLP0	0.868568
RPN1	0.052502
RPN2	0.104454
RPP14	0.030890
RPP21	0.106180
RPP25	0.050409
RPP25L	0.043040
RPP30	0.121283
RPP38	0.027365
RPP40	0.089426
RPRD1A	0.088908
RPRD1B	0.097151
RPRD2	0.111351
RPRM	0.027351
RPRML	0.031472
RPS10	0.981888
RPS11	0.978289
RPS12	0.834347
RPS13	0.973451
RPS14	0.973875
RPS16	0.975011
RPS17	0.572858
RPS18	0.978284
RPS19	0.971131
RPS19BP1	0.025177
RPS2	0.105967
RPS21	0.970653
RPS23	0.136162
RPS24	0.974263
RPS25	0.118809
RPS27A	0.967374
RPS27L	0.049369
RPS28	0.974858
RPS29	0.974663
RPS3	0.976841
RPS3A	0.949067
RPS4X	0.965033
RPS4Y1	0.966055
RPS4Y2	0.060555
RPS5	0.978445
RPS6	0.957997
RPS6KA1	0.034229
RPS6KA2	0.033567
RPS6KA3	0.034279
RPS6KA4	0.030440
RPS6KA5	0.062112
RPS6KA6	0.031863
RPS6KB1	0.071336
RPS6KB2	0.092722
RPS6KC1	0.086989
RPS6KL1	0.033979
RPS7	0.972205
RPS9	0.975520
RPSA	0.179836
RPTOR	0.097368
RPUSD1	0.033478
RPUSD2	0.033017
RPUSD3	0.028223
RPUSD4	0.027713
RRAD	0.025449
RRAGA	0.036573
RRAGB	0.062091
RRAGC	0.026509
RRAGD	0.036255
RRAS	0.029825
RRAS2	0.033839
RRBP1	0.099157
RREB1	0.025256
RRH	0.101722
RRM1	0.092806
RRM2	0.534300
RRM2B	0.085180
RRN3	0.028752
RRP1	0.062633
RRP12	0.038462
RRP15	0.024795
RRP1B	0.094269
RRP36	0.027944
RRP7A	0.106117
RRP8	0.113430
RRP9	0.049838
RRS1	0.026523
RS1	0.036876
RSAD1	0.035909
RSAD2	0.033307
RSBN1	0.044084
RSBN1L	0.070483
RSC1A1	0.029500
RSF1	0.424281
RSKR	0.027525
RSL1D1	0.114100
RSL24D1	0.086029
RSPH1	0.025264
RSPH10B	0.025953
RSPH14	0.025693
RSPH3	0.040702
RSPH4A	0.028954
RSPH6A	0.028549
RSPH9	0.033334
RSPO1	0.054154
RSPO2	0.050628
RSPO3	0.052784
RSPO4	0.044637
RSPRY1	0.031399
RSRC1	0.025404
RSRC2	0.024069
RSRP1	0.032726
RSU1	0.071651
RTBDN	0.048415
RTCA	0.024019
RTCB	0.040381
RTEL1	0.149903
RTF1	0.120040
RTF2	0.024484
RTKN	0.038056
RTKN2	0.031969
RTL10	0.029846
RTL3	0.028967
RTL4	0.026670
RTL5	0.028113
RTL6	0.026415
RTL8A	0.028279
RTL8B	0.027472
RTL8C	0.027266
RTL9	0.027131
RTN1	0.038709
RTN2	0.025551
RTN3	0.054008
RTN4	0.048939
RTN4IP1	0.044696
RTN4R	0.062735
RTN4RL1	0.054345
RTP1	0.032704
RTP2	0.032801
RTP3	0.032619
RTP4	0.040852
RTP5	0.026089
RTRAF	0.116002
RTTN	0.082504
RUBCNL	0.027332
RUFY1	0.092490
RUFY2	0.046848
RUFY3	0.047682
RUFY4	0.030834
RUNDC1	0.026534
RUNDC3A	0.025759
RUNDC3B	0.025165
RUNX1	0.052863
RUNX1T1	0.083946
RUNX2	0.064225
RUNX3	0.043733
RUSC1	0.026475
RUSC2	0.042953
RUSF1	0.087918
RUVBL1	0.215874
RUVBL2	0.155806
RWDD1	0.969713
RWDD2A	0.030178
RWDD2B	0.025430
RWDD3	0.024781
RWDD4	0.026367
RXFP1	0.064612
RXFP2	0.045838
RXFP3	0.070137
RXFP4	0.088239
RXRA	0.094026
RXRB	0.040813
RXYLT1	0.038041
RYBP	0.394922
RYK	0.071820
RYR1	0.092056
RYR2	0.086709
RYR3	0.092046
S100A1	0.033056
S100A10	0.028828
S100A11	0.037422
S100A12	0.030789
S100A13	0.026807
S100A14	0.025538
S100A16	0.028209
S100A2	0.036921
S100A3	0.028745
S100A4	0.035064
S100A5	0.027464
S100A6	0.039476
S100A7	0.028305
S100A7A	0.031320
S100A8	0.040016
S100A9	0.041441
S100B	0.049832
S100G	0.033043
S100P	0.036016
S100PBP	0.026782
S100Z	0.028928
S1PR1	0.074643
S1PR2	0.173980
S1PR3	0.065234
S1PR4	0.059331
S1PR5	0.088045
SAA2	0.043004
SAA4	0.027620
SAAL1	0.052185
SAC3D1	0.028072
SACM1L	0.042031
SACS	0.041167
SAE1	0.116973
SAFB	0.103292
SAFB2	0.038984
SAG	0.100585
SAGE1	0.027201
SALL1	0.041383
SALL2	0.029438
SALL3	0.048216
SALL4	0.033316
SAMD1	0.032020
SAMD10	0.027343
SAMD11	0.031076
SAMD12	0.028638
SAMD13	0.034854
SAMD14	0.027412
SAMD15	0.025189
SAMD3	0.028794
SAMD4A	0.031798
SAMD4B	0.027574
SAMD5	0.025030
SAMD7	0.025749
SAMD8	0.037889
SAMD9	0.028281
SAMD9L	0.026659
SAMHD1	0.036376
SAMM50	0.031469
SAMSN1	0.038335
SAMTOR	0.026689
SANBR	0.030024
SAP130	0.125373
SAP30	0.078286
SAP30BP	0.028678
SAP30L	0.026020
SAPCD1	0.027073
SAPCD2	0.027684
SAR1A	0.064047
SAR1B	0.145586
SARAF	0.095398
SARDH	0.025297
SARM1	0.038891
SARNP	0.100769
SARS1	0.039630
SARS2	0.024297
SART1	0.134173
SART3	0.118838
SASH1	0.029015
SASH3	0.028163
SASS6	0.026413
SAT1	0.030509
SAT2	0.032122
SATB1	0.088709
SATB2	0.096857
SATL1	0.040669
SAXO1	0.030158
SAXO2	0.025982
SAXO4	0.027447
SAXO5	0.025682
SAYSD1	0.030521
SBDS	0.094947
SBF1	0.025639
SBF2	0.028106
SBK1	0.031965
SBNO1	0.112857
SBNO2	0.037528
SBSN	0.048439
SBSPON	0.045982
SC5D	0.046356
SCAF1	0.108638
SCAF11	0.060531
SCAF4	0.124209
SCAF8	0.111966
SCAI	0.030446
SCAMP1	0.028158
SCAMP2	0.269184
SCAMP3	0.029736
SCAMP4	0.025736
SCAMP5	0.024826
SCAND1	0.028631
SCAND3	0.046504
SCAP	0.030536
SCAPER	0.094333
SCARA3	0.088343
SCARA5	0.040335
SCARB1	0.069864
SCARB2	0.069398
SCARF1	0.046043
SCARF2	0.046829
SCCPDH	0.034516
SCD	0.030657
SCD5	0.026857
SCEL	0.029113
SCFD1	0.089909
SCFD2	0.026919
SCG2	0.082636
SCG5	0.042747
SCGB1A1	0.038992
SCGB1C1	0.030610
SCGB1D1	0.039465
SCGB1D2	0.036047
SCGB1D4	0.038254
SCGB2A1	0.061868
SCGB2A2	0.049505
SCGB2B2	0.043909
SCGB3A1	0.027137
SCGB3A2	0.070063
SCGN	0.029488
SCHIP1	0.028749
SCIMP	0.050122
SCIN	0.027154
SCLT1	0.029828
SCLY	0.974522
SCMH1	0.100994
SCML1	0.063186
SCML2	0.071009
SCML4	0.035587
SCN10A	0.051494
SCN11A	0.126792
SCN1A	0.044832
SCN1B	0.062867
SCN2A	0.055969
SCN2B	0.044934
SCN3A	0.051588
SCN3B	0.047533
SCN4A	0.044665
SCN4B	0.042328
SCN5A	0.070923
SCN7A	0.079546
SCN8A	0.050007
SCN9A	0.054863
SCNM1	0.025173
SCNN1A	0.070947
SCNN1B	0.065496
SCNN1D	0.087852
SCNN1G	0.070076
SCO1	0.029626
SCO2	0.030895
SCOC	0.095805
SCP2D1	0.033258
SCPEP1	0.035531
SCRG1	0.033568
SCRIB	0.054427
SCRN1	0.037857
SCRN2	0.035304
SCRN3	0.024812
SCRT1	0.032529
SCRT2	0.038985
SCT	0.308322
SCTR	0.075984
SCUBE1	0.051255
SCUBE2	0.035355
SCUBE3	0.045421
SCX	0.043668
SCYL1	0.063444
SCYL2	0.092719
SCYL3	0.026463
SDAD1	0.030692
SDC1	0.305341
SDC2	0.095129
SDC3	0.049819
SDC4	0.059915
SDCBP	0.129691
SDCBP2	0.024723
SDCCAG8	0.026312
SDE2	0.028940
SDF2	0.045272
SDF4	0.029190
SDHA	0.078372
SDHAF1	0.032085
SDHAF2	0.026622
SDHAF3	0.041921
SDHAF4	0.025479
SDHB	0.099798
SDHC	0.026223
SDHD	0.053535
SDK1	0.049051
SDK2	0.050372
SDR16C5	0.094918
SDR39U1	0.037388
SDR42E1	0.033498
SDR9C7	0.031793
SDS	0.043154
SDSL	0.052783
SEBOX	0.028703
SEC11A	0.074554
SEC11C	0.088409
SEC13	0.089713
SEC14L1	0.034420
SEC14L2	0.028869
SEC14L3	0.030966
SEC14L4	0.030984
SEC16A	0.037519
SEC16B	0.043733
SEC22A	0.068066
SEC22B	0.103925
SEC22C	0.030623
SEC23A	0.077544
SEC23B	0.091489
SEC23IP	0.065889
SEC24A	0.085051
SEC24B	0.045586
SEC24C	0.085698
SEC24D	0.099045
SEC31A	0.089939
SEC31B	0.086615
SEC61A1	0.099745
SEC61A2	0.107256
SEC61B	0.114977
SEC61G	0.128719
SEC62	0.102154
SEC63	0.054877
SECISBP2	0.045462
SECISBP2L	0.031243
SECTM1	0.054268
SEH1L	0.132665
SEL1L	0.798292
SEL1L3	0.026275
SELE	0.033619
SELENBP1	0.026344
SELENOF	0.029651
SELENOH	0.028691
SELENOI	0.096995
SELENOK	0.027702
SELENOM	0.026794
SELENON	0.028456
SELENOO	0.026885
SELENOP	0.042994
SELENOS	0.104534
SELENOT	0.051371
SELENOV	0.030985
SELENOW	0.030480
SELL	0.056843
SELP	0.042764
SELPLG	0.060853
SEM1	0.044235
SEMA3A	0.071176
SEMA3B	0.064837
SEMA3C	0.051201
SEMA3D	0.070647
SEMA3E	0.068428
SEMA3F	0.063517
SEMA3G	0.976184
SEMA4A	0.039760
SEMA4B	0.062148
SEMA4C	0.051093
SEMA4D	0.053326
SEMA4F	0.052783
SEMA4G	0.061639
SEMA5A	0.043284
SEMA5B	0.052708
SEMA6A	0.054016
SEMA6B	0.056156
SEMA6C	0.060395
SEMA6D	0.050696
SEMA7A	0.074222
SEMG1	0.056636
SEMG2	0.032005
SENP1	0.104829
SENP2	0.085439
SENP3	0.083464
SENP5	0.105436
SENP6	0.084463
SENP7	0.039881
SENP8	0.103764
SEPHS1	0.029655
SEPHS2	0.025206
SEPSECS	0.026238
SEPTIN1	0.036619
SEPTIN10	0.026368
SEPTIN11	0.031375
SEPTIN12	0.030017
SEPTIN14	0.024943
SEPTIN2	0.036186
SEPTIN3	0.042830
SEPTIN4	0.028556
SEPTIN5	0.030772
SEPTIN6	0.026479
SEPTIN7	0.053744
SEPTIN9	0.068929
SERAC1	0.037087
SERBP1	0.036553
SERF1A	0.025905
SERF2	0.026869
SERGEF	0.274460
SERHL2	0.028718
SERINC1	0.028989
SERINC2	0.153700
SERINC3	0.026269
SERINC4	0.034736
SERINC5	0.028255
SERP1	0.026835
SERP2	0.029984
SERPINA1	0.300367
SERPINA10	0.057226
SERPINA11	0.039178
SERPINA12	0.036278
SERPINA3	0.077852
SERPINA4	0.113881
SERPINA5	0.050436
SERPINA6	0.056160
SERPINA7	0.041230
SERPINA9	0.048117
SERPINB1	0.026872
SERPINB10	0.029099
SERPINB11	0.029567
SERPINB12	0.028796
SERPINB13	0.037707
SERPINB2	0.030923
SERPINB3	0.029060
SERPINB4	0.027518
SERPINB5	0.030634
SERPINB6	0.028174
SERPINB7	0.027965
SERPINB8	0.029167
SERPINB9	0.029840
SERPINC1	0.034096
SERPIND1	0.047780
SERPINE1	0.040023
SERPINE2	0.030747
SERPINF1	0.040729
SERPINF2	0.089110
SERPING1	0.040410
SERPINH1	0.074300
SERPINI1	0.028968
SERPINI2	0.037190
SERTAD1	0.026027
SERTAD2	0.024000
SERTAD3	0.034509
SERTAD4	0.024560
SERTM1	0.028695
SESN1	0.036718
SESN2	0.032949
SESN3	0.031642
SESTD1	0.033787
SET	0.286111
SETBP1	0.060920
SETD1A	0.027593
SETD2	0.026698
SETD3	0.084943
SETD4	0.030277
SETD5	0.064127
SETD6	0.029043
SETD7	0.102042
SETD9	0.025798
SETDB1	0.039613
SETDB2	0.024805
SETMAR	0.076373
SETX	0.104300
SEZ6	0.109547
SEZ6L	0.042764
SEZ6L2	0.048757
SF1	0.024918
SF3A1	0.166366
SF3A2	0.966349
SF3A3	0.547201
SF3B1	0.978884
SF3B2	0.974352
SF3B3	0.973405
SF3B4	0.847915
SF3B5	0.082230
SF3B6	0.956038
SFI1	0.033594
SFMBT1	0.096449
SFMBT2	0.101828
SFN	0.043750
SFPQ	0.969745
SFR1	0.031174
SFRP1	0.056743
SFRP2	0.043138
SFRP4	0.040276
SFRP5	0.042471
SFSWAP	0.026111
SFT2D1	0.026153
SFT2D2	0.028457
SFT2D3	0.026688
SFTA2	0.030882
SFTPA1	0.049743
SFTPB	0.041309
SFTPC	0.040267
SFTPD	0.152644
SFXN1	0.025284
SFXN2	0.025572
SFXN3	0.049742
SFXN4	0.045934
SFXN5	0.029747
SGCA	0.050214
SGCB	0.042532
SGCD	0.050363
SGCE	0.385832
SGCG	0.042096
SGCZ	0.036638
SGF29	0.093245
SGIP1	0.037027
SGK1	0.035587
SGK2	0.038129
SGK3	0.040949
SGMS1	0.036524
SGMS2	0.026689
SGO1	0.973146
SGO2	0.029262
SGPL1	0.051173
SGPP1	0.030695
SGPP2	0.036064
SGSH	0.027937
SGSM1	0.027444
SGSM2	0.031041
SGSM3	0.029293
SGTA	0.091552
SGTB	0.097377
SH2B1	0.077017
SH2B2	0.044423
SH2B3	0.049786
SH2D1A	0.074309
SH2D1B	0.066711
SH2D2A	0.052016
SH2D3A	0.040246
SH2D3C	0.049432
SH2D4B	0.062625
SH2D6	0.040480
SH3BGR	0.027762
SH3BGRL	0.026408
SH3BGRL2	0.026508
SH3BGRL3	0.025270
SH3BP1	0.042955
SH3BP2	0.058302
SH3BP4	0.097510
SH3BP5	0.061975
SH3BP5L	0.026276
SH3D19	0.033503
SH3D21	0.025959
SH3GL1	0.113283
SH3GL2	0.232358
SH3GL3	0.106261
SH3GLB1	0.058872
SH3GLB2	0.044686
SH3KBP1	0.087879
SH3PXD2A	0.051228
SH3PXD2B	0.053824
SH3RF1	0.060011
SH3RF2	0.143420
SH3RF3	0.050423
SH3TC1	0.032431
SH3TC2	0.027427
SH3YL1	0.031933
SHANK1	0.037484
SHANK2	0.041956
SHANK3	0.034621
SHARPIN	0.045681
SHB	0.046806
SHBG	0.040047
SHC1	0.092226
SHC2	0.401865
SHC3	0.042606
SHC4	0.050277
SHCBP1	0.087758
SHCBP1L	0.024996
SHD	0.049459
SHE	0.042538
SHF	0.039044
SHFL	0.024637
SHH	0.043322
SHISA2	0.030897
SHISA3	0.036710
SHISA4	0.027525
SHISA5	0.027587
SHISA6	0.037764
SHISAL2A	0.024508
SHKBP1	0.033267
SHLD1	0.027110
SHLD2	0.064911
SHMT1	0.092759
SHMT2	0.071351
SHOC1	0.027128
SHOC2	0.045439
SHOX	0.044731
SHOX2	0.716192
SHPK	0.031489
SHPRH	0.054451
SHQ1	0.036581
SHROOM1	0.031940
SHROOM2	0.027793
SHROOM3	0.028884
SHROOM4	0.034884
SHTN1	0.026429
SI	0.047346
SIAE	0.026323
SIAH1	0.081691
SIAH2	0.928755
SIAH3	0.040396
SIDT1	0.084493
SIDT2	0.067959
SIGIRR	0.055415
SIGLEC1	0.037342
SIGLEC10	0.048422
SIGLEC11	0.062563
SIGLEC12	0.047955
SIGLEC15	0.048267
SIGLEC5	0.097753
SIGLEC6	0.049069
SIGLEC7	0.052272
SIGLEC8	0.047802
SIGLEC9	0.064029
SIGLECL1	0.034127
SIGMAR1	0.028711
SIK1	0.032049
SIK2	0.038597
SIK3	0.040443
SIKE1	0.035430
SIL1	0.047240
SIM1	0.038538
SIM2	0.041552
SIMC1	0.029556
SIN3A	0.094032
SIN3B	0.094141
SINHCAF	0.102660
SIPA1	0.037554
SIPA1L1	0.032141
SIPA1L2	0.027599
SIPA1L3	0.034122
SIRPA	0.048777
SIRPB1	0.053310
SIRPD	0.051529
SIRPG	0.051039
SIRT1	0.971694
SIRT2	0.097475
SIRT3	0.297579
SIRT4	0.029892
SIRT5	0.050345
SIRT6	0.039384
SIRT7	0.081673
SIT1	0.060419
SIVA1	0.093669
SIX1	0.041307
SIX2	0.034489
SIX3	0.041317
SIX4	0.031754
SIX5	0.049525
SIX6	0.037665
SKA1	0.311626
SKA2	0.131558
SKA3	0.803252
SKAP1	0.044003
SKAP2	0.033467
SKI	0.047361
SKIC2	0.059001
SKIC3	0.089866
SKIC8	0.100580
SKIDA1	0.033782
SKIL	0.043507
SKOR1	0.045171
SKOR2	0.047612
SKP1	0.099737
SKP2	0.107753
SLA	0.046838
SLA2	0.054496
SLAIN1	0.026810
SLAMF1	0.068902
SLAMF6	0.103382
SLAMF7	0.074566
SLAMF8	0.063769
SLAMF9	0.045864
SLBP	0.171245
SLC10A1	0.031867
SLC10A2	0.029285
SLC10A3	0.066223
SLC10A4	0.032054
SLC10A5	0.026666
SLC10A6	0.033052
SLC10A7	0.031668
SLC11A1	0.027283
SLC11A2	0.026170
SLC12A1	0.059955
SLC12A2	0.068309
SLC12A3	0.047527
SLC12A4	0.038894
SLC12A5	0.054319
SLC12A6	0.053203
SLC12A7	0.041199
SLC12A8	0.028041
SLC12A9	0.034838
SLC13A1	0.029536
SLC13A2	0.026989
SLC13A3	0.037096
SLC13A4	0.030686
SLC13A5	0.032750
SLC14A1	0.037200
SLC14A2	0.035910
SLC15A1	0.208734
SLC15A2	0.061729
SLC15A3	0.033392
SLC15A4	0.031639
SLC16A1	0.112093
SLC16A10	0.033720
SLC16A11	0.086097
SLC16A12	0.032263
SLC16A13	0.034120
SLC16A14	0.036903
SLC16A2	0.033403
SLC16A3	0.031614
SLC16A4	0.035524
SLC16A5	0.041202
SLC16A6	0.048688
SLC16A7	0.041723
SLC16A8	0.030854
SLC16A9	0.032972
SLC17A1	0.040397
SLC17A2	0.042933
SLC17A3	0.038278
SLC17A4	0.083998
SLC17A5	0.033460
SLC17A6	0.037160
SLC17A7	0.050280
SLC17A8	0.044827
SLC17A9	0.035448
SLC18A1	0.028509
SLC18A2	0.027560
SLC18A3	0.028849
SLC18B1	0.035054
SLC19A1	0.029505
SLC19A2	0.030942
SLC19A3	0.044792
SLC1A1	0.030434
SLC1A2	0.026772
SLC1A3	0.033818
SLC1A4	0.027045
SLC1A5	0.027681
SLC1A6	0.028171
SLC1A7	0.028567
SLC20A1	0.027991
SLC20A2	0.026853
SLC22A1	0.059884
SLC22A10	0.062823
SLC22A11	0.041609
SLC22A12	0.644635
SLC22A13	0.061707
SLC22A14	0.089515
SLC22A15	0.075942
SLC22A16	0.075155
SLC22A17	0.061613
SLC22A2	0.042673
SLC22A23	0.136440
SLC22A24	0.068704
SLC22A25	0.053693
SLC22A3	0.046808
SLC22A4	0.089156
SLC22A5	0.973403
SLC22A6	0.059801
SLC22A7	0.066519
SLC22A8	0.084046
SLC22A9	0.060001
SLC23A1	0.029841
SLC23A2	0.044776
SLC23A3	0.030720
SLC24A1	0.049918
SLC24A2	0.028294
SLC24A3	0.031684
SLC24A4	0.026419
SLC24A5	0.029816
SLC25A1	0.041646
SLC25A10	0.033987
SLC25A11	0.026104
SLC25A12	0.044858
SLC25A13	0.036680
SLC25A14	0.046227
SLC25A15	0.029678
SLC25A16	0.037793
SLC25A17	0.032300
SLC25A18	0.038888
SLC25A19	0.048339
SLC25A2	0.045118
SLC25A20	0.036167
SLC25A21	0.029803
SLC25A22	0.039465
SLC25A23	0.048435
SLC25A24	0.044268
SLC25A25	0.035501
SLC25A26	0.028604
SLC25A27	0.030425
SLC25A28	0.030339
SLC25A29	0.159040
SLC25A3	0.028053
SLC25A30	0.038248
SLC25A31	0.027915
SLC25A32	0.051765
SLC25A33	0.043751
SLC25A34	0.037716
SLC25A35	0.027790
SLC25A36	0.040572
SLC25A37	0.031348
SLC25A38	0.029014
SLC25A39	0.030428
SLC25A4	0.026985
SLC25A40	0.027295
SLC25A41	0.039571
SLC25A42	0.046995
SLC25A43	0.126873
SLC25A44	0.039679
SLC25A45	0.037519
SLC25A46	0.028235
SLC25A47	0.027481
SLC25A48	0.032748
SLC25A5	0.028888
SLC25A51	0.031724
SLC25A52	0.032485
SLC25A53	0.053037
SLC25A6	0.029277
SLC26A11	0.033083
SLC26A2	0.054177
SLC26A3	0.079591
SLC26A4	0.058836
SLC26A5	0.071094
SLC26A6	0.086171
SLC26A7	0.028273
SLC26A8	0.040427
SLC26A9	0.050573
SLC27A1	0.056855
SLC27A2	0.067192
SLC27A3	0.068850
SLC27A4	0.059106
SLC27A5	0.038480
SLC27A6	0.040036
SLC28A2	0.027474
SLC28A3	0.038784
SLC29A1	0.030754
SLC29A2	0.043298
SLC29A3	0.028999
SLC29A4	0.030167
SLC2A1	0.122898
SLC2A10	0.070733
SLC2A11	0.044683
SLC2A12	0.030563
SLC2A13	0.035416
SLC2A14	0.039158
SLC2A2	0.064908
SLC2A3	0.029115
SLC2A4	0.086775
SLC2A4RG	0.027637
SLC2A5	0.073331
SLC2A6	0.050709
SLC2A7	0.038083
SLC2A8	0.057311
SLC2A9	0.051145
SLC30A1	0.046462
SLC30A10	0.029530
SLC30A2	0.028432
SLC30A3	0.039891
SLC30A4	0.033344
SLC30A5	0.036713
SLC30A6	0.056608
SLC30A7	0.031621
SLC30A8	0.028766
SLC30A9	0.026872
SLC31A1	0.028378
SLC31A2	0.028765
SLC32A1	0.028466
SLC33A1	0.029855
SLC33A2	0.032355
SLC34A1	0.121364
SLC34A2	0.033476
SLC34A3	0.029327
SLC35A1	0.025468
SLC35A2	0.027104
SLC35A3	0.026541
SLC35A4	0.026542
SLC35A5	0.040695
SLC35B1	0.037012
SLC35B2	0.026061
SLC35B3	0.028500
SLC35B4	0.025016
SLC35C1	0.024849
SLC35D1	0.028025
SLC35D2	0.025409
SLC35D3	0.025586
SLC35D4	0.025877
SLC35E1	0.025246
SLC35E3	0.025592
SLC35E4	0.028567
SLC35F1	0.034239
SLC35F2	0.028871
SLC35F3	0.025483
SLC35F4	0.025305
SLC35F5	0.028841
SLC35F6	0.025956
SLC35G1	0.036383
SLC35G2	0.029005
SLC35G3	0.035814
SLC35G5	0.116001
SLC35H1	0.103287
SLC36A1	0.025787
SLC36A2	0.028031
SLC36A3	0.031623
SLC36A4	0.030615
SLC37A1	0.031075
SLC37A2	0.029905
SLC37A3	0.091433
SLC37A4	0.044974
SLC38A1	0.026149
SLC38A10	0.047205
SLC38A11	0.027271
SLC38A12	0.066405
SLC38A2	0.045061
SLC38A3	0.059792
SLC38A4	0.063344
SLC38A5	0.028101
SLC38A6	0.026933
SLC38A7	0.026607
SLC38A8	0.027870
SLC38A9	0.031275
SLC39A1	0.106897
SLC39A10	0.035096
SLC39A11	0.032649
SLC39A12	0.039305
SLC39A13	0.029562
SLC39A14	0.029868
SLC39A2	0.135860
SLC39A3	0.053203
SLC39A4	0.030333
SLC39A5	0.026627
SLC39A6	0.029616
SLC39A7	0.036695
SLC39A8	0.028270
SLC39A9	0.027081
SLC3A1	0.034235
SLC3A2	0.054561
SLC40A1	0.075157
SLC41A1	0.026741
SLC41A2	0.027413
SLC41A3	0.026145
SLC43A1	0.061950
SLC43A2	0.075190
SLC43A3	0.024276
SLC44A1	0.033266
SLC44A2	0.040160
SLC44A3	0.032639
SLC44A4	0.030611
SLC44A5	0.054932
SLC45A1	0.028203
SLC45A2	0.030312
SLC45A3	0.035184
SLC45A4	0.027594
SLC46A1	0.156858
SLC46A2	0.037421
SLC46A3	0.028303
SLC47A1	0.028453
SLC47A2	0.032685
SLC48A1	0.026437
SLC49A3	0.033133
SLC49A4	0.031010
SLC4A1	0.054756
SLC4A10	0.053452
SLC4A11	0.028513
SLC4A1AP	0.058162
SLC4A2	0.067840
SLC4A3	0.063076
SLC4A4	0.067254
SLC4A5	0.052762
SLC4A7	0.046951
SLC4A8	0.046652
SLC4A9	0.036012
SLC50A1	0.027700
SLC51A	0.036303
SLC51B	0.026497
SLC52A1	0.033247
SLC52A2	0.033730
SLC52A3	0.028239
SLC5A1	0.028104
SLC5A10	0.027090
SLC5A11	0.031140
SLC5A12	0.030644
SLC5A2	0.037571
SLC5A3	0.027484
SLC5A4	0.026312
SLC5A5	0.038985
SLC5A6	0.028681
SLC5A7	0.027861
SLC5A8	0.029695
SLC5A9	0.028227
SLC60A1	0.038770
SLC60A2	0.030467
SLC61A1	0.029123
SLC66A1	0.041970
SLC66A2	0.030568
SLC66A3	0.026839
SLC67A1	0.702613
SLC67A2	0.027822
SLC68A1	0.030445
SLC6A1	0.042880
SLC6A11	0.029444
SLC6A12	0.035259
SLC6A13	0.069552
SLC6A14	0.051259
SLC6A15	0.050678
SLC6A16	0.041251
SLC6A17	0.036567
SLC6A18	0.039282
SLC6A19	0.042263
SLC6A2	0.046216
SLC6A20	0.063461
SLC6A3	0.042725
SLC6A4	0.072048
SLC6A5	0.048339
SLC6A6	0.049984
SLC6A7	0.035230
SLC6A8	0.042429
SLC6A9	0.055795
SLC71A1	0.041687
SLC71A2	0.028924
SLC75A1	0.030939
SLC7A1	0.028397
SLC7A10	0.032208
SLC7A11	0.049045
SLC7A13	0.028360
SLC7A14	0.027604
SLC7A2	0.029362
SLC7A3	0.029284
SLC7A4	0.038646
SLC7A5	0.182470
SLC7A6	0.033477
SLC7A6OS	0.026324
SLC7A7	0.025518
SLC7A8	0.047417
SLC7A9	0.100709
SLC8A1	0.027032
SLC8A2	0.026370
SLC8A3	0.025578
SLC8B1	0.027037
SLC9A1	0.039081
SLC9A2	0.041725
SLC9A3	0.044674
SLC9A4	0.045722
SLC9A5	0.070844
SLC9A6	0.032679
SLC9A7	0.034799
SLC9A8	0.031419
SLC9A9	0.027936
SLC9B1	0.028237
SLC9B2	0.026634
SLC9C1	0.027807
SLC9C2	0.029177
SLC9D1	0.046605
SLCO1A2	0.066113
SLCO1B1	0.048334
SLCO1B3	0.077593
SLCO1C1	0.068155
SLCO2A1	0.051520
SLCO2B1	0.046336
SLCO3A1	0.059403
SLCO4A1	0.086718
SLCO4C1	0.052324
SLCO5A1	0.041609
SLCO6A1	0.038738
SLF1	0.070440
SLF2	0.140045
SLFN11	0.028222
SLFN12	0.024873
SLFN13	0.027496
SLFN5	0.027530
SLFNL1	0.024874
SLIRP	0.119631
SLIT1	0.139828
SLIT2	0.052695
SLIT3	0.053003
SLITRK1	0.050123
SLITRK2	0.041147
SLITRK3	0.044967
SLITRK4	0.045875
SLITRK5	0.042207
SLITRK6	0.063667
SLK	0.074754
SLMAP	0.108630
SLN	0.032232
SLPI	0.041522
SLTM	0.109141
SLU7	0.478381
SLURP1	0.070952
SLX1A	0.060349
SLX1B	0.066390
SLX4	0.042677
SLX4IP	0.024632
SLX9	0.032111
SMAD1	0.102430
SMAD2	0.099548
SMAD3	0.973258
SMAD4	0.090350
SMAD5	0.091819
SMAD6	0.068253
SMAD7	0.069146
SMAD9	0.031784
SMAGP	0.033007
SMAP1	0.030763
SMAP2	0.049823
SMARCA1	0.133793
SMARCA2	0.055468
SMARCA4	0.058220
SMARCA5	0.106110
SMARCAD1	0.094771
SMARCAL1	0.098449
SMARCB1	0.132428
SMARCC1	0.140287
SMARCC2	0.100753
SMARCD1	0.089934
SMARCD2	0.100783
SMARCD3	0.090824
SMARCE1	0.101807
SMC1A	0.114415
SMC1B	0.094340
SMC2	0.137158
SMC3	0.112553
SMC4	0.966085
SMC5	0.111041
SMC6	0.101371
SMCO1	0.025420
SMCO3	0.028019
SMCO4	0.034327
SMCP	0.083801
SMCR8	0.038420
SMDT1	0.087990
SMG1	0.127043
SMG5	0.066638
SMG6	0.081717
SMG7	0.055037
SMG8	0.300812
SMG9	0.028669
SMIM11	0.025072
SMIM12	0.030613
SMIM13	0.029976
SMIM14	0.025151
SMIM15	0.027350
SMIM19	0.025952
SMIM21	0.032228
SMIM29	0.151302
SMIM3	0.030066
SMIM43	0.027977
SMIM7	0.025695
SMIM8	0.029809
SMN1	0.026835
SMN2	0.025403
SMNDC1	0.028598
SMO	0.101562
SMOC1	0.060390
SMOC2	0.042359
SMOX	0.028351
SMPD1	0.084684
SMPD2	0.035654
SMPD3	0.042257
SMPD4	0.221571
SMPDL3A	0.036934
SMPDL3B	0.049880
SMPX	0.027399
SMR3B	0.035598
SMS	0.025785
SMTN	0.029778
SMTNL2	0.031302
SMU1	0.022786
SMUG1	0.031749
SMURF1	0.057845
SMURF2	0.075475
SMYD1	0.025941
SMYD2	0.024716
SMYD3	0.115668
SMYD4	0.030330
SMYD5	0.024557
SNAI1	0.081697
SNAI2	0.038254
SNAI3	0.028949
SNAP23	0.030269
SNAP25	0.028620
SNAP29	0.103184
SNAP47	0.026497
SNAP91	0.101902
SNAPC1	0.037218
SNAPC2	0.092638
SNAPC3	0.046368
SNAPC4	0.079314
SNAPC5	0.029230
SNAPIN	0.071082
SNCA	0.083067
SNCAIP	0.026775
SNCB	0.025220
SNCG	0.026744
SND1	0.098213
SNED1	0.034924
SNF8	0.092677
SNIP1	0.039192
SNN	0.035598
SNPH	0.230255
SNRK	0.028069
SNRNP200	0.979678
SNRNP25	0.025899
SNRNP27	0.025602
SNRNP35	0.105607
SNRNP40	0.037958
SNRNP48	0.036094
SNRNP70	0.035866
SNRPA	0.715911
SNRPA1	0.942480
SNRPB	0.191458
SNRPB2	0.040343
SNRPC	0.050666
SNRPD1	0.530437
SNRPD2	0.976921
SNRPD3	0.973190
SNRPE	0.127487
SNRPF	0.821017
SNRPG	0.116891
SNRPN	0.038508
SNTA1	0.046273
SNTB1	0.046863
SNTB2	0.058697
SNTG1	0.044626
SNTG2	0.105560
SNTN	0.028380
SNU13	0.974789
SNUPN	0.025652
SNURF	0.029578
SNW1	0.094849
SNX1	0.095120
SNX10	0.037565
SNX11	0.047676
SNX12	0.093059
SNX13	0.065200
SNX14	0.029250
SNX15	0.027091
SNX16	0.029862
SNX17	0.036917
SNX18	0.296357
SNX19	0.026513
SNX2	0.094148
SNX20	0.043754
SNX21	0.026464
SNX22	0.031629
SNX24	0.045107
SNX25	0.071278
SNX27	0.030406
SNX29	0.084033
SNX3	0.027865
SNX31	0.025377
SNX32	0.094202
SNX33	0.090729
SNX4	0.051937
SNX5	0.102793
SNX6	0.173227
SNX7	0.100215
SNX8	0.054841
SNX9	0.041059
SOAT1	0.748495
SOAT2	0.977714
SOBP	0.074825
SOCS1	0.064055
SOCS2	0.725715
SOCS3	0.065160
SOCS4	0.039703
SOCS5	0.040389
SOCS6	0.098248
SOCS7	0.065440
SOD1	0.046402
SOD2	0.091353
SOHLH1	0.028358
SOHLH2	0.025048
SON	0.103816
SORBS1	0.066265
SORBS2	0.065498
SORBS3	0.081736
SORCS1	0.044557
SORCS2	0.051628
SORCS3	0.043533
SORD	0.028046
SORL1	0.051885
SORT1	0.033407
SOS1	0.074145
SOS2	0.064317
SOST	0.042191
SOSTDC1	0.044519
SOWAHA	0.028461
SOWAHB	0.025391
SOWAHC	0.027128
SOX10	0.051428
SOX11	0.029929
SOX12	0.026387
SOX13	0.041620
SOX14	0.037668
SOX15	0.033823
SOX17	0.041813
SOX18	0.035261
SOX2	0.084935
SOX21	0.036422
SOX3	0.033581
SOX30	0.029686
SOX4	0.055817
SOX5	0.042900
SOX6	0.052182
SOX7	0.033552
SOX8	0.044360
SOX9	0.065564
SP1	0.964611
SP100	0.030004
SP110	0.026158
SP140	0.024688
SP140L	0.029010
SP2	0.095132
SP3	0.082832
SP4	0.104405
SP5	0.026511
SP6	0.031920
SP7	0.055088
SP8	0.029376
SPA17	0.026174
SPACA1	0.037405
SPACA3	0.029267
SPACA4	0.030148
SPACA5	0.034884
SPACA5B	0.035625
SPACA7	0.031387
SPACA9	0.026107
SPACDR	0.044965
SPAG1	0.061256
SPAG11A	0.481007
SPAG16	0.113926
SPAG17	0.027672
SPAG4	0.040980
SPAG5	0.044173
SPAG6	0.097907
SPAG7	0.031533
SPAG8	0.032421
SPAG9	0.087980
SPAM1	0.046572
SPANXA1	0.028405
SPANXA2	0.038769
SPANXB1	0.025704
SPANXC	0.036599
SPANXN1	0.026210
SPANXN2	0.028103
SPANXN3	0.029111
SPANXN4	0.026369
SPANXN5	0.027070
SPARC	0.077902
SPARCL1	0.073784
SPART	0.072498
SPAST	0.029905
SPATA1	0.028522
SPATA12	0.025713
SPATA13	0.027564
SPATA16	0.024504
SPATA17	0.027577
SPATA18	0.027674
SPATA19	0.024912
SPATA2	0.021882
SPATA20	0.028274
SPATA21	0.024988
SPATA22	0.032482
SPATA25	0.026279
SPATA2L	0.030158
SPATA31A1	0.033812
SPATA31A3	0.029556
SPATA31A7	0.028804
SPATA31D1	0.029530
SPATA31E1	0.029654
SPATA31G1	0.026791
SPATA31H1	0.033826
SPATA32	0.028395
SPATA33	0.029851
SPATA4	0.025817
SPATA45	0.025213
SPATA46	0.025982
SPATA6	0.029135
SPATA6L	0.030397
SPATA7	0.029031
SPATA9	0.026593
SPATC1	0.025555
SPATC1L	0.024911
SPATS1	0.025381
SPATS2	0.031066
SPATS2L	0.029266
SPC24	0.057493
SPC25	0.923988
SPCS1	0.120503
SPCS2	0.109167
SPCS3	0.117478
SPDEF	0.041823
SPDL1	0.113738
SPDYA	0.065971
SPDYC	0.029477
SPDYE2	0.026882
SPDYE3	0.025673
SPECC1	0.027373
SPECC1L	0.035315
SPEF1	0.029588
SPEF2	0.033743
SPEG	0.030833
SPEM1	0.024378
SPEM2	0.035374
SPEN	0.077605
SPESP1	0.033089
SPG11	0.024425
SPG21	0.029886
SPG7	0.096852
SPHK1	0.035071
SPHK2	0.060699
SPHKAP	0.033714
SPI1	0.047227
SPIB	0.034335
SPIC	0.032429
SPICE1	0.026795
SPIDR	0.031810
SPIN1	0.030526
SPIN2A	0.024372
SPIN2B	0.024522
SPIN3	0.564592
SPIN4	0.024323
SPINDOC	0.039619
SPINK1	0.035441
SPINK13	0.052367
SPINK14	0.039992
SPINK2	0.057040
SPINK4	0.050599
SPINK5	0.054320
SPINK6	0.034979
SPINK7	0.045574
SPINK8	0.074404
SPINK9	0.036165
SPINT1	0.052092
SPINT2	0.048069
SPINT3	0.036685
SPINT4	0.042758
SPIRE1	0.026603
SPIRE2	0.085002
SPMAP1	0.024655
SPMAP2	0.026909
SPMIP10	0.025325
SPMIP2	0.025676
SPMIP3	0.078418
SPMIP4	0.036221
SPMIP5	0.032737
SPMIP6	0.028161
SPMIP8	0.051919
SPMIP9	0.030342
SPN	0.049453
SPNS1	0.029335
SPNS2	0.025597
SPNS3	0.036022
SPO11	0.026087
SPOCD1	0.029294
SPOCK1	0.059211
SPOCK3	0.044712
SPON1	0.040217
SPON2	0.036160
SPOP	0.113554
SPOPL	0.039766
SPOUT1	0.033915
SPP1	0.042318
SPP2	0.027611
SPPL2A	0.027807
SPPL2B	0.025481
SPPL2C	0.027330
SPPL3	0.028005
SPR	0.029746
SPRED1	0.036075
SPRED2	0.033593
SPRED3	0.040486
SPRING1	0.040982
SPRN	0.057825
SPRR1A	0.037073
SPRR1B	0.040626
SPRR2B	0.025832
SPRR2E	0.027432
SPRR2G	0.058549
SPRR3	0.030689
SPRR4	0.043657
SPRTN	0.044288
SPRY1	0.038187
SPRY2	0.041780
SPRY3	0.041617
SPRY4	0.038998
SPRYD3	0.024708
SPRYD4	0.027534
SPRYD7	0.028532
SPSB1	0.035659
SPSB2	0.028211
SPSB3	0.036806
SPSB4	0.036923
SPTA1	0.039139
SPTAN1	0.093107
SPTB	0.039980
SPTBN1	0.465599
SPTBN2	0.034408
SPTBN4	0.024846
SPTBN5	0.026673
SPTLC1	0.040254
SPTLC2	0.041649
SPTLC3	0.029056
SPTSSA	0.035074
SPTSSB	0.025883
SPTY2D1	0.024936
SPX	0.082539
SPZ1	0.024098
SQLE	0.094132
SQOR	0.185942
SQSTM1	0.089175
SRA1	0.026099
SRARP	0.027543
SRBD1	0.034752
SRC	0.085322
SRCAP	0.110854
SRCIN1	0.031786
SRD5A1	0.030814
SRD5A2	0.025389
SRD5A3	0.030573
SREBF1	0.296818
SREBF2	0.087984
SREK1	0.092479
SREK1IP1	0.024318
SRF	0.071069
SRFBP1	0.030931
SRGAP1	0.067245
SRGAP2	0.035821
SRGAP3	0.052021
SRGN	0.073210
SRI	0.092942
SRM	0.073180
SRMS	0.068871
SRP14	0.102963
SRP19	0.047711
SRP54	0.139181
SRP68	0.980565
SRP72	0.151520
SRPK1	0.048947
SRPK2	0.102708
SRPK3	0.112797
SRPRA	0.075633
SRPRB	0.193709
SRPX	0.031215
SRPX2	0.060119
SRR	0.027837
SRRD	0.026427
SRRM1	0.029556
SRRM2	0.044305
SRRM3	0.025111
SRRM4	0.024475
SRRT	0.061637
SRSF1	0.064426
SRSF10	0.128431
SRSF11	0.051393
SRSF12	0.030601
SRSF2	0.311483
SRSF3	0.970236
SRSF4	0.049102
SRSF5	0.115479
SRSF6	0.106978
SRSF7	0.166255
SRSF8	0.037371
SRSF9	0.041047
SRXN1	0.025164
SRY	0.032376
SS18	0.057177
SS18L1	0.036118
SS18L2	0.067306
SSB	0.027041
SSBP2	0.051122
SSBP3	0.033464
SSBP4	0.040663
SSC4D	0.032812
SSH1	0.029168
SSH2	0.028669
SSH3	0.028063
SSMEM1	0.024956
SSNA1	0.030548
SSPN	0.040204
SSR1	0.116336
SSR2	0.098881
SSR3	0.092491
SSR4	0.046373
SSRP1	0.095894
SST	0.072345
SSTR1	0.077561
SSTR2	0.128847
SSTR3	0.089649
SSTR4	0.097385
SSTR5	0.645435
SSU72	0.040121
SSUH2	0.026479
SSX1	0.025851
SSX2IP	0.030659
SSX4	0.029682
SSX4B	0.030073
SSX5	0.028700
ST13	0.066703
ST14	0.039298
ST18	0.057700
ST3GAL1	0.043599
ST3GAL2	0.042713
ST3GAL3	0.040531
ST3GAL4	0.034588
ST3GAL5	0.048324
ST3GAL6	0.030529
ST6GAL1	0.063840
ST6GAL2	0.052170
ST6GALNAC1	0.051899
ST6GALNAC2	0.037145
ST6GALNAC3	0.029617
ST6GALNAC4	0.034916
ST6GALNAC5	0.041922
ST6GALNAC6	0.040384
ST7	0.039698
ST7L	0.027779
ST8SIA1	0.029292
ST8SIA2	0.103376
ST8SIA3	0.030798
ST8SIA4	0.051034
ST8SIA5	0.036238
ST8SIA6	0.033558
STAB1	0.031439
STAB2	0.034595
STAC	0.032334
STAC2	0.032420
STAC3	0.029804
STAG1	0.093564
STAG2	0.087639
STAG3	0.113680
STAM	0.030279
STAM2	0.031611
STAMBP	0.057675
STAMBPL1	0.064801
STAP1	0.039170
STAP2	0.043645
STAR	0.044766
STARD10	0.025895
STARD13	0.029232
STARD3	0.078336
STARD3NL	0.043317
STARD4	0.027111
STARD5	0.025891
STARD6	0.025757
STARD7	0.027946
STARD8	0.028208
STAT1	0.053168
STAT2	0.058475
STAT3	0.067166
STAT4	0.083652
STAT5A	0.059147
STAT5B	0.057154
STAT6	0.055864
STATH	0.052149
STAU1	0.118401
STAU2	0.091866
STBD1	0.043042
STC1	0.034570
STC2	0.048190
STEAP1	0.025843
STEAP2	0.026181
STEAP3	0.046768
STEAP4	0.027271
STEEP1	0.031229
STH	0.029577
STIL	0.026693
STIM1	0.054752
STIM2	0.091276
STIMATE	0.026497
STING1	0.033039
STIP1	0.047621
STK10	0.079583
STK11	0.133999
STK11IP	0.322798
STK16	0.071933
STK17A	0.024678
STK17B	0.026884
STK24	0.107484
STK25	0.084411
STK26	0.032744
STK3	0.208138
STK31	0.067294
STK32A	0.027093
STK32B	0.027305
STK32C	0.030343
STK33	0.026661
STK35	0.033297
STK36	0.026237
STK38	0.039463
STK38L	0.037649
STK39	0.039431
STK4	0.086559
STK40	0.038763
STKLD1	0.024544
STMN1	0.085810
STMN2	0.026445
STMN3	0.040528
STMN4	0.027126
STN1	0.026133
STOM	0.046217
STOML1	0.030028
STOML2	0.026188
STOML3	0.029543
STON1	0.029544
STON2	0.033340
STOX1	0.029733
STOX2	0.027498
STPG1	0.024261
STPG2	0.024278
STPG3	0.024842
STPG4	0.025539
STRA6	0.037751
STRA8	0.033085
STRADA	0.061733
STRADB	0.092383
STRAP	0.114765
STRBP	0.088264
STRC	0.042932
STRIP1	0.092634
STRIP2	0.071768
STRN	0.047352
STRN3	0.047391
STRN4	0.036154
STS	0.045042
STT3A	0.025919
STT3B	0.042193
STUB1	0.098149
STUM	0.028862
STX10	0.045670
STX11	0.027345
STX12	0.042062
STX16	0.028203
STX17	0.028958
STX18	0.102054
STX19	0.026976
STX1A	0.091001
STX1B	0.086522
STX2	0.039177
STX3	0.038362
STX4	0.039084
STX5	0.037150
STX6	0.085647
STX7	0.033261
STX8	0.095460
STXBP1	0.026324
STXBP2	0.025929
STXBP3	0.026212
STXBP4	0.035361
STXBP5	0.077694
STXBP6	0.025796
STYK1	0.045576
STYX	0.025622
STYXL1	0.026175
STYXL2	0.037595
SUB1	0.090808
SUCLA2	0.123265
SUCLG1	0.028312
SUCLG2	0.026008
SUCNR1	0.045288
SUCO	0.050145
SUDS3	0.106284
SUFU	0.093396
SUGCT	0.028579
SUGP1	0.026803
SUGP2	0.035660
SUGT1	0.035973
SULF1	0.055189
SULF2	0.067013
SULT1A3	0.031503
SULT1A4	0.033067
SULT1B1	0.027848
SULT1C2	0.027286
SULT1C3	0.028976
SULT1C4	0.037184
SULT1E1	0.029488
SULT2A1	0.034883
SULT2B1	0.029084
SULT4A1	0.027859
SULT6B1	0.029186
SUMF1	0.038364
SUMF2	0.040888
SUMO1	0.076745
SUMO2	0.121102
SUMO3	0.111299
SUMO4	0.048402
SUN1	0.071403
SUN2	0.087183
SUN3	0.097326
SUN5	0.026918
SUOX	0.026761
SUPT16H	0.102202
SUPT20H	0.084084
SUPT20HL1	0.102789
SUPT3H	0.038981
SUPT4H1	0.024725
SUPT5H	0.124343
SUPT6H	0.157523
SUPT7L	0.025415
SUPV3L1	0.036905
SURF1	0.025859
SURF2	0.030205
SURF4	0.028470
SURF6	0.027961
SUSD1	0.031498
SUSD2	0.035636
SUSD3	0.028914
SUSD4	0.033598
SUSD6	0.031042
SUV39H1	0.067885
SUV39H2	0.027011
SUZ12	0.092203
SV2A	0.060377
SV2B	0.067609
SV2C	0.049749
SVBP	0.028447
SVEP1	0.046691
SVIL	0.028893
SVOP	0.039090
SVOPL	0.032917
SWAP70	0.025916
SWSAP1	0.025914
SWT1	0.040058
SYAP1	0.025758
SYBU	0.027350
SYCE1	0.129538
SYCE1L	0.031360
SYCN	0.030317
SYCP1	0.032299
SYCP2	0.039372
SYCP2L	0.059388
SYCP3	0.076173
SYDE1	0.030727
SYF2	0.042629
SYK	0.072489
SYMPK	0.099576
SYN1	0.031895
SYN3	0.033832
SYNC	0.029004
SYNCRIP	0.107556
SYNDIG1	0.025877
SYNE1	0.042502
SYNE2	0.036010
SYNE3	0.028354
SYNE4	0.030720
SYNGAP1	0.035913
SYNGR1	0.029205
SYNGR2	0.040057
SYNGR3	0.030336
SYNGR4	0.032187
SYNJ1	0.070272
SYNJ2	0.034288
SYNJ2BP	0.026528
SYNM	0.030564
SYNPO	0.027505
SYNPO2	0.036544
SYNPO2L	0.038091
SYNPR	0.027425
SYNRG	0.055354
SYP	0.090633
SYPL1	0.030113
SYPL2	0.032191
SYS1	0.093695
SYT1	0.095159
SYT10	0.038961
SYT11	0.025141
SYT12	0.059450
SYT13	0.025363
SYT14	0.029371
SYT15	0.045960
SYT16	0.028584
SYT17	0.027232
SYT2	0.026440
SYT3	0.049259
SYT4	0.027859
SYT5	0.030035
SYT6	0.065174
SYT7	0.026817
SYT8	0.026310
SYT9	0.029860
SYTL1	0.026275
SYTL2	0.045622
SYTL3	0.027625
SYTL4	0.027737
SYTL5	0.043058
SYVN1	0.056157
SZRD1	0.032585
SZT2	0.142713
TAAR1	0.084889
TAAR2	0.095680
TAAR5	0.099490
TAAR6	0.107524
TAAR8	0.085205
TAAR9	0.840923
TAB1	0.067889
TAB2	0.104901
TAB3	0.038230
TAC1	0.077023
TAC3	0.071426
TAC4	0.078237
TACC1	0.041405
TACC2	0.055818
TACC3	0.056262
TACO1	0.023940
TACR1	0.088907
TACR2	0.102047
TACR3	0.083220
TACSTD2	0.039016
TADA1	0.023823
TADA2A	0.095390
TADA3	0.092964
TAF1	0.062306
TAF10	0.099288
TAF11	0.173316
TAF12	0.025501
TAF13	0.025322
TAF15	0.108163
TAF1A	0.026119
TAF1B	0.036697
TAF1C	0.033132
TAF1D	0.042972
TAF1L	0.041306
TAF2	0.101573
TAF4	0.064261
TAF4B	0.057099
TAF5	0.024388
TAF5L	0.059954
TAF6	0.026140
TAF6L	0.109253
TAF7	0.044606
TAF7L	0.035525
TAF8	0.025478
TAF9B	0.031895
TAFA1	0.054950
TAFA2	0.075564
TAFA3	0.071440
TAFA4	0.080111
TAFA5	0.056312
TAFAZZIN	0.030247
TAGAP	0.025743
TAGLN	0.026019
TAGLN2	0.024872
TAGLN3	0.026133
TAL1	0.119985
TAL2	0.047804
TALDO1	0.027858
TAMALIN	0.043392
TAMM41	0.028893
TANC1	0.027059
TANGO2	0.032599
TANK	0.039397
TAOK1	0.059965
TAOK2	0.043765
TAOK3	0.059703
TAP1	0.046185
TAP2	0.057089
TAPBP	0.092343
TAPBPL	0.051703
TAPT1	0.027262
TARBP1	0.070962
TARBP2	0.028934
TARDBP	0.100173
TARP	0.037704
TARS1	0.031812
TARS2	0.024322
TARS3	0.027627
TAS1R1	0.069051
TAS1R2	0.050102
TAS1R3	0.055936
TAS2R1	0.045115
TAS2R10	0.035773
TAS2R13	0.039219
TAS2R14	0.041154
TAS2R16	0.036912
TAS2R19	0.042519
TAS2R20	0.034078
TAS2R3	0.034555
TAS2R38	0.039292
TAS2R39	0.033398
TAS2R4	0.031245
TAS2R40	0.032905
TAS2R41	0.034977
TAS2R42	0.034740
TAS2R43	0.039775
TAS2R45	0.035328
TAS2R46	0.033888
TAS2R5	0.033275
TAS2R50	0.049515
TAS2R60	0.035460
TAS2R7	0.035143
TAS2R8	0.030794
TAS2R9	0.043277
TASL	0.025577
TASOR	0.035801
TASP1	0.032553
TAT	0.029311
TATDN1	0.094476
TATDN2	0.030831
TATDN3	0.026028
TAX1BP1	0.238828
TAX1BP3	0.058024
TBATA	0.027527
TBC1D1	0.068974
TBC1D10A	0.031818
TBC1D10B	0.029944
TBC1D10C	0.059794
TBC1D13	0.026463
TBC1D14	0.027283
TBC1D15	0.048098
TBC1D16	0.040472
TBC1D17	0.026350
TBC1D19	0.027203
TBC1D2	0.025451
TBC1D20	0.025799
TBC1D21	0.027616
TBC1D22A	0.027188
TBC1D22B	0.026229
TBC1D23	0.025533
TBC1D24	0.027329
TBC1D25	0.029254
TBC1D26	0.027660
TBC1D28	0.027559
TBC1D2B	0.026306
TBC1D31	0.025779
TBC1D32	0.035077
TBC1D3B	0.028018
TBC1D3C	0.027114
TBC1D3F	0.027984
TBC1D3G	0.028498
TBC1D4	0.094879
TBC1D5	0.027063
TBC1D7	0.026910
TBC1D8	0.025302
TBC1D8B	0.026637
TBC1D9	0.028328
TBC1D9B	0.026182
TBCA	0.055436
TBCB	0.026990
TBCC	0.026408
TBCCD1	0.024957
TBCD	0.075854
TBCE	0.090907
TBCEL	0.024708
TBCK	0.037916
TBK1	0.098306
TBKBP1	0.085747
TBL1X	0.113136
TBL1XR1	0.107275
TBL1Y	0.092264
TBL2	0.035374
TBL3	0.035970
TBP	0.086257
TBPL1	0.037536
TBPL2	0.025688
TBR1	0.044323
TBRG1	0.171778
TBRG4	0.112059
TBX1	0.056343
TBX10	0.037889
TBX15	0.089067
TBX18	0.041596
TBX19	0.039282
TBX2	0.051898
TBX20	0.033359
TBX21	0.044786
TBX22	0.026349
TBX3	0.036572
TBX4	0.039069
TBX5	0.050908
TBX6	0.055145
TBXA2R	0.056901
TBXAS1	0.028659
TBXT	0.039597
TC2N	0.025337
TCAF1	0.031315
TCAF2	0.027681
TCAP	0.087931
TCEA1	0.123071
TCEA2	0.128454
TCEA3	0.034713
TCEAL1	0.025930
TCEAL2	0.027609
TCEAL3	0.025715
TCEAL4	0.026612
TCEAL5	0.026323
TCEAL6	0.025088
TCEAL7	0.024883
TCEAL8	0.028231
TCEAL9	0.024707
TCEANC2	0.030856
TCERG1	0.078622
TCERG1L	0.027015
TCF12	0.107028
TCF15	0.043477
TCF19	0.065411
TCF20	0.055512
TCF21	0.070372
TCF23	0.065011
TCF25	0.113207
TCF3	0.096514
TCF4	0.113790
TCF7	0.122519
TCF7L1	0.048971
TCF7L2	0.095616
TCFL5	0.044347
TCHHL1	0.039620
TCHP	0.086651
TCIM	0.025616
TCIRG1	0.042473
TCL1A	0.032750
TCL1B	0.032319
TCN1	0.033073
TCN2	0.088093
TCOF1	0.034859
TCP1	0.978537
TCP10L	0.026766
TCP11	0.029108
TCP11L1	0.101689
TCP11L2	0.091605
TCTA	0.029899
TCTN1	0.043961
TCTN2	0.101698
TCTN3	0.045769
TDG	0.097780
TDO2	0.026704
TDP1	0.028064
TDP2	0.024088
TDRD1	0.032398
TDRD10	0.024460
TDRD12	0.058837
TDRD3	0.102449
TDRD5	0.074357
TDRD6	0.065212
TDRD7	0.040283
TDRD9	0.040771
TDRKH	0.033253
TDRP	0.027461
TEAD1	0.141666
TEAD2	0.054044
TEAD3	0.046048
TEAD4	0.038025
TEC	0.093419
TECPR1	0.039086
TECPR2	0.076707
TECR	0.096600
TECRL	0.031511
TECTA	0.062236
TECTB	0.060361
TEDC1	0.043867
TEDC2	0.027671
TEDDM1	0.033815
TEF	0.073157
TEFM	0.040151
TEK	0.045251
TEKT1	0.029662
TEKT3	0.028620
TEKT4	0.026263
TEKT5	0.029447
TEKTIP1	0.027678
TEKTL1	0.028772
TELO2	0.102857
TEN1	0.033518
TENM1	0.048858
TENM2	0.051714
TENM3	0.049323
TENT2	0.118627
TENT4A	0.090667
TENT4B	0.451606
TENT5A	0.037273
TENT5B	0.025854
TENT5C	0.027134
TENT5D	0.025387
TEP1	0.079772
TEPSIN	0.091396
TERB2	0.045623
TERF1	0.082722
TERF2	0.084090
TERF2IP	0.033695
TERT	0.028373
TES	0.049969
TESC	0.026896
TESK1	0.044777
TESK2	0.030761
TESMIN	0.107854
TET1	0.031367
TET2	0.049330
TEX10	0.025147
TEX101	0.037976
TEX11	0.086003
TEX12	0.046097
TEX13A	0.025246
TEX13B	0.027383
TEX14	0.030625
TEX15	0.024876
TEX19	0.030175
TEX2	0.032170
TEX26	0.026071
TEX261	0.025322
TEX264	0.051938
TEX28	0.039298
TEX29	0.029700
TEX30	0.030646
TEX35	0.026756
TEX44	0.030265
TEX47	0.026297
TEX55	0.025830
TEX9	0.083978
TF	0.229095
TFAM	0.024546
TFAP2A	0.068754
TFAP2B	0.038359
TFAP2C	0.062061
TFAP2D	0.120472
TFAP2E	0.035342
TFAP4	0.082384
TFB1M	0.023599
TFB2M	0.030939
TFCP2	0.045173
TFCP2L1	0.034559
TFDP1	0.176261
TFDP2	0.115109
TFDP3	0.034852
TFE3	0.090928
TFEB	0.105846
TFEC	0.038911
TFF1	0.043160
TFF2	0.026956
TFF3	0.043886
TFG	0.424891
TFIP11	0.148972
TFPI	0.044097
TFPI2	0.033100
TFPT	0.075274
TFR2	0.036264
TFRC	0.041932
TG	0.072424
TGDS	0.028071
TGFA	0.047003
TGFB1	0.093074
TGFB1I1	0.029436
TGFB2	0.039829
TGFB3	0.078274
TGFBI	0.035599
TGFBR1	0.056339
TGFBR2	0.070750
TGFBR3	0.063263
TGFBRAP1	0.965824
TGIF1	0.366716
TGIF2	0.034221
TGIF2LX	0.039324
TGIF2LY	0.034370
TGM1	0.028545
TGM2	0.034958
TGM3	0.030695
TGM4	0.026649
TGM5	0.025870
TGM6	0.031783
TGM7	0.128325
TGOLN2	0.082275
TGS1	0.026070
TH	0.038712
THADA	0.117499
THAP1	0.031561
THAP10	0.024033
THAP11	0.032952
THAP12	0.027068
THAP2	0.027651
THAP3	0.026841
THAP4	0.040179
THAP5	0.028003
THAP6	0.025274
THAP7	0.026696
THAP8	0.027133
THAP9	0.029579
THBD	0.044535
THBS1	0.058865
THBS2	0.053553
THBS3	0.053000
THBS4	0.044789
THEM4	0.025065
THEM5	0.032914
THEM6	0.982276
THEMIS	0.033808
THEMIS2	0.032765
THG1L	0.027150
THNSL1	0.028232
THNSL2	0.033717
THOC1	0.086664
THOC2	0.126980
THOC3	0.112191
THOC5	0.119829
THOC6	0.572205
THOC7	0.104916
THOP1	0.094676
THPO	0.076699
THRA	0.111385
THRAP3	0.098654
THRB	0.111272
THRSP	0.056707
THSD1	0.045147
THSD4	0.051474
THSD7B	0.041548
THTPA	0.025389
THUMPD1	0.111719
THUMPD2	0.036180
THUMPD3	0.025794
THY1	0.074479
THYN1	0.027805
TIA1	0.037864
TIAL1	0.029229
TIAM1	0.026957
TIAM2	0.028402
TICAM1	0.094136
TICAM2	0.072335
TICRR	0.074116
TIE1	0.047210
TIFA	0.029541
TIGAR	0.029305
TIGD1	0.041244
TIGD2	0.027439
TIGD3	0.040586
TIGD4	0.033330
TIGD5	0.026784
TIGD6	0.027176
TIGD7	0.030332
TIGIT	0.063084
TIMD4	0.050722
TIMELESS	0.121978
TIMM10	0.037711
TIMM10B	0.039861
TIMM13	0.092291
TIMM17A	0.032021
TIMM17B	0.031354
TIMM21	0.093172
TIMM22	0.030451
TIMM23B	0.123565
TIMM29	0.228774
TIMM44	0.081878
TIMM50	0.121543
TIMM8A	0.054573
TIMM8B	0.108982
TIMM9	0.030940
TIMMDC1	0.038808
TIMP1	0.045730
TIMP2	0.101443
TIMP3	0.078605
TIMP4	0.036202
TINAG	0.038480
TINAGL1	0.043843
TINF2	0.052039
TIPARP	0.024555
TIPIN	0.099487
TIPRL	0.052382
TIRAP	0.102155
TJAP1	0.026057
TJP1	0.065180
TJP2	0.070037
TJP3	0.056983
TK1	0.040674
TK2	0.087510
TKFC	0.025577
TKT	0.028670
TKTL1	0.024965
TKTL2	0.027934
TLCD1	0.027226
TLCD3A	0.028098
TLCD3B	0.027632
TLCD4	0.027024
TLCD5	0.027541
TLDC2	0.032647
TLE1	0.077448
TLE2	0.043483
TLE3	0.069650
TLE4	0.052235
TLE5	0.112497
TLE6	0.052926
TLK1	0.096352
TLK2	0.064899
TLL1	0.050082
TLL2	0.051557
TLN1	0.091186
TLN2	0.075704
TLNRD1	0.026878
TLR1	0.097907
TLR10	0.068709
TLR2	0.064779
TLR3	0.061650
TLR4	0.062041
TLR5	0.102332
TLR6	0.101023
TLR7	0.063469
TLR8	0.057700
TLR9	0.104011
TLX1	0.074934
TLX2	0.043270
TLX3	0.069070
TM2D1	0.036840
TM2D2	0.033044
TM2D3	0.048290
TM4SF1	0.034494
TM4SF18	0.039189
TM4SF19	0.040205
TM4SF20	0.028232
TM4SF4	0.029374
TM4SF5	0.028386
TM6SF1	0.028502
TM6SF2	0.027523
TM7SF2	0.032010
TM7SF3	0.028844
TM9SF1	0.028417
TM9SF2	0.671632
TM9SF3	0.036179
TM9SF4	0.025484
TMA16	0.039560
TMA7	0.027726
TMBIM1	0.066519
TMBIM4	0.032489
TMBIM6	0.029366
TMC1	0.097003
TMC2	0.071940
TMC3	0.062165
TMC4	0.093314
TMC5	0.070266
TMC6	0.070676
TMC7	0.057791
TMC8	0.694717
TMCC1	0.052064
TMCC2	0.054562
TMCC3	0.025204
TMCO1	0.028226
TMCO2	0.025200
TMCO4	0.029928
TMCO5A	0.025561
TMCO6	0.045293
TMED1	0.048681
TMED10	0.108950
TMED2	0.106786
TMED3	0.036617
TMED4	0.033111
TMED5	0.030746
TMED6	0.028161
TMED7	0.035635
TMED8	0.025709
TMED9	0.034242
TMEFF1	0.071562
TMEFF2	0.068933
TMEM100	0.025903
TMEM101	0.028496
TMEM102	0.030170
TMEM106A	0.029168
TMEM106B	0.029847
TMEM106C	0.028681
TMEM107	0.075344
TMEM108	0.063632
TMEM109	0.044224
TMEM11	0.027324
TMEM115	0.028017
TMEM116	0.046131
TMEM117	0.039628
TMEM119	0.042291
TMEM120A	0.072018
TMEM120B	0.089019
TMEM121	0.031041
TMEM121B	0.026488
TMEM123	0.039864
TMEM125	0.040457
TMEM126A	0.032047
TMEM126B	0.048626
TMEM127	0.034864
TMEM128	0.026828
TMEM129	0.052458
TMEM130	0.029727
TMEM131L	0.032738
TMEM132A	0.047286
TMEM132B	0.061216
TMEM132D	0.047621
TMEM132E	0.050039
TMEM134	0.030008
TMEM135	0.028207
TMEM138	0.026772
TMEM139	0.025520
TMEM140	0.027325
TMEM141	0.035982
TMEM143	0.026975
TMEM144	0.027317
TMEM145	0.035259
TMEM147	0.033729
TMEM14A	0.025654
TMEM14B	0.027577
TMEM14C	0.026784
TMEM150A	0.027116
TMEM150C	0.029596
TMEM151A	0.028545
TMEM151B	0.028083
TMEM154	0.046482
TMEM156	0.045279
TMEM158	0.039281
TMEM160	0.029610
TMEM161A	0.033598
TMEM161B	0.092338
TMEM163	0.030829
TMEM164	0.027899
TMEM165	0.165658
TMEM167A	0.026979
TMEM167B	0.027685
TMEM168	0.024353
TMEM169	0.026473
TMEM17	0.026905
TMEM170A	0.030539
TMEM171	0.028555
TMEM174	0.028076
TMEM175	0.026917
TMEM176A	0.027232
TMEM176B	0.043786
TMEM177	0.036676
TMEM178A	0.039931
TMEM179	0.032837
TMEM179B	0.028197
TMEM18	0.025423
TMEM182	0.031397
TMEM183A	0.030101
TMEM184A	0.035545
TMEM184B	0.031999
TMEM184C	0.031019
TMEM185A	0.029136
TMEM186	0.028273
TMEM187	0.030384
TMEM19	0.029117
TMEM190	0.030801
TMEM192	0.031964
TMEM196	0.043781
TMEM198	0.032825
TMEM200A	0.026014
TMEM200B	0.028781
TMEM200C	0.028708
TMEM201	0.976250
TMEM202	0.034117
TMEM203	0.026589
TMEM204	0.027863
TMEM205	0.029530
TMEM207	0.027698
TMEM208	0.028139
TMEM209	0.035138
TMEM213	0.031826
TMEM214	0.035431
TMEM215	0.033095
TMEM216	0.048003
TMEM217	0.026190
TMEM218	0.029597
TMEM219	0.046178
TMEM220	0.028676
TMEM222	0.025037
TMEM223	0.034901
TMEM225	0.033579
TMEM229B	0.028689
TMEM230	0.027519
TMEM231	0.094804
TMEM232	0.024891
TMEM234	0.025266
TMEM236	0.029815
TMEM237	0.032142
TMEM242	0.038684
TMEM243	0.026020
TMEM244	0.025634
TMEM245	0.029179
TMEM248	0.040630
TMEM25	0.045996
TMEM252	0.027846
TMEM254	0.025188
TMEM255A	0.031688
TMEM255B	0.026008
TMEM256	0.026691
TMEM258	0.036260
TMEM259	0.032074
TMEM26	0.032301
TMEM260	0.030649
TMEM263	0.025972
TMEM266	0.026106
TMEM267	0.027374
TMEM268	0.043427
TMEM270	0.035388
TMEM30A	0.031978
TMEM30B	0.027573
TMEM31	0.028554
TMEM33	0.026704
TMEM35A	0.026912
TMEM37	0.030733
TMEM38A	0.025491
TMEM38B	0.025807
TMEM39A	0.025954
TMEM39B	0.025802
TMEM40	0.029714
TMEM41A	0.025445
TMEM41B	0.059892
TMEM42	0.027745
TMEM43	0.027067
TMEM44	0.026814
TMEM45A	0.030194
TMEM45B	0.027426
TMEM47	0.026456
TMEM50A	0.025820
TMEM50B	0.027733
TMEM51	0.027596
TMEM52	0.026927
TMEM52B	0.026536
TMEM53	0.030143
TMEM54	0.059734
TMEM59	0.032885
TMEM59L	0.027685
TMEM60	0.027567
TMEM61	0.031777
TMEM62	0.025564
TMEM63A	0.226617
TMEM63B	0.045690
TMEM63C	0.036783
TMEM64	0.024860
TMEM65	0.028618
TMEM67	0.051842
TMEM68	0.026873
TMEM69	0.027652
TMEM70	0.045066
TMEM71	0.026444
TMEM74	0.027388
TMEM74B	0.028260
TMEM79	0.027984
TMEM80	0.030832
TMEM81	0.032706
TMEM82	0.027583
TMEM86A	0.026939
TMEM86B	0.036696
TMEM87A	0.046530
TMEM87B	0.045085
TMEM88	0.026396
TMEM89	0.037554
TMEM8B	0.029051
TMEM9	0.046303
TMEM91	0.029983
TMEM92	0.025751
TMEM94	0.034052
TMEM95	0.038124
TMEM97	0.025834
TMEM98	0.027369
TMEM9B	0.027626
TMF1	0.040397
TMIE	0.029583
TMIGD1	0.045245
TMIGD2	0.058950
TMLHE	0.031419
TMOD1	0.032054
TMOD2	0.062306
TMOD3	0.060378
TMOD4	0.067611
TMPO	0.124109
TMPPE	0.028000
TMPRSS11A	0.035271
TMPRSS11B	0.450248
TMPRSS11D	0.039664
TMPRSS11E	0.029161
TMPRSS11F	0.033418
TMPRSS12	0.032534
TMPRSS13	0.032778
TMPRSS15	0.048074
TMPRSS2	0.062112
TMPRSS3	0.028877
TMPRSS4	0.027419
TMPRSS5	0.033970
TMPRSS6	0.037250
TMPRSS7	0.041094
TMPRSS9	0.975724
TMSB10	0.032905
TMSB15A	0.028520
TMSB4X	0.027251
TMSB4Y	0.057284
TMT1A	0.027634
TMT1B	0.026171
TMTC1	0.034693
TMTC2	0.030193
TMTC3	0.027407
TMTC4	0.029391
TMUB1	0.036492
TMUB2	0.029880
TMX1	0.092959
TMX2	0.030767
TMX3	0.048613
TMX4	0.029656
TNC	0.047266
TNF	0.060237
TNFAIP1	0.039897
TNFAIP2	0.034453
TNFAIP3	0.071561
TNFAIP6	0.050632
TNFAIP8	0.025529
TNFAIP8L1	0.026665
TNFAIP8L2	0.026382
TNFAIP8L3	0.026944
TNFRSF10A	0.098010
TNFRSF10B	0.049905
TNFRSF10C	0.095514
TNFRSF10D	0.068026
TNFRSF11A	0.108115
TNFRSF11B	0.102192
TNFRSF12A	0.082241
TNFRSF13B	0.097166
TNFRSF13C	0.093328
TNFRSF14	0.052675
TNFRSF17	0.059403
TNFRSF19	0.026449
TNFRSF1A	0.090840
TNFRSF1B	0.052686
TNFRSF21	0.041813
TNFRSF25	0.050066
TNFRSF4	0.045292
TNFRSF6B	0.047857
TNFRSF8	0.041108
TNFRSF9	0.042355
TNFSF10	0.060626
TNFSF11	0.044861
TNFSF12	0.046148
TNFSF12-TNFSF13	0.081316
TNFSF13	0.043484
TNFSF13B	0.049048
TNFSF14	0.042201
TNFSF15	0.043902
TNFSF18	0.045188
TNFSF4	0.048645
TNFSF8	0.047927
TNFSF9	0.049631
TNIK	0.045178
TNIP1	0.106076
TNIP2	0.029332
TNIP3	0.092857
TNK1	0.326770
TNK2	0.035851
TNKS	0.040873
TNKS1BP1	0.075201
TNKS2	0.042741
TNMD	0.026274
TNN	0.043785
TNNC1	0.038161
TNNC2	0.031884
TNNI1	0.033351
TNNI2	0.030480
TNNI3	0.055723
TNNI3K	0.080292
TNNT1	0.031664
TNNT2	0.033958
TNNT3	0.030598
TNP1	0.027775
TNP2	0.025112
TNPO1	0.861265
TNPO2	0.092802
TNPO3	0.093553
TNR	0.130339
TNRC18	0.042385
TNRC6A	0.091081
TNRC6B	0.093090
TNRC6C	0.078281
TNS1	0.042123
TNS2	0.036998
TNS3	0.109889
TNS4	0.039464
TNXB	0.084612
TOB1	0.025441
TOB2	0.040113
TOE1	0.030101
TOGARAM1	0.041580
TOGARAM2	0.026607
TOLLIP	0.048434
TOM1	0.034508
TOM1L1	0.027636
TOM1L2	0.027927
TOMM20	0.029172
TOMM20L	0.055425
TOMM22	0.033862
TOMM34	0.026965
TOMM40	0.045893
TOMM40L	0.087977
TOMM6	0.032335
TOMM7	0.029561
TOMM70	0.032817
TONSL	0.096642
TOP1	0.056349
TOP1MT	0.058193
TOP2A	0.109056
TOP2B	0.125564
TOP3A	0.025053
TOP3B	0.103595
TOP6BL	0.028043
TOPBP1	0.113983
TOPORS	0.072580
TOR1A	0.030773
TOR1AIP1	0.091511
TOR1AIP2	0.037011
TOR1B	0.039694
TOR2A	0.031678
TOR3A	0.034673
TOR4A	0.033155
TOX	0.036609
TOX2	0.090316
TOX3	0.034828
TOX4	0.975352
TP53	0.980505
TP53AIP1	0.025300
TP53BP1	0.058201
TP53BP2	0.033218
TP53I11	0.044388
TP53I13	0.071985
TP53I3	0.029204
TP53INP1	0.026515
TP53INP2	0.025753
TP53RK	0.034177
TP53TG3	0.025175
TP53TG5	0.029046
TP63	0.104924
TP73	0.081306
TPBG	0.044118
TPCN1	0.041703
TPCN2	0.074874
TPD52	0.078099
TPD52L1	0.045987
TPD52L2	0.033277
TPD52L3	0.036098
TPGS1	0.036984
TPGS2	0.027472
TPH1	0.063357
TPH2	0.026231
TPI1	0.026684
TPK1	0.040747
TPM1	0.032031
TPM2	0.033052
TPM3	0.028368
TPM4	0.059953
TPMT	0.029604
TPO	0.041220
TPP1	0.030190
TPP2	0.091618
TPPP	0.025251
TPPP2	0.025609
TPPP3	0.025949
TPR	0.072546
TPRA1	0.028336
TPRG1	0.025199
TPRG1L	0.026206
TPRKB	0.092831
TPRN	0.027667
TPRX1	0.027886
TPSAB1	0.031084
TPSD1	0.029084
TPSG1	0.058593
TPST1	0.048175
TPST2	0.039734
TPT1	0.046688
TPTE	0.033342
TPTE2	0.030742
TPX2	0.083653
TRA2A	0.065595
TRA2B	0.113413
TRABD	0.025369
TRADD	0.039603
TRAF1	0.038252
TRAF2	0.089609
TRAF3	0.052402
TRAF3IP1	0.039583
TRAF3IP2	0.041567
TRAF3IP3	0.030364
TRAF4	0.091540
TRAF5	0.069729
TRAF6	0.050942
TRAF7	0.981599
TRAFD1	0.080953
TRAIP	0.095303
TRAK1	0.044618
TRAK2	0.040126
TRAM1	0.026555
TRAM1L1	0.025446
TRAM2	0.025561
TRAP1	0.091738
TRAPPC1	0.108196
TRAPPC10	0.096427
TRAPPC11	0.109742
TRAPPC12	0.108221
TRAPPC13	0.102296
TRAPPC14	0.030401
TRAPPC2	0.026811
TRAPPC2L	0.106008
TRAPPC3	0.068119
TRAPPC4	0.071513
TRAPPC5	0.088007
TRAPPC6A	0.083307
TRAPPC6B	0.194925
TRAPPC8	0.147589
TRAPPC9	0.089756
TRARG1	0.026126
TRAT1	0.055902
TRDMT1	0.027557
TRDN	0.052790
TREH	0.034838
TREM1	0.053616
TREM2	0.048440
TREML1	0.045307
TREML2	0.039074
TREML4	0.046394
TRERF1	0.028136
TRH	0.063112
TRHDE	0.041952
TRHR	0.084649
TRIAP1	0.029977
TRIB1	0.043380
TRIB2	0.033350
TRIB3	0.063935
TRIL	0.041832
TRIM10	0.027093
TRIM11	0.057831
TRIM13	0.026272
TRIM14	0.044452
TRIM15	0.029307
TRIM16	0.031622
TRIM17	0.034988
TRIM2	0.033249
TRIM21	0.039492
TRIM22	0.034513
TRIM23	0.047755
TRIM24	0.087404
TRIM25	0.101944
TRIM26	0.028578
TRIM27	0.032480
TRIM28	0.067761
TRIM29	0.087781
TRIM3	0.028634
TRIM31	0.031079
TRIM32	0.106848
TRIM33	0.079353
TRIM35	0.047328
TRIM37	0.170829
TRIM38	0.027317
TRIM39	0.041641
TRIM4	0.034654
TRIM40	0.046916
TRIM41	0.064952
TRIM42	0.028460
TRIM43	0.027989
TRIM43B	0.024870
TRIM44	0.025261
TRIM45	0.030634
TRIM46	0.029983
TRIM47	0.031440
TRIM48	0.048519
TRIM49	0.025803
TRIM49B	0.025140
TRIM49C	0.024692
TRIM5	0.078863
TRIM50	0.041727
TRIM51	0.024776
TRIM51G	0.024239
TRIM52	0.025221
TRIM54	0.036835
TRIM55	0.029149
TRIM56	0.045261
TRIM58	0.030959
TRIM59	0.051539
TRIM6	0.061971
TRIM6-TRIM34	0.087810
TRIM60	0.027026
TRIM61	0.029220
TRIM62	0.029689
TRIM63	0.049628
TRIM64	0.027457
TRIM64B	0.026489
TRIM64C	0.024793
TRIM65	0.038143
TRIM66	0.042411
TRIM67	0.037653
TRIM68	0.036810
TRIM69	0.035133
TRIM71	0.033162
TRIM72	0.040569
TRIM73	0.026117
TRIM74	0.028666
TRIM75	0.037778
TRIM77	0.026345
TRIM8	0.028209
TRIM9	0.031746
TRIML1	0.026908
TRIML2	0.031382
TRIO	0.095461
TRIOBP	0.024987
TRIP10	0.061765
TRIP11	0.028436
TRIP12	0.046919
TRIP13	0.032885
TRIP4	0.088572
TRIP6	0.922747
TRIR	0.026949
TRIT1	0.103392
TRMO	0.031736
TRMT1	0.026251
TRMT10A	0.024648
TRMT10B	0.026655
TRMT10C	0.043403
TRMT11	0.024272
TRMT112	0.041763
TRMT13	0.033348
TRMT1L	0.024789
TRMT2A	0.028913
TRMT2B	0.024815
TRMT44	0.027291
TRMT5	0.045653
TRMT6	0.029962
TRMT61A	0.026027
TRMT61B	0.024629
TRMT9B	0.025852
TRMU	0.114636
TRNAU1AP	0.023546
TRNP1	0.028489
TRNT1	0.029891
TRO	0.030996
TROAP	0.060371
TRPA1	0.032092
TRPC1	0.032423
TRPC3	0.049622
TRPC4	0.037257
TRPC4AP	0.037170
TRPC5	0.029592
TRPC6	0.037415
TRPC7	0.034712
TRPM1	0.081863
TRPM2	0.034426
TRPM3	0.048603
TRPM4	0.052165
TRPM5	0.055345
TRPM6	0.026901
TRPM7	0.031073
TRPM8	0.066538
TRPS1	0.050008
TRPT1	0.052682
TRPV1	0.210127
TRPV2	0.058844
TRPV3	0.027141
TRPV4	0.088385
TRPV5	0.077801
TRPV6	0.077919
TRRAP	0.530576
TRUB1	0.024750
TRUB2	0.023411
TSACC	0.024745
TSBP1	0.033004
TSC1	0.068742
TSC2	0.101711
TSC22D1	0.079972
TSC22D2	0.096270
TSC22D3	0.065759
TSC22D4	0.031597
TSEN15	0.027596
TSEN2	0.099439
TSEN34	0.036521
TSEN54	0.353203
TSFM	0.030232
TSG101	0.053517
TSGA10	0.027569
TSGA10IP	0.028500
TSGA13	0.024268
TSHB	0.073838
TSHR	0.055483
TSHZ1	0.055385
TSHZ2	0.059386
TSHZ3	0.224902
TSKS	0.024730
TSKU	0.037009
TSLP	0.080097
TSN	0.026141
TSNARE1	0.035688
TSNAX	0.116957
TSNAXIP1	0.055938
TSPAN1	0.293966
TSPAN10	0.037140
TSPAN11	0.042880
TSPAN12	0.042787
TSPAN13	0.028627
TSPAN14	0.039351
TSPAN15	0.041052
TSPAN16	0.041204
TSPAN17	0.032728
TSPAN18	0.049150
TSPAN2	0.054301
TSPAN3	0.048012
TSPAN31	0.030151
TSPAN32	0.049011
TSPAN33	0.035685
TSPAN4	0.062094
TSPAN5	0.035576
TSPAN6	0.044604
TSPAN7	0.050238
TSPAN8	0.037076
TSPAN9	0.041408
TSPEAR	0.048410
TSPO	0.028622
TSPO2	0.027660
TSPOAP1	0.030682
TSPY1	0.026262
TSPY2	0.026103
TSPY3	0.025779
TSPYL1	0.040935
TSPYL2	0.038710
TSPYL4	0.025376
TSPYL5	0.024438
TSPYL6	0.025589
TSR1	0.042713
TSR2	0.195888
TSR3	0.028467
TSSC4	0.028123
TSSK1B	0.027172
TSSK2	0.030536
TSSK3	0.029339
TSSK4	0.079137
TSSK6	0.032199
TST	0.031018
TSTD1	0.032049
TSTD2	0.026074
TTBK1	0.071240
TTBK2	0.035730
TTC1	0.089396
TTC12	0.031730
TTC13	0.035745
TTC14	0.048340
TTC16	0.028166
TTC17	0.033667
TTC19	0.026887
TTC21A	0.091740
TTC21B	0.090605
TTC22	0.044803
TTC23	0.024693
TTC23L	0.025334
TTC27	0.094149
TTC29	0.027795
TTC3	0.029962
TTC31	0.029893
TTC32	0.026077
TTC33	0.024839
TTC36	0.026695
TTC38	0.035293
TTC39A	0.061893
TTC39B	0.028768
TTC39C	0.025290
TTC4	0.025634
TTC5	0.027161
TTC6	0.027852
TTC7A	0.090947
TTC7B	0.092879
TTC8	0.024945
TTC9B	0.025268
TTC9C	0.026941
TTF1	0.054552
TTF2	0.127935
TTI1	0.105512
TTI2	0.119729
TTK	0.101086
TTL	0.058389
TTLL1	0.102203
TTLL10	0.039915
TTLL11	0.026862
TTLL12	0.025618
TTLL13	0.027740
TTLL2	0.029621
TTLL3	0.028129
TTLL4	0.032595
TTLL5	0.025772
TTLL6	0.024221
TTLL7	0.030657
TTLL9	0.025491
TTN	0.294309
TTPA	0.026533
TTPAL	0.025181
TTR	0.096332
TTYH1	0.039753
TTYH2	0.028022
TTYH3	0.026919
TUB	0.039870
TUBA1A	0.961159
TUBA1B	0.967642
TUBA1C	0.978160
TUBA3D	0.035758
TUBA3E	0.035511
TUBA4A	0.095413
TUBA8	0.088653
TUBAL3	0.027461
TUBB	0.050543
TUBB1	0.041092
TUBB2A	0.039483
TUBB2B	0.040640
TUBB3	0.044790
TUBB4A	0.071158
TUBB4B	0.040959
TUBB6	0.033729
TUBB8	0.062464
TUBD1	0.046502
TUBE1	0.372499
TUBG1	0.082301
TUBG2	0.063566
TUBGCP2	0.104232
TUBGCP3	0.095429
TUBGCP4	0.087210
TUBGCP5	0.099420
TUBGCP6	0.064662
TUFM	0.115901
TUFT1	0.035437
TULP1	0.026883
TULP2	0.025984
TULP3	0.068335
TULP4	0.034248
TUSC1	0.028491
TUSC2	0.028288
TUSC3	0.052970
TUT1	0.034689
TUT4	0.025672
TUT7	0.029137
TVP23A	0.027883
TVP23B	0.026386
TVP23C	0.027472
TWF1	0.027710
TWF2	0.075089
TWIST1	0.077713
TWIST2	0.103007
TWNK	0.027610
TWSG1	0.057466
TXK	0.093537
TXLNA	0.038684
TXLNB	0.038466
TXLNG	0.037931
TXN	0.037160
TXN2	0.045696
TXNDC11	0.029243
TXNDC12	0.031001
TXNDC15	0.030090
TXNDC16	0.030665
TXNDC17	0.116982
TXNDC2	0.032085
TXNDC5	0.030344
TXNDC8	0.539613
TXNDC9	0.026337
TXNIP	0.032341
TXNL1	0.087565
TXNL4A	0.096997
TXNL4B	0.110874
TXNRD1	0.094932
TXNRD2	0.097867
TXNRD3	0.085876
TYK2	0.079301
TYMP	0.041673
TYMS	0.035387
TYR	0.027649
TYRO3	0.057951
TYROBP	0.052195
TYRP1	0.033294
TYSND1	0.026080
TYW1	0.029864
TYW2	0.030958
TYW3	0.028067
TYW5	0.025816
U2AF1	0.234083
U2AF1L4	0.028039
U2AF2	0.125185
U2SURP	0.066197
UACA	0.041028
UAP1	0.721503
UAP1L1	0.025740
UBA1	0.106979
UBA2	0.091717
UBA3	0.122135
UBA5	0.076239
UBA52	0.979056
UBA6	0.072712
UBA7	0.028663
UBAC1	0.025219
UBAC2	0.029501
UBALD1	0.025881
UBALD2	0.024768
UBAP1	0.029342
UBAP2	0.113408
UBAP2L	0.104469
UBASH3A	0.028779
UBASH3B	0.035467
UBB	0.102783
UBC	0.972348
UBD	0.081697
UBE2A	0.123935
UBE2B	0.124979
UBE2C	0.068042
UBE2D1	0.115084
UBE2D2	0.103206
UBE2D3	0.128892
UBE2D4	0.113554
UBE2E1	0.074706
UBE2E2	0.060989
UBE2E3	0.330252
UBE2F	0.124222
UBE2G1	0.127788
UBE2G2	0.112001
UBE2H	0.101290
UBE2I	0.104559
UBE2J1	0.551938
UBE2J2	0.087559
UBE2K	0.074019
UBE2L3	0.110663
UBE2L6	0.126152
UBE2M	0.112729
UBE2N	0.103514
UBE2NL	0.127153
UBE2O	0.062460
UBE2Q1	0.035112
UBE2Q2	0.054716
UBE2QL1	0.031138
UBE2R2	0.081594
UBE2S	0.099016
UBE2T	0.078539
UBE2U	0.113234
UBE2V1	0.128571
UBE2V2	0.366191
UBE2W	0.146039
UBE2Z	0.111568
UBE3A	0.581520
UBE3B	0.042516
UBE3C	0.048771
UBE3D	0.103415
UBE4A	0.065208
UBE4B	0.162782
UBFD1	0.059902
UBIAD1	0.026441
UBL3	0.194399
UBL4A	0.100501
UBL4B	0.033065
UBL5	0.203555
UBL7	0.071213
UBLCP1	0.064606
UBN1	0.103682
UBOX5	0.086995
UBP1	0.034267
UBQLN1	0.119417
UBQLN2	0.180138
UBQLN3	0.025753
UBQLN4	0.058842
UBQLNL	0.028493
UBR1	0.049594
UBR2	0.079958
UBR3	0.063683
UBR4	0.102158
UBR5	0.950941
UBR7	0.090558
UBTD1	0.025801
UBTD2	0.028660
UBTF	0.754038
UBXN1	0.082448
UBXN10	0.030614
UBXN11	0.037370
UBXN2A	0.042509
UBXN2B	0.044668
UBXN4	0.067997
UBXN6	0.205055
UBXN8	0.044106
UCHL1	0.105055
UCHL3	0.070154
UCHL5	0.096620
UCK1	0.027863
UCK2	0.030140
UCKL1	0.047139
UCMA	0.075382
UCN	0.231392
UCN2	0.048995
UCN3	0.087766
UCP1	0.037955
UCP2	0.027293
UCP3	0.037142
UEVLD	0.027188
UFC1	0.031133
UFD1	0.177091
UFM1	0.126357
UFSP1	0.025846
UFSP2	0.031210
UGCG	0.028621
UGDH	0.087621
UGGT1	0.057662
UGGT2	0.032013
UGP2	0.027164
UGT1A1	0.064630
UGT1A10	0.051197
UGT1A3	0.968939
UGT1A4	0.045783
UGT1A5	0.059561
UGT1A6	0.089648
UGT1A7	0.049860
UGT1A8	0.043736
UGT1A9	0.062816
UGT2A1	0.067871
UGT2A3	0.052011
UGT2B11	0.043256
UGT2B15	0.034975
UGT2B17	0.039187
UGT2B28	0.048152
UGT2B4	0.039437
UGT2B7	0.045681
UGT3A1	0.056207
UGT3A2	0.079662
UGT8	0.056162
UHMK1	0.102219
UHRF1	0.055053
UHRF2	0.079376
UIMC1	0.108583
ULBP1	0.048336
ULBP2	0.053850
ULBP3	0.047317
ULK1	0.060620
ULK2	0.032109
ULK3	0.061685
ULK4	0.096398
UMOD	0.036008
UMODL1	0.138748
UMPS	0.080642
UNC119	0.083489
UNC119B	0.025152
UNC13A	0.086415
UNC13B	0.067571
UNC13C	0.026197
UNC13D	0.086952
UNC45A	0.040040
UNC45B	0.054378
UNC50	0.028369
UNC5A	0.039408
UNC5B	0.054863
UNC5C	0.053609
UNC5CL	0.031086
UNC5D	0.048187
UNC79	0.097252
UNC80	0.028480
UNC93A	0.027511
UNC93B1	0.030604
UNG	0.108227
UNK	0.040872
UNKL	0.040028
UPB1	0.029438
UPF1	0.111823
UPF2	0.131629
UPF3A	0.025324
UPF3B	0.110166
UPK1A	0.034674
UPK1B	0.029981
UPK2	0.037896
UPK3A	0.030171
UPK3B	0.045947
UPK3BL1	0.030655
UPP1	0.037375
UPP2	0.027985
UPRT	0.025871
UQCC1	0.028595
UQCC2	0.028057
UQCC3	0.027845
UQCC4	0.034880
UQCC5	0.035998
UQCR10	0.033796
UQCR11	0.035459
UQCRB	0.034828
UQCRC1	0.032603
UQCRC2	0.051315
UQCRFS1	0.032625
UQCRH	0.030041
UQCRQ	0.061908
URB1	0.095987
URB2	0.120199
URGCP	0.027931
URI1	0.117927
URM1	0.027614
UROC1	0.025604
UROD	0.032518
UROS	0.034684
USB1	0.027070
USE1	0.349576
USF1	0.054095
USF2	0.055848
USF3	0.087017
USH1C	0.054388
USH1G	0.030545
USH2A	0.036008
USHBP1	0.026200
USO1	0.114168
USP1	0.054991
USP10	0.043424
USP11	0.058424
USP12	0.092060
USP13	0.095541
USP14	0.102880
USP15	0.106440
USP16	0.052575
USP17L2	0.066982
USP18	0.058488
USP19	0.421703
USP2	0.098438
USP20	0.084794
USP21	0.046700
USP22	0.036499
USP24	0.118166
USP25	0.093585
USP26	0.046571
USP27X	0.065313
USP28	0.098759
USP29	0.049120
USP3	0.114390
USP30	0.046355
USP31	0.031621
USP32	0.044972
USP33	0.041992
USP34	0.076310
USP35	0.068878
USP36	0.424247
USP37	0.079213
USP38	0.071221
USP39	0.802244
USP4	0.052301
USP40	0.101800
USP42	0.125067
USP43	0.037207
USP44	0.070842
USP45	0.070500
USP46	0.095654
USP47	0.074857
USP48	0.058750
USP49	0.052665
USP5	0.089201
USP50	0.032754
USP51	0.057274
USP53	0.063186
USP54	0.032400
USP6	0.034415
USP6NL	0.026295
USP7	0.083705
USP8	0.095431
USP9X	0.108509
USP9Y	0.112848
USPL1	0.200989
UST	0.034387
UTF1	0.024983
UTP11	0.239602
UTP14A	0.031652
UTP14C	0.027098
UTP15	0.138765
UTP18	0.030100
UTP20	0.122830
UTP23	0.092969
UTP25	0.109919
UTP3	0.050008
UTP4	0.125736
UTP6	0.113679
UTRN	0.031278
UTS2	0.076549
UTS2B	0.071324
UTY	0.092665
UVRAG	0.968061
UVSSA	0.110555
UXS1	0.045457
UXT	0.086356
VAC14	0.100359
VAMP1	0.036350
VAMP2	0.102992
VAMP3	0.027184
VAMP4	0.030375
VAMP5	0.025954
VAMP8	0.025322
VANGL1	0.065343
VANGL2	0.044978
VAPA	0.090075
VAPB	0.079747
VARS1	0.028760
VARS2	0.028960
VASH1	0.092534
VASH2	0.026059
VASN	0.040298
VASP	0.080177
VAT1	0.045191
VAT1L	0.026450
VAV1	0.042779
VAV2	0.048500
VAV3	0.057339
VAX1	0.033120
VAX2	0.034587
VBP1	0.060633
VCAM1	0.069648
VCAN	0.053239
VCF1	0.037435
VCF2	0.026175
VCL	0.086909
VCP	0.097205
VCPIP1	0.057546
VCPKMT	0.024536
VCX	0.026468
VCX2	0.025521
VCX3A	0.030443
VCX3B	0.026984
VCY	0.024627
VCY1B	0.027076
VDAC1	0.052482
VDAC2	0.032415
VDAC3	0.034136
VDR	0.078003
VEGFA	0.057795
VEGFB	0.054068
VEGFC	0.042109
VEGFD	0.039774
VENTX	0.027259
VEPH1	0.107953
VEZF1	0.029356
VEZT	0.033271
VGF	0.397435
VGLL1	0.032769
VGLL2	0.038113
VGLL3	0.038600
VGLL4	0.036284
VHL	0.043693
VHLL	0.029763
VIL1	0.031473
VILL	0.029739
VIM	0.111201
VIP	0.070535
VIPAS39	0.099386
VIPR1	0.072772
VIPR2	0.054276
VIRMA	0.113921
VIT	0.045284
VKORC1	0.032196
VKORC1L1	0.028376
VLDLR	0.048833
VMA12	0.103565
VMA21	0.024904
VMA22	0.109612
VMAC	0.032448
VMO1	0.034813
VMP1	0.026634
VN1R1	0.047120
VN1R2	0.042897
VN1R4	0.035674
VN1R5	0.038772
VNN1	0.047650
VNN2	0.034271
VOPP1	0.025952
VPREB1	0.049788
VPREB3	0.133296
VPS11	0.131073
VPS13A	0.080806
VPS13B	0.025024
VPS13C	0.095775
VPS13D	0.078490
VPS16	0.095870
VPS18	0.102812
VPS25	0.090388
VPS26A	0.034328
VPS26B	0.043620
VPS26C	0.025214
VPS28	0.121436
VPS29	0.094883
VPS33A	0.033494
VPS33B	0.030919
VPS35	0.088722
VPS35L	0.104922
VPS36	0.039038
VPS37A	0.100549
VPS37B	0.033453
VPS37C	0.090590
VPS37D	0.114693
VPS39	0.101379
VPS41	0.102508
VPS45	0.043459
VPS4A	0.028066
VPS4B	0.081871
VPS50	0.084725
VPS51	0.099262
VPS52	0.138941
VPS53	0.098116
VPS54	0.090142
VPS72	0.065863
VPS8	0.043582
VPS9D1	0.025722
VRK1	0.080511
VRK2	0.085572
VRK3	0.038549
VRTN	0.031000
VSIG1	0.048552
VSIG10	0.045895
VSIG2	0.046681
VSIG4	0.051022
VSIG8	0.072270
VSIR	0.049548
VSNL1	0.036549
VSTM1	0.065773
VSTM2A	0.048967
VSTM2L	0.068882
VSTM4	0.043737
VSX2	0.036596
VTA1	0.085457
VTCN1	0.051804
VTI1A	0.033993
VTI1B	0.076803
VTN	0.092906
VWA1	0.034087
VWA2	0.056391
VWA3B	0.077079
VWA5A	0.033459
VWA5B1	0.026158
VWA7	0.035459
VWA8	0.075802
VWC2	0.053795
VWC2L	0.046038
VWCE	0.044586
VWF	0.124170
VXN	0.024332
WAC	0.066330
WAPL	0.087541
WARS1	0.039178
WARS2	0.029796
WASF1	0.030617
WASF2	0.037911
WASF3	0.031457
WASHC2A	0.075924
WASHC2C	0.055337
WASHC3	0.083083
WASHC4	0.065608
WASHC5	0.093795
WASL	0.061106
WBP1	0.026894
WBP11	0.152157
WBP1L	0.025387
WBP2	0.028984
WBP2NL	0.025860
WBP4	0.024595
WDCP	0.082485
WDFY1	0.026285
WDFY2	0.024692
WDFY4	0.081309
WDHD1	0.104312
WDPCP	0.026078
WDR11	0.126714
WDR12	0.226332
WDR13	0.035041
WDR17	0.110730
WDR18	0.058968
WDR19	0.062381
WDR20	0.027238
WDR24	0.056592
WDR25	0.060746
WDR26	0.097097
WDR27	0.028982
WDR31	0.024510
WDR33	0.029298
WDR35	0.093876
WDR36	0.147824
WDR37	0.091082
WDR4	0.025097
WDR41	0.041754
WDR44	0.035011
WDR45	0.171853
WDR45B	0.053121
WDR46	0.045589
WDR47	0.035345
WDR48	0.088140
WDR49	0.026807
WDR5	0.117456
WDR53	0.028994
WDR54	0.026025
WDR55	0.027968
WDR59	0.108138
WDR5B	0.076476
WDR6	0.028486
WDR62	0.027222
WDR64	0.027817
WDR7	0.095187
WDR70	0.029254
WDR72	0.026126
WDR73	0.040005
WDR74	0.026801
WDR75	0.037855
WDR76	0.058558
WDR77	0.063427
WDR81	0.028288
WDR82	0.031054
WDR83	0.068758
WDR83OS	0.031065
WDR86	0.027203
WDR88	0.024132
WDR89	0.044494
WDR90	0.030042
WDR91	0.031219
WDR93	0.028127
WDSUB1	0.028595
WDTC1	0.097020
WEE1	0.055703
WFDC1	0.059503
WFDC10A	0.027501
WFDC10B	0.031497
WFDC11	0.048803
WFDC12	0.028299
WFDC13	0.028529
WFDC2	0.032167
WFDC3	0.039692
WFDC6	0.031761
WFDC8	0.043275
WFDC9	0.053009
WFIKKN1	0.038609
WFIKKN2	0.039864
WFS1	0.028828
WHAMM	0.032865
WHR1	0.026582
WHRN	0.080974
WIF1	0.035414
WIPF1	0.033039
WIPF2	0.030229
WIPF3	0.035157
WIPI1	0.061208
WIPI2	0.025646
WLS	0.074141
WNK1	0.102874
WNK2	0.069082
WNK3	0.131789
WNK4	0.062839
WNT1	0.056263
WNT10A	0.075587
WNT10B	0.044878
WNT16	0.051138
WNT2	0.045572
WNT2B	0.055893
WNT3	0.056066
WNT3A	0.041530
WNT4	0.051643
WNT5A	0.052744
WNT5B	0.058280
WNT6	0.054343
WNT7A	0.042352
WNT7B	0.062697
WNT8A	0.065202
WNT8B	0.099027
WNT9A	0.045725
WNT9B	0.057418
WRAP53	0.102693
WRAP73	0.085949
WRN	0.129438
WRNIP1	0.028743
WSB1	0.075266
WSB2	0.036517
WSCD1	0.045956
WSCD2	0.038028
WT1	0.112595
WTAP	0.101419
WTIP	0.034952
WWC1	0.036529
WWC2	0.038937
WWC3	0.103591
WWP1	0.082177
WWP2	0.083944
WWTR1	0.089220
XAB2	0.978013
XAF1	0.025721
XAGE1B	0.024757
XAGE2	0.028510
XAGE5	0.026173
XBP1	0.066184
XCL2	0.086900
XCR1	0.072174
XDH	0.028047
XG	0.039725
XIAP	0.086578
XIRP1	0.056078
XIRP2	0.065006
XK	0.083326
XKR3	0.035353
XKR4	0.027916
XKR5	0.047774
XKR6	0.044583
XKR7	0.038686
XKR8	0.034937
XKR9	0.034142
XKRX	0.038705
XPA	0.028459
XPC	0.031655
XPNPEP1	0.024610
XPNPEP2	0.027190
XPNPEP3	0.088210
XPO1	0.973381
XPO4	0.092773
XPO5	0.112823
XPO6	0.103912
XPO7	0.079890
XPOT	0.105678
XPR1	0.034038
XRCC1	0.968231
XRCC2	0.032793
XRCC3	0.200773
XRCC4	0.030182
XRCC5	0.100810
XRCC6	0.117085
XRN1	0.051268
XRN2	0.125226
XXYLT1	0.032908
XYLB	0.029405
XYLT1	0.087367
XYLT2	0.063453
YAE1	0.034308
YAF2	0.089338
YAP1	0.085181
YARS1	0.031193
YARS2	0.028376
YBEY	0.027960
YBX1	0.191177
YBX2	0.135459
YBX3	0.121314
YDJC	0.045474
YEATS2	0.109653
YEATS4	0.036508
YES1	0.067274
YIF1A	0.033468
YIF1B	0.027167
YIPF1	0.059576
YIPF2	0.052627
YIPF3	0.090924
YIPF4	0.029145
YIPF5	0.030708
YIPF6	0.064112
YIPF7	0.025775
YJEFN3	0.026555
YJU2	0.025663
YJU2B	0.023866
YKT6	0.054315
YLPM1	0.030532
YME1L1	0.041014
YOD1	0.025897
YPEL1	0.025390
YPEL2	0.025893
YPEL3	0.030056
YPEL4	0.026990
YPEL5	0.040766
YRDC	0.029077
YTHDC1	0.132247
YTHDC2	0.039292
YTHDF1	0.029800
YTHDF2	0.100903
YTHDF3	0.101358
YWHAB	0.053618
YWHAE	0.100684
YWHAG	0.045151
YWHAH	0.059900
YWHAQ	0.046475
YWHAZ	0.087569
YY1	0.077734
YY1AP1	0.042128
YY2	0.044122
ZACN	0.045435
ZAN	0.069538
ZAP70	0.072036
ZAR1	0.025119
ZBBX	0.028683
ZBED1	0.025651
ZBED2	0.025038
ZBED3	0.025331
ZBED4	0.027335
ZBP1	0.034896
ZBTB1	0.026762
ZBTB10	0.050831
ZBTB11	0.040311
ZBTB12	0.028598
ZBTB14	0.026200
ZBTB16	0.540228
ZBTB17	0.093594
ZBTB18	0.024187
ZBTB2	0.027918
ZBTB20	0.057796
ZBTB21	0.026275
ZBTB22	0.027615
ZBTB24	0.025838
ZBTB25	0.028300
ZBTB26	0.026469
ZBTB3	0.029706
ZBTB32	0.054717
ZBTB33	0.052009
ZBTB37	0.031892
ZBTB38	0.099178
ZBTB39	0.024940
ZBTB4	0.036174
ZBTB40	0.046914
ZBTB41	0.026308
ZBTB42	0.024481
ZBTB43	0.024508
ZBTB44	0.052770
ZBTB45	0.029475
ZBTB46	0.036015
ZBTB47	0.027935
ZBTB48	0.029739
ZBTB49	0.029787
ZBTB5	0.033898
ZBTB6	0.025498
ZBTB7A	0.039136
ZBTB7B	0.031164
ZBTB7C	0.047817
ZBTB8A	0.024512
ZBTB8OS	0.073867
ZBTB9	0.025781
ZC2HC1A	0.025462
ZC2HC1C	0.027053
ZC3H10	0.031064
ZC3H11A	0.083417
ZC3H12A	0.068627
ZC3H12B	0.033565
ZC3H13	0.977569
ZC3H14	0.025855
ZC3H15	0.085449
ZC3H18	0.116084
ZC3H3	0.030413
ZC3H4	0.059307
ZC3H6	0.109237
ZC3H7A	0.033062
ZC3H7B	0.029525
ZC3H8	0.024154
ZC3HAV1	0.028936
ZC3HAV1L	0.024919
ZC3HC1	0.102692
ZC4H2	0.025778
ZCCHC10	0.026623
ZCCHC12	0.025459
ZCCHC13	0.026370
ZCCHC14	0.034004
ZCCHC17	0.026759
ZCCHC2	0.028282
ZCCHC24	0.023836
ZCCHC3	0.033841
ZCCHC7	0.026088
ZCCHC8	0.109162
ZCCHC9	0.046272
ZCRB1	0.103002
ZCWPW1	0.024468
ZCWPW2	0.048962
ZDHHC1	0.031052
ZDHHC11	0.027367
ZDHHC12	0.029919
ZDHHC13	0.033874
ZDHHC14	0.027555
ZDHHC15	0.027599
ZDHHC16	0.031258
ZDHHC17	0.027878
ZDHHC18	0.027219
ZDHHC19	0.039599
ZDHHC2	0.037558
ZDHHC20	0.031970
ZDHHC21	0.028396
ZDHHC22	0.025834
ZDHHC23	0.027582
ZDHHC24	0.030127
ZDHHC3	0.067485
ZDHHC4	0.029181
ZDHHC5	0.026377
ZDHHC6	0.030346
ZDHHC7	0.033134
ZDHHC8	0.026558
ZDHHC9	0.026976
ZEB1	0.070901
ZEB2	0.040229
ZER1	0.122288
ZFAND1	0.035587
ZFAND2A	0.112986
ZFAND2B	0.025414
ZFAND3	0.025134
ZFAND4	0.024785
ZFAND5	0.649124
ZFAND6	0.049378
ZFAT	0.026520
ZFC3H1	0.104395
ZFHX2	0.032774
ZFHX3	0.028408
ZFHX4	0.042978
ZFP1	0.025654
ZFP14	0.026143
ZFP2	0.025105
ZFP28	0.026779
ZFP3	0.054068
ZFP30	0.028457
ZFP36	0.089977
ZFP36L1	0.039244
ZFP36L2	0.036432
ZFP37	0.039498
ZFP41	0.030470
ZFP42	0.024587
ZFP64	0.024409
ZFP69	0.081310
ZFP69B	0.025479
ZFP82	0.025241
ZFP90	0.028006
ZFP91	0.031114
ZFPL1	0.051837
ZFPM1	0.046942
ZFPM2	0.041241
ZFR	0.026879
ZFR2	0.055954
ZFX	0.067019
ZFY	0.029371
ZFYVE1	0.026698
ZFYVE16	0.045750
ZFYVE19	0.077166
ZFYVE21	0.028502
ZFYVE26	0.088017
ZFYVE27	0.030428
ZFYVE28	0.032834
ZFYVE9	0.027096
ZG16	0.028676
ZG16B	0.048027
ZGPAT	0.025698
ZGRF1	0.107936
ZHX1	0.056204
ZHX2	0.039571
ZIC1	0.032798
ZIC2	0.029512
ZIC3	0.034090
ZIC4	0.025099
ZIC5	0.030510
ZIK1	0.026543
ZIM2	0.038632
ZIM3	0.025304
ZKSCAN1	0.029458
ZKSCAN2	0.025890
ZKSCAN3	0.024117
ZKSCAN4	0.025713
ZKSCAN5	0.024943
ZKSCAN7	0.031850
ZKSCAN8	0.025536
ZMAT1	0.025512
ZMAT2	0.126497
ZMAT3	0.024405
ZMAT4	0.025286
ZMAT5	0.024208
ZMIZ1	0.054864
ZMIZ2	0.093127
ZMPSTE24	0.027554
ZMYM1	0.029087
ZMYM2	0.107170
ZMYM3	0.086899
ZMYM4	0.106359
ZMYM5	0.027763
ZMYM6	0.037784
ZMYND10	0.099441
ZMYND11	0.025639
ZMYND12	0.026899
ZMYND15	0.029463
ZMYND19	0.025145
ZMYND8	0.070707
ZNF10	0.026683
ZNF100	0.025664
ZNF101	0.029593
ZNF106	0.046549
ZNF107	0.026427
ZNF112	0.026513
ZNF114	0.029532
ZNF117	0.033110
ZNF12	0.028917
ZNF121	0.041029
ZNF124	0.033151
ZNF131	0.094756
ZNF132	0.025966
ZNF133	0.028514
ZNF134	0.025644
ZNF135	0.027129
ZNF136	0.025605
ZNF138	0.046380
ZNF14	0.029128
ZNF140	0.027562
ZNF141	0.025699
ZNF142	0.024742
ZNF143	0.088975
ZNF146	0.026184
ZNF148	0.099570
ZNF154	0.025698
ZNF155	0.025862
ZNF157	0.025064
ZNF16	0.024862
ZNF160	0.027297
ZNF165	0.025756
ZNF169	0.025403
ZNF17	0.032469
ZNF174	0.026456
ZNF175	0.026379
ZNF177	0.027228
ZNF18	0.023901
ZNF180	0.025275
ZNF181	0.025165
ZNF182	0.025928
ZNF184	0.025754
ZNF185	0.033589
ZNF189	0.025319
ZNF19	0.032487
ZNF195	0.026254
ZNF197	0.025632
ZNF2	0.039322
ZNF20	0.026607
ZNF200	0.028209
ZNF202	0.026411
ZNF205	0.026898
ZNF207	0.037908
ZNF208	0.028249
ZNF211	0.029291
ZNF212	0.028270
ZNF213	0.068286
ZNF214	0.025120
ZNF215	0.027826
ZNF217	0.024541
ZNF219	0.025847
ZNF22	0.028647
ZNF221	0.026741
ZNF222	0.030387
ZNF223	0.025229
ZNF224	0.026979
ZNF225	0.027053
ZNF226	0.025697
ZNF227	0.025368
ZNF229	0.025122
ZNF23	0.026297
ZNF230	0.026241
ZNF232	0.026030
ZNF233	0.027053
ZNF234	0.026832
ZNF235	0.026642
ZNF236	0.092733
ZNF239	0.027345
ZNF24	0.025656
ZNF248	0.026007
ZNF25	0.031371
ZNF250	0.025998
ZNF253	0.027149
ZNF254	0.032199
ZNF256	0.026632
ZNF257	0.032466
ZNF26	0.024438
ZNF260	0.025358
ZNF263	0.026708
ZNF264	0.024655
ZNF266	0.027530
ZNF267	0.025696
ZNF268	0.026338
ZNF273	0.027227
ZNF274	0.036972
ZNF275	0.027167
ZNF276	0.030850
ZNF277	0.025408
ZNF280B	0.024875
ZNF280C	0.041392
ZNF280D	0.101064
ZNF281	0.077840
ZNF284	0.025746
ZNF285	0.026008
ZNF286A	0.026621
ZNF287	0.028307
ZNF296	0.025313
ZNF3	0.025735
ZNF30	0.025949
ZNF300	0.025127
ZNF302	0.027762
ZNF304	0.026542
ZNF311	0.024503
ZNF317	0.025319
ZNF318	0.035532
ZNF319	0.029780
ZNF32	0.024685
ZNF320	0.026158
ZNF322	0.045813
ZNF324	0.025945
ZNF324B	0.025407
ZNF326	0.024720
ZNF329	0.025747
ZNF330	0.029895
ZNF331	0.026025
ZNF333	0.025171
ZNF334	0.028310
ZNF335	0.044599
ZNF337	0.029004
ZNF33A	0.027676
ZNF33B	0.030603
ZNF34	0.025750
ZNF341	0.043835
ZNF343	0.030078
ZNF345	0.031457
ZNF346	0.027249
ZNF347	0.027471
ZNF35	0.032481
ZNF350	0.029010
ZNF354A	0.024578
ZNF354B	0.027273
ZNF354C	0.025135
ZNF358	0.028638
ZNF362	0.042617
ZNF366	0.034066
ZNF367	0.031155
ZNF37A	0.030674
ZNF382	0.026927
ZNF383	0.028933
ZNF384	0.102083
ZNF385A	0.025696
ZNF385B	0.029225
ZNF385C	0.026341
ZNF385D	0.025814
ZNF391	0.041469
ZNF394	0.027157
ZNF395	0.030235
ZNF396	0.025223
ZNF397	0.031461
ZNF398	0.034054
ZNF404	0.034007
ZNF407	0.024409
ZNF408	0.024529
ZNF41	0.026266
ZNF410	0.026370
ZNF414	0.030607
ZNF416	0.026554
ZNF417	0.026076
ZNF418	0.031014
ZNF419	0.024952
ZNF420	0.026243
ZNF423	0.042400
ZNF425	0.027026
ZNF426	0.027056
ZNF428	0.025040
ZNF429	0.027016
ZNF43	0.029672
ZNF430	0.026223
ZNF431	0.027312
ZNF432	0.026912
ZNF433	0.027837
ZNF436	0.024399
ZNF438	0.025051
ZNF439	0.025795
ZNF44	0.029026
ZNF441	0.027055
ZNF442	0.073389
ZNF443	0.027064
ZNF444	0.026998
ZNF445	0.027040
ZNF446	0.029413
ZNF449	0.025331
ZNF45	0.027204
ZNF451	0.144006
ZNF454	0.030837
ZNF460	0.028960
ZNF461	0.026618
ZNF462	0.028596
ZNF467	0.030632
ZNF468	0.026937
ZNF470	0.026004
ZNF471	0.025943
ZNF473	0.024810
ZNF474	0.024473
ZNF48	0.024740
ZNF480	0.031079
ZNF483	0.029349
ZNF484	0.031613
ZNF485	0.027791
ZNF488	0.027939
ZNF490	0.028741
ZNF491	0.035722
ZNF493	0.026986
ZNF496	0.025827
ZNF497	0.023920
ZNF500	0.026073
ZNF501	0.028783
ZNF502	0.025665
ZNF503	0.028105
ZNF507	0.024303
ZNF510	0.026183
ZNF511	0.028005
ZNF512	0.024774
ZNF512B	0.046146
ZNF513	0.027670
ZNF514	0.036908
ZNF517	0.025942
ZNF518A	0.024717
ZNF518B	0.040059
ZNF519	0.026473
ZNF521	0.051111
ZNF524	0.048691
ZNF526	0.026251
ZNF528	0.026296
ZNF529	0.031580
ZNF530	0.027974
ZNF532	0.094733
ZNF536	0.026307
ZNF540	0.025907
ZNF543	0.025495
ZNF544	0.028076
ZNF546	0.027380
ZNF547	0.027491
ZNF548	0.036436
ZNF549	0.026128
ZNF550	0.028032
ZNF551	0.028831
ZNF552	0.025864
ZNF554	0.024586
ZNF555	0.027288
ZNF556	0.025497
ZNF557	0.033384
ZNF558	0.037237
ZNF559	0.028769
ZNF560	0.026386
ZNF561	0.026060
ZNF562	0.025428
ZNF563	0.028144
ZNF564	0.029569
ZNF566	0.032966
ZNF567	0.026580
ZNF568	0.028662
ZNF569	0.036239
ZNF57	0.026927
ZNF570	0.024539
ZNF571	0.027660
ZNF572	0.034162
ZNF573	0.025571
ZNF574	0.029984
ZNF575	0.024805
ZNF576	0.036482
ZNF577	0.026723
ZNF579	0.028754
ZNF580	0.027249
ZNF581	0.026707
ZNF582	0.025816
ZNF583	0.027868
ZNF584	0.033486
ZNF585A	0.026177
ZNF585B	0.027325
ZNF586	0.026875
ZNF587	0.027164
ZNF589	0.024057
ZNF592	0.034229
ZNF593	0.027187
ZNF595	0.028664
ZNF596	0.027489
ZNF597	0.027851
ZNF598	0.043328
ZNF599	0.026689
ZNF600	0.027653
ZNF606	0.025102
ZNF607	0.026990
ZNF608	0.077210
ZNF609	0.070944
ZNF610	0.033439
ZNF611	0.025528
ZNF613	0.026845
ZNF614	0.025177
ZNF615	0.051555
ZNF616	0.026646
ZNF618	0.033239
ZNF619	0.160008
ZNF620	0.024925
ZNF621	0.026816
ZNF622	0.043157
ZNF623	0.025760
ZNF624	0.026536
ZNF626	0.027244
ZNF627	0.024958
ZNF628	0.026001
ZNF629	0.026809
ZNF630	0.024486
ZNF638	0.051897
ZNF639	0.041122
ZNF641	0.025292
ZNF644	0.025400
ZNF646	0.032217
ZNF648	0.023804
ZNF649	0.026833
ZNF652	0.031681
ZNF653	0.026539
ZNF654	0.027743
ZNF658	0.027329
ZNF660	0.026822
ZNF662	0.027109
ZNF664	0.058569
ZNF665	0.033712
ZNF667	0.027399
ZNF668	0.063934
ZNF669	0.025521
ZNF670	0.044723
ZNF671	0.028274
ZNF672	0.024587
ZNF674	0.025108
ZNF675	0.028709
ZNF676	0.030606
ZNF677	0.030822
ZNF678	0.775766
ZNF681	0.029904
ZNF682	0.038091
ZNF683	0.024605
ZNF684	0.030125
ZNF687	0.041059
ZNF688	0.027826
ZNF689	0.032417
ZNF69	0.032258
ZNF691	0.026001
ZNF692	0.024732
ZNF695	0.025530
ZNF696	0.024613
ZNF697	0.038460
ZNF699	0.028111
ZNF7	0.025610
ZNF70	0.033409
ZNF701	0.026566
ZNF703	0.037318
ZNF704	0.030716
ZNF705A	0.040454
ZNF706	0.028473
ZNF707	0.026128
ZNF708	0.026757
ZNF709	0.026685
ZNF71	0.028138
ZNF710	0.028481
ZNF711	0.024935
ZNF713	0.027078
ZNF714	0.029772
ZNF717	0.025916
ZNF718	0.027016
ZNF74	0.024825
ZNF740	0.034905
ZNF746	0.028744
ZNF747	0.025378
ZNF749	0.026647
ZNF750	0.026232
ZNF75A	0.026551
ZNF75D	0.024299
ZNF76	0.024515
ZNF761	0.032072
ZNF763	0.046148
ZNF764	0.025847
ZNF765	0.027472
ZNF766	0.033616
ZNF768	0.032519
ZNF77	0.214371
ZNF770	0.029097
ZNF771	0.025391
ZNF772	0.025996
ZNF773	0.028101
ZNF774	0.026767
ZNF775	0.026565
ZNF776	0.026093
ZNF777	0.028352
ZNF780A	0.026412
ZNF780B	0.026140
ZNF782	0.027856
ZNF784	0.025181
ZNF785	0.026426
ZNF786	0.028315
ZNF787	0.027267
ZNF79	0.029890
ZNF790	0.027353
ZNF791	0.028267
ZNF792	0.025762
ZNF793	0.025596
ZNF8	0.024540
ZNF80	0.044571
ZNF800	0.027224
ZNF804A	0.024408
ZNF804B	0.024943
ZNF81	0.025117
ZNF813	0.026022
ZNF816	0.028421
ZNF821	0.027564
ZNF823	0.035813
ZNF827	0.043603
ZNF829	0.028519
ZNF83	0.029319
ZNF830	0.024188
ZNF831	0.033066
ZNF835	0.024959
ZNF839	0.027192
ZNF84	0.031013
ZNF844	0.029751
ZNF846	0.026901
ZNF85	0.025852
ZNF875	0.026179
ZNF878	0.027169
ZNF90	0.027090
ZNF91	0.034508
ZNF92	0.038802
ZNF93	0.027426
ZNF99	0.038435
ZNFX1	0.765414
ZNG1A	0.032953
ZNG1C	0.032338
ZNG1E	0.036158
ZNG1F	0.036383
ZNHIT1	0.062546
ZNHIT2	0.027726
ZNHIT3	0.114581
ZNHIT6	0.026635
ZNRD2	0.100521
ZNRF1	0.034223
ZNRF2	0.034748
ZNRF3	0.042006
ZNRF4	0.026088
ZP1	0.069246
ZP2	0.051749
ZP3	0.038898
ZP4	0.035250
ZPBP	0.034734
ZPBP2	0.031696
ZPLD1	0.036485
ZPR1	0.078948
ZRANB1	0.046240
ZRANB2	0.026938
ZRANB3	0.063738
ZRSR2	0.025153
ZSCAN1	0.042383
ZSCAN10	0.038402
ZSCAN16	0.027023
ZSCAN18	0.027414
ZSCAN20	0.026120
ZSCAN21	0.030044
ZSCAN22	0.027581
ZSCAN23	0.025298
ZSCAN26	0.026466
ZSCAN29	0.025695
ZSCAN31	0.028033
ZSCAN32	0.026843
ZSCAN4	0.025092
ZSCAN5A	0.026726
ZSCAN5B	0.024880
ZSCAN9	0.028051
ZSWIM1	0.026839
ZSWIM2	0.024205
ZSWIM3	0.026018
ZSWIM4	0.098924
ZSWIM7	0.029062
ZSWIM8	0.097112
ZUP1	0.026579
ZW10	0.102048
ZWILCH	0.122754
ZWINT	0.092921
ZXDA	0.025290
ZXDB	0.026197
ZXDC	0.025318
ZYG11B	0.038416
ZYX	0.092733
ZZEF1	0.123586
ZZZ3	0.056081
